2026-06-12T08:40:59.995+09:00  INFO 29676 --- [main] c.p.ficc.FiccWashModelApplication        : Starting FiccWashModelApplication using Java 21.0.10 with PID 29676 (C:\Users\GRAVITY\eclipse-workspace\FICC_Wash_Model\target\classes started by GRAVITY in C:\Users\GRAVITY\eclipse-workspace\FICC_Wash_Model)
2026-06-12T08:41:00.004+09:00  INFO 29676 --- [main] c.p.ficc.FiccWashModelApplication        : No active profile set, falling back to 1 default profile: "default"
2026-06-12T08:41:01.088+09:00  INFO 29676 --- [main] o.s.b.w.embedded.tomcat.TomcatWebServer  : Tomcat initialized with port 8080 (http)
2026-06-12T08:41:01.115+09:00  INFO 29676 --- [main] o.apache.catalina.core.StandardService   : Starting service [Tomcat]
2026-06-12T08:41:01.115+09:00  INFO 29676 --- [main] o.apache.catalina.core.StandardEngine    : Starting Servlet engine: [Apache Tomcat/10.1.31]
2026-06-12T08:41:01.167+09:00  INFO 29676 --- [main] o.a.c.c.C.[Tomcat].[localhost].[/]       : Initializing Spring embedded WebApplicationContext
2026-06-12T08:41:01.167+09:00  INFO 29676 --- [main] w.s.c.ServletWebServerApplicationContext : Root WebApplicationContext: initialization completed in 1094 ms
2026-06-12T08:41:01.544+09:00  INFO 29676 --- [main] o.s.b.w.embedded.tomcat.TomcatWebServer  : Tomcat started on port 8080 (http) with context path '/'
2026-06-12T08:41:01.549+09:00  INFO 29676 --- [main] c.p.ficc.FiccWashModelApplication        : Started FiccWashModelApplication in 1.948 seconds (process running for 2.656)
2026-06-12T08:41:01.551+09:00  INFO 29676 --- [main] c.p.ficc.app.FiccRunRequestWorker        : Starting surveillance run request worker.
2026-06-12T08:41:02.009+09:00  INFO 29676 --- [main] c.p.ficc.app.FiccRunRequestWorker        : No pending or failed surveillance run request found.
2026-06-12T09:13:28.908+09:00  INFO 29676 --- [RMI TCP Connection(37)-127.0.0.1] inMXBeanRegistrar$SpringApplicationAdmin : Application shutdown requested.
2026-06-12T09:13:38.357+09:00  INFO 11136 --- [main] c.p.ficc.FiccWashModelApplication        : Starting FiccWashModelApplication using Java 21.0.10 with PID 11136 (C:\Users\GRAVITY\eclipse-workspace\FICC_Wash_Model\target\classes started by GRAVITY in C:\Users\GRAVITY\eclipse-workspace\FICC_Wash_Model)
2026-06-12T09:13:38.359+09:00  INFO 11136 --- [main] c.p.ficc.FiccWashModelApplication        : No active profile set, falling back to 1 default profile: "default"
2026-06-12T09:13:38.971+09:00  INFO 11136 --- [main] o.s.b.w.embedded.tomcat.TomcatWebServer  : Tomcat initialized with port 8080 (http)
2026-06-12T09:13:38.989+09:00  INFO 11136 --- [main] o.apache.catalina.core.StandardService   : Starting service [Tomcat]
2026-06-12T09:13:38.990+09:00  INFO 11136 --- [main] o.apache.catalina.core.StandardEngine    : Starting Servlet engine: [Apache Tomcat/10.1.31]
2026-06-12T09:13:39.040+09:00  INFO 11136 --- [main] o.a.c.c.C.[Tomcat].[localhost].[/]       : Initializing Spring embedded WebApplicationContext
2026-06-12T09:13:39.040+09:00  INFO 11136 --- [main] w.s.c.ServletWebServerApplicationContext : Root WebApplicationContext: initialization completed in 645 ms
2026-06-12T09:13:39.323+09:00  INFO 11136 --- [main] o.s.b.w.embedded.tomcat.TomcatWebServer  : Tomcat started on port 8080 (http) with context path '/'
2026-06-12T09:13:39.329+09:00  INFO 11136 --- [main] c.p.ficc.FiccWashModelApplication        : Started FiccWashModelApplication in 1.286 seconds (process running for 1.83)
2026-06-12T09:13:39.332+09:00  INFO 11136 --- [main] c.p.ficc.app.FiccRunRequestWorker        : Starting surveillance run request worker.
2026-06-12T09:13:39.857+09:00  INFO 11136 --- [main] c.p.ficc.app.FiccRunRequestWorker        : Claimed 10 runnable surveillance request(s).
2026-06-12T09:13:39.859+09:00  INFO 11136 --- [main] c.p.ficc.app.FiccRunRequestWorker        : ------------------------------------------------------------------------------------------
2026-06-12T09:13:39.859+09:00  INFO 11136 --- [main] c.p.ficc.app.FiccRunRequestWorker        : Run request 26 started: appid=2, region=EMEA, businessDate=2026-06-04.
2026-06-12T09:13:39.860+09:00  INFO 11136 --- [main] c.p.f.app.FiccSurveillanceApplication    : ------------------------------------------------------------------------------------------
2026-06-12T09:13:39.860+09:00  INFO 11136 --- [main] c.p.f.app.FiccSurveillanceApplication    : Starting surveillance pipeline: appid=2, region=EMEA, businessDate=2026-06-04.
2026-06-12T09:13:39.860+09:00  INFO 11136 --- [main] c.p.f.app.FiccSurveillanceApplication    : ------------------------------------------------------------------------------------------
2026-06-12T09:13:39.894+09:00  INFO 11136 --- [main] c.p.f.app.FiccSurveillanceApplication    : Resolved surveillance model: appid=2, modelid=1, modelCode=FICC_WASH_TRADE, modelClass=com.portfolio.ficc.surveillance.FiccWashTradeModel, region=EMEA.
2026-06-12T09:13:39.894+09:00  INFO 11136 --- [main] c.p.f.app.FiccSurveillanceApplication    : ------------------------------------------------------------------------------------------
2026-06-12T09:13:39.931+09:00  INFO 11136 --- [main] c.p.f.app.FiccSurveillanceApplication    : Loaded 0 trades: region=EMEA, businessDate=2026-06-04.
2026-06-12T09:13:39.932+09:00  INFO 11136 --- [main] c.p.f.app.FiccSurveillanceApplication    : ------------------------------------------------------------------------------------------
2026-06-12T09:13:39.932+09:00  INFO 11136 --- [main] c.p.f.app.FiccSurveillanceApplication    : Evaluated surveillance model and generated 0 alerts : region=EMEA, businessDate=2026-06-04.
2026-06-12T09:13:39.932+09:00  INFO 11136 --- [main] c.p.f.app.FiccSurveillanceApplication    : ------------------------------------------------------------------------------------------
2026-06-12T09:13:39.932+09:00  INFO 11136 --- [main] c.p.f.app.FiccSurveillanceApplication    : Completed surveillance pipeline: tradesProcessed=0, alertsGenerated=0, alertsDispatched=0, duplicateAlerts=0, appid=2, modelid=1, region=EMEA, businessDate=2026-06-04.
2026-06-12T09:13:39.959+09:00  INFO 11136 --- [main] c.p.ficc.app.FiccRunRequestWorker        : ------------------------------------------------------------------------------------------
2026-06-12T09:13:39.960+09:00  INFO 11136 --- [main] c.p.ficc.app.FiccRunRequestWorker        : Run request 26 completed: tradesProcessed=0, alertsGenerated=0, alertsDispatched=0, duplicateAlerts=0.
2026-06-12T09:13:39.960+09:00  INFO 11136 --- [main] c.p.ficc.app.FiccRunRequestWorker        : ------------------------------------------------------------------------------------------
2026-06-12T09:13:39.961+09:00  INFO 11136 --- [main] c.p.ficc.app.FiccRunRequestWorker        : Run request 27 started: appid=2, region=EMEA, businessDate=2026-06-05.
2026-06-12T09:13:39.961+09:00  INFO 11136 --- [main] c.p.f.app.FiccSurveillanceApplication    : ------------------------------------------------------------------------------------------
2026-06-12T09:13:39.961+09:00  INFO 11136 --- [main] c.p.f.app.FiccSurveillanceApplication    : Starting surveillance pipeline: appid=2, region=EMEA, businessDate=2026-06-05.
2026-06-12T09:13:39.961+09:00  INFO 11136 --- [main] c.p.f.app.FiccSurveillanceApplication    : ------------------------------------------------------------------------------------------
2026-06-12T09:13:39.977+09:00  INFO 11136 --- [main] c.p.f.app.FiccSurveillanceApplication    : Resolved surveillance model: appid=2, modelid=1, modelCode=FICC_WASH_TRADE, modelClass=com.portfolio.ficc.surveillance.FiccWashTradeModel, region=EMEA.
2026-06-12T09:13:39.977+09:00  INFO 11136 --- [main] c.p.f.app.FiccSurveillanceApplication    : ------------------------------------------------------------------------------------------
2026-06-12T09:13:39.995+09:00  INFO 11136 --- [main] c.p.f.app.FiccSurveillanceApplication    : Loaded 0 trades: region=EMEA, businessDate=2026-06-05.
2026-06-12T09:13:39.996+09:00  INFO 11136 --- [main] c.p.f.app.FiccSurveillanceApplication    : ------------------------------------------------------------------------------------------
2026-06-12T09:13:39.996+09:00  INFO 11136 --- [main] c.p.f.app.FiccSurveillanceApplication    : Evaluated surveillance model and generated 0 alerts : region=EMEA, businessDate=2026-06-05.
2026-06-12T09:13:39.996+09:00  INFO 11136 --- [main] c.p.f.app.FiccSurveillanceApplication    : ------------------------------------------------------------------------------------------
2026-06-12T09:13:39.996+09:00  INFO 11136 --- [main] c.p.f.app.FiccSurveillanceApplication    : Completed surveillance pipeline: tradesProcessed=0, alertsGenerated=0, alertsDispatched=0, duplicateAlerts=0, appid=2, modelid=1, region=EMEA, businessDate=2026-06-05.
2026-06-12T09:13:40.015+09:00  INFO 11136 --- [main] c.p.ficc.app.FiccRunRequestWorker        : ------------------------------------------------------------------------------------------
2026-06-12T09:13:40.015+09:00  INFO 11136 --- [main] c.p.ficc.app.FiccRunRequestWorker        : Run request 27 completed: tradesProcessed=0, alertsGenerated=0, alertsDispatched=0, duplicateAlerts=0.
2026-06-12T09:13:40.016+09:00  INFO 11136 --- [main] c.p.ficc.app.FiccRunRequestWorker        : ------------------------------------------------------------------------------------------
2026-06-12T09:13:40.016+09:00  INFO 11136 --- [main] c.p.ficc.app.FiccRunRequestWorker        : Run request 28 started: appid=2, region=EMEA, businessDate=2026-06-06.
2026-06-12T09:13:40.016+09:00  INFO 11136 --- [main] c.p.f.app.FiccSurveillanceApplication    : ------------------------------------------------------------------------------------------
2026-06-12T09:13:40.016+09:00  INFO 11136 --- [main] c.p.f.app.FiccSurveillanceApplication    : Starting surveillance pipeline: appid=2, region=EMEA, businessDate=2026-06-06.
2026-06-12T09:13:40.016+09:00  INFO 11136 --- [main] c.p.f.app.FiccSurveillanceApplication    : ------------------------------------------------------------------------------------------
2026-06-12T09:13:40.030+09:00  INFO 11136 --- [main] c.p.f.app.FiccSurveillanceApplication    : Resolved surveillance model: appid=2, modelid=1, modelCode=FICC_WASH_TRADE, modelClass=com.portfolio.ficc.surveillance.FiccWashTradeModel, region=EMEA.
2026-06-12T09:13:40.030+09:00  INFO 11136 --- [main] c.p.f.app.FiccSurveillanceApplication    : ------------------------------------------------------------------------------------------
2026-06-12T09:13:40.047+09:00  INFO 11136 --- [main] c.p.f.app.FiccSurveillanceApplication    : Loaded 0 trades: region=EMEA, businessDate=2026-06-06.
2026-06-12T09:13:40.047+09:00  INFO 11136 --- [main] c.p.f.app.FiccSurveillanceApplication    : ------------------------------------------------------------------------------------------
2026-06-12T09:13:40.047+09:00  INFO 11136 --- [main] c.p.f.app.FiccSurveillanceApplication    : Evaluated surveillance model and generated 0 alerts : region=EMEA, businessDate=2026-06-06.
2026-06-12T09:13:40.047+09:00  INFO 11136 --- [main] c.p.f.app.FiccSurveillanceApplication    : ------------------------------------------------------------------------------------------
2026-06-12T09:13:40.047+09:00  INFO 11136 --- [main] c.p.f.app.FiccSurveillanceApplication    : Completed surveillance pipeline: tradesProcessed=0, alertsGenerated=0, alertsDispatched=0, duplicateAlerts=0, appid=2, modelid=1, region=EMEA, businessDate=2026-06-06.
2026-06-12T09:13:40.067+09:00  INFO 11136 --- [main] c.p.ficc.app.FiccRunRequestWorker        : ------------------------------------------------------------------------------------------
2026-06-12T09:13:40.067+09:00  INFO 11136 --- [main] c.p.ficc.app.FiccRunRequestWorker        : Run request 28 completed: tradesProcessed=0, alertsGenerated=0, alertsDispatched=0, duplicateAlerts=0.
2026-06-12T09:13:40.067+09:00  INFO 11136 --- [main] c.p.ficc.app.FiccRunRequestWorker        : ------------------------------------------------------------------------------------------
2026-06-12T09:13:40.067+09:00  INFO 11136 --- [main] c.p.ficc.app.FiccRunRequestWorker        : Run request 29 started: appid=2, region=EMEA, businessDate=2026-06-07.
2026-06-12T09:13:40.067+09:00  INFO 11136 --- [main] c.p.f.app.FiccSurveillanceApplication    : ------------------------------------------------------------------------------------------
2026-06-12T09:13:40.068+09:00  INFO 11136 --- [main] c.p.f.app.FiccSurveillanceApplication    : Starting surveillance pipeline: appid=2, region=EMEA, businessDate=2026-06-07.
2026-06-12T09:13:40.068+09:00  INFO 11136 --- [main] c.p.f.app.FiccSurveillanceApplication    : ------------------------------------------------------------------------------------------
2026-06-12T09:13:40.083+09:00  INFO 11136 --- [main] c.p.f.app.FiccSurveillanceApplication    : Resolved surveillance model: appid=2, modelid=1, modelCode=FICC_WASH_TRADE, modelClass=com.portfolio.ficc.surveillance.FiccWashTradeModel, region=EMEA.
2026-06-12T09:13:40.083+09:00  INFO 11136 --- [main] c.p.f.app.FiccSurveillanceApplication    : ------------------------------------------------------------------------------------------
2026-06-12T09:13:40.095+09:00  INFO 11136 --- [main] c.p.f.app.FiccSurveillanceApplication    : Loaded 0 trades: region=EMEA, businessDate=2026-06-07.
2026-06-12T09:13:40.095+09:00  INFO 11136 --- [main] c.p.f.app.FiccSurveillanceApplication    : ------------------------------------------------------------------------------------------
2026-06-12T09:13:40.096+09:00  INFO 11136 --- [main] c.p.f.app.FiccSurveillanceApplication    : Evaluated surveillance model and generated 0 alerts : region=EMEA, businessDate=2026-06-07.
2026-06-12T09:13:40.096+09:00  INFO 11136 --- [main] c.p.f.app.FiccSurveillanceApplication    : ------------------------------------------------------------------------------------------
2026-06-12T09:13:40.096+09:00  INFO 11136 --- [main] c.p.f.app.FiccSurveillanceApplication    : Completed surveillance pipeline: tradesProcessed=0, alertsGenerated=0, alertsDispatched=0, duplicateAlerts=0, appid=2, modelid=1, region=EMEA, businessDate=2026-06-07.
2026-06-12T09:13:40.114+09:00  INFO 11136 --- [main] c.p.ficc.app.FiccRunRequestWorker        : ------------------------------------------------------------------------------------------
2026-06-12T09:13:40.114+09:00  INFO 11136 --- [main] c.p.ficc.app.FiccRunRequestWorker        : Run request 29 completed: tradesProcessed=0, alertsGenerated=0, alertsDispatched=0, duplicateAlerts=0.
2026-06-12T09:13:40.114+09:00  INFO 11136 --- [main] c.p.ficc.app.FiccRunRequestWorker        : ------------------------------------------------------------------------------------------
2026-06-12T09:13:40.114+09:00  INFO 11136 --- [main] c.p.ficc.app.FiccRunRequestWorker        : Run request 30 started: appid=2, region=EMEA, businessDate=2026-06-08.
2026-06-12T09:13:40.115+09:00  INFO 11136 --- [main] c.p.f.app.FiccSurveillanceApplication    : ------------------------------------------------------------------------------------------
2026-06-12T09:13:40.115+09:00  INFO 11136 --- [main] c.p.f.app.FiccSurveillanceApplication    : Starting surveillance pipeline: appid=2, region=EMEA, businessDate=2026-06-08.
2026-06-12T09:13:40.115+09:00  INFO 11136 --- [main] c.p.f.app.FiccSurveillanceApplication    : ------------------------------------------------------------------------------------------
2026-06-12T09:13:40.127+09:00  INFO 11136 --- [main] c.p.f.app.FiccSurveillanceApplication    : Resolved surveillance model: appid=2, modelid=1, modelCode=FICC_WASH_TRADE, modelClass=com.portfolio.ficc.surveillance.FiccWashTradeModel, region=EMEA.
2026-06-12T09:13:40.127+09:00  INFO 11136 --- [main] c.p.f.app.FiccSurveillanceApplication    : ------------------------------------------------------------------------------------------
2026-06-12T09:13:40.138+09:00  INFO 11136 --- [main] c.p.f.app.FiccSurveillanceApplication    : Loaded 0 trades: region=EMEA, businessDate=2026-06-08.
2026-06-12T09:13:40.139+09:00  INFO 11136 --- [main] c.p.f.app.FiccSurveillanceApplication    : ------------------------------------------------------------------------------------------
2026-06-12T09:13:40.139+09:00  INFO 11136 --- [main] c.p.f.app.FiccSurveillanceApplication    : Evaluated surveillance model and generated 0 alerts : region=EMEA, businessDate=2026-06-08.
2026-06-12T09:13:40.139+09:00  INFO 11136 --- [main] c.p.f.app.FiccSurveillanceApplication    : ------------------------------------------------------------------------------------------
2026-06-12T09:13:40.139+09:00  INFO 11136 --- [main] c.p.f.app.FiccSurveillanceApplication    : Completed surveillance pipeline: tradesProcessed=0, alertsGenerated=0, alertsDispatched=0, duplicateAlerts=0, appid=2, modelid=1, region=EMEA, businessDate=2026-06-08.
2026-06-12T09:13:40.157+09:00  INFO 11136 --- [main] c.p.ficc.app.FiccRunRequestWorker        : ------------------------------------------------------------------------------------------
2026-06-12T09:13:40.157+09:00  INFO 11136 --- [main] c.p.ficc.app.FiccRunRequestWorker        : Run request 30 completed: tradesProcessed=0, alertsGenerated=0, alertsDispatched=0, duplicateAlerts=0.
2026-06-12T09:13:40.157+09:00  INFO 11136 --- [main] c.p.ficc.app.FiccRunRequestWorker        : ------------------------------------------------------------------------------------------
2026-06-12T09:13:40.157+09:00  INFO 11136 --- [main] c.p.ficc.app.FiccRunRequestWorker        : Run request 31 started: appid=3, region=APAC, businessDate=2026-06-04.
2026-06-12T09:13:40.157+09:00  INFO 11136 --- [main] c.p.f.app.FiccSurveillanceApplication    : ------------------------------------------------------------------------------------------
2026-06-12T09:13:40.158+09:00  INFO 11136 --- [main] c.p.f.app.FiccSurveillanceApplication    : Starting surveillance pipeline: appid=3, region=APAC, businessDate=2026-06-04.
2026-06-12T09:13:40.158+09:00  INFO 11136 --- [main] c.p.f.app.FiccSurveillanceApplication    : ------------------------------------------------------------------------------------------
2026-06-12T09:13:40.168+09:00  INFO 11136 --- [main] c.p.f.app.FiccSurveillanceApplication    : Resolved surveillance model: appid=3, modelid=1, modelCode=FICC_WASH_TRADE, modelClass=com.portfolio.ficc.surveillance.FiccWashTradeModel, region=APAC.
2026-06-12T09:13:40.169+09:00  INFO 11136 --- [main] c.p.f.app.FiccSurveillanceApplication    : ------------------------------------------------------------------------------------------
2026-06-12T09:13:40.179+09:00  INFO 11136 --- [main] c.p.f.app.FiccSurveillanceApplication    : Loaded 0 trades: region=APAC, businessDate=2026-06-04.
2026-06-12T09:13:40.180+09:00  INFO 11136 --- [main] c.p.f.app.FiccSurveillanceApplication    : ------------------------------------------------------------------------------------------
2026-06-12T09:13:40.180+09:00  INFO 11136 --- [main] c.p.f.app.FiccSurveillanceApplication    : Evaluated surveillance model and generated 0 alerts : region=APAC, businessDate=2026-06-04.
2026-06-12T09:13:40.180+09:00  INFO 11136 --- [main] c.p.f.app.FiccSurveillanceApplication    : ------------------------------------------------------------------------------------------
2026-06-12T09:13:40.180+09:00  INFO 11136 --- [main] c.p.f.app.FiccSurveillanceApplication    : Completed surveillance pipeline: tradesProcessed=0, alertsGenerated=0, alertsDispatched=0, duplicateAlerts=0, appid=3, modelid=1, region=APAC, businessDate=2026-06-04.
2026-06-12T09:13:40.205+09:00  INFO 11136 --- [main] c.p.ficc.app.FiccRunRequestWorker        : ------------------------------------------------------------------------------------------
2026-06-12T09:13:40.205+09:00  INFO 11136 --- [main] c.p.ficc.app.FiccRunRequestWorker        : Run request 31 completed: tradesProcessed=0, alertsGenerated=0, alertsDispatched=0, duplicateAlerts=0.
2026-06-12T09:13:40.206+09:00  INFO 11136 --- [main] c.p.ficc.app.FiccRunRequestWorker        : ------------------------------------------------------------------------------------------
2026-06-12T09:13:40.206+09:00  INFO 11136 --- [main] c.p.ficc.app.FiccRunRequestWorker        : Run request 32 started: appid=3, region=APAC, businessDate=2026-06-05.
2026-06-12T09:13:40.206+09:00  INFO 11136 --- [main] c.p.f.app.FiccSurveillanceApplication    : ------------------------------------------------------------------------------------------
2026-06-12T09:13:40.206+09:00  INFO 11136 --- [main] c.p.f.app.FiccSurveillanceApplication    : Starting surveillance pipeline: appid=3, region=APAC, businessDate=2026-06-05.
2026-06-12T09:13:40.206+09:00  INFO 11136 --- [main] c.p.f.app.FiccSurveillanceApplication    : ------------------------------------------------------------------------------------------
2026-06-12T09:13:40.219+09:00  INFO 11136 --- [main] c.p.f.app.FiccSurveillanceApplication    : Resolved surveillance model: appid=3, modelid=1, modelCode=FICC_WASH_TRADE, modelClass=com.portfolio.ficc.surveillance.FiccWashTradeModel, region=APAC.
2026-06-12T09:13:40.219+09:00  INFO 11136 --- [main] c.p.f.app.FiccSurveillanceApplication    : ------------------------------------------------------------------------------------------
2026-06-12T09:13:40.231+09:00  INFO 11136 --- [main] c.p.f.app.FiccSurveillanceApplication    : Loaded 0 trades: region=APAC, businessDate=2026-06-05.
2026-06-12T09:13:40.231+09:00  INFO 11136 --- [main] c.p.f.app.FiccSurveillanceApplication    : ------------------------------------------------------------------------------------------
2026-06-12T09:13:40.231+09:00  INFO 11136 --- [main] c.p.f.app.FiccSurveillanceApplication    : Evaluated surveillance model and generated 0 alerts : region=APAC, businessDate=2026-06-05.
2026-06-12T09:13:40.231+09:00  INFO 11136 --- [main] c.p.f.app.FiccSurveillanceApplication    : ------------------------------------------------------------------------------------------
2026-06-12T09:13:40.231+09:00  INFO 11136 --- [main] c.p.f.app.FiccSurveillanceApplication    : Completed surveillance pipeline: tradesProcessed=0, alertsGenerated=0, alertsDispatched=0, duplicateAlerts=0, appid=3, modelid=1, region=APAC, businessDate=2026-06-05.
2026-06-12T09:13:40.257+09:00  INFO 11136 --- [main] c.p.ficc.app.FiccRunRequestWorker        : ------------------------------------------------------------------------------------------
2026-06-12T09:13:40.257+09:00  INFO 11136 --- [main] c.p.ficc.app.FiccRunRequestWorker        : Run request 32 completed: tradesProcessed=0, alertsGenerated=0, alertsDispatched=0, duplicateAlerts=0.
2026-06-12T09:13:40.258+09:00  INFO 11136 --- [main] c.p.ficc.app.FiccRunRequestWorker        : ------------------------------------------------------------------------------------------
2026-06-12T09:13:40.258+09:00  INFO 11136 --- [main] c.p.ficc.app.FiccRunRequestWorker        : Run request 33 started: appid=3, region=APAC, businessDate=2026-06-06.
2026-06-12T09:13:40.258+09:00  INFO 11136 --- [main] c.p.f.app.FiccSurveillanceApplication    : ------------------------------------------------------------------------------------------
2026-06-12T09:13:40.258+09:00  INFO 11136 --- [main] c.p.f.app.FiccSurveillanceApplication    : Starting surveillance pipeline: appid=3, region=APAC, businessDate=2026-06-06.
2026-06-12T09:13:40.258+09:00  INFO 11136 --- [main] c.p.f.app.FiccSurveillanceApplication    : ------------------------------------------------------------------------------------------
2026-06-12T09:13:40.270+09:00  INFO 11136 --- [main] c.p.f.app.FiccSurveillanceApplication    : Resolved surveillance model: appid=3, modelid=1, modelCode=FICC_WASH_TRADE, modelClass=com.portfolio.ficc.surveillance.FiccWashTradeModel, region=APAC.
2026-06-12T09:13:40.270+09:00  INFO 11136 --- [main] c.p.f.app.FiccSurveillanceApplication    : ------------------------------------------------------------------------------------------
2026-06-12T09:13:40.282+09:00  INFO 11136 --- [main] c.p.f.app.FiccSurveillanceApplication    : Loaded 1 trades: region=APAC, businessDate=2026-06-06.
2026-06-12T09:13:40.346+09:00  INFO 11136 --- [main] c.p.f.app.FiccSurveillanceApplication    : ------------------------------------------------------------------------------------------
2026-06-12T09:13:40.347+09:00  INFO 11136 --- [main] c.p.f.app.FiccSurveillanceApplication    : Evaluated surveillance model and generated 0 alerts : region=APAC, businessDate=2026-06-06.
2026-06-12T09:13:40.347+09:00  INFO 11136 --- [main] c.p.f.app.FiccSurveillanceApplication    : ------------------------------------------------------------------------------------------
2026-06-12T09:13:40.347+09:00  INFO 11136 --- [main] c.p.f.app.FiccSurveillanceApplication    : Completed surveillance pipeline: tradesProcessed=1, alertsGenerated=0, alertsDispatched=0, duplicateAlerts=0, appid=3, modelid=1, region=APAC, businessDate=2026-06-06.
2026-06-12T09:13:40.363+09:00  INFO 11136 --- [main] c.p.ficc.app.FiccRunRequestWorker        : ------------------------------------------------------------------------------------------
2026-06-12T09:13:40.363+09:00  INFO 11136 --- [main] c.p.ficc.app.FiccRunRequestWorker        : Run request 33 completed: tradesProcessed=1, alertsGenerated=0, alertsDispatched=0, duplicateAlerts=0.
2026-06-12T09:13:40.363+09:00  INFO 11136 --- [main] c.p.ficc.app.FiccRunRequestWorker        : ------------------------------------------------------------------------------------------
2026-06-12T09:13:40.363+09:00  INFO 11136 --- [main] c.p.ficc.app.FiccRunRequestWorker        : Run request 34 started: appid=3, region=APAC, businessDate=2026-06-07.
2026-06-12T09:13:40.363+09:00  INFO 11136 --- [main] c.p.f.app.FiccSurveillanceApplication    : ------------------------------------------------------------------------------------------
2026-06-12T09:13:40.364+09:00  INFO 11136 --- [main] c.p.f.app.FiccSurveillanceApplication    : Starting surveillance pipeline: appid=3, region=APAC, businessDate=2026-06-07.
2026-06-12T09:13:40.364+09:00  INFO 11136 --- [main] c.p.f.app.FiccSurveillanceApplication    : ------------------------------------------------------------------------------------------
2026-06-12T09:13:40.375+09:00  INFO 11136 --- [main] c.p.f.app.FiccSurveillanceApplication    : Resolved surveillance model: appid=3, modelid=1, modelCode=FICC_WASH_TRADE, modelClass=com.portfolio.ficc.surveillance.FiccWashTradeModel, region=APAC.
2026-06-12T09:13:40.375+09:00  INFO 11136 --- [main] c.p.f.app.FiccSurveillanceApplication    : ------------------------------------------------------------------------------------------
2026-06-12T09:13:40.385+09:00  INFO 11136 --- [main] c.p.f.app.FiccSurveillanceApplication    : Loaded 2 trades: region=APAC, businessDate=2026-06-07.
2026-06-12T09:13:40.441+09:00  INFO 11136 --- [main] c.p.f.app.FiccSurveillanceApplication    : ------------------------------------------------------------------------------------------
2026-06-12T09:13:40.441+09:00  INFO 11136 --- [main] c.p.f.app.FiccSurveillanceApplication    : Evaluated surveillance model and generated 0 alerts : region=APAC, businessDate=2026-06-07.
2026-06-12T09:13:40.442+09:00  INFO 11136 --- [main] c.p.f.app.FiccSurveillanceApplication    : ------------------------------------------------------------------------------------------
2026-06-12T09:13:40.442+09:00  INFO 11136 --- [main] c.p.f.app.FiccSurveillanceApplication    : Completed surveillance pipeline: tradesProcessed=2, alertsGenerated=0, alertsDispatched=0, duplicateAlerts=0, appid=3, modelid=1, region=APAC, businessDate=2026-06-07.
2026-06-12T09:13:40.461+09:00  INFO 11136 --- [main] c.p.ficc.app.FiccRunRequestWorker        : ------------------------------------------------------------------------------------------
2026-06-12T09:13:40.462+09:00  INFO 11136 --- [main] c.p.ficc.app.FiccRunRequestWorker        : Run request 34 completed: tradesProcessed=2, alertsGenerated=0, alertsDispatched=0, duplicateAlerts=0.
2026-06-12T09:13:40.462+09:00  INFO 11136 --- [main] c.p.ficc.app.FiccRunRequestWorker        : ------------------------------------------------------------------------------------------
2026-06-12T09:13:40.462+09:00  INFO 11136 --- [main] c.p.ficc.app.FiccRunRequestWorker        : Run request 35 started: appid=3, region=APAC, businessDate=2026-06-08.
2026-06-12T09:13:40.462+09:00  INFO 11136 --- [main] c.p.f.app.FiccSurveillanceApplication    : ------------------------------------------------------------------------------------------
2026-06-12T09:13:40.462+09:00  INFO 11136 --- [main] c.p.f.app.FiccSurveillanceApplication    : Starting surveillance pipeline: appid=3, region=APAC, businessDate=2026-06-08.
2026-06-12T09:13:40.462+09:00  INFO 11136 --- [main] c.p.f.app.FiccSurveillanceApplication    : ------------------------------------------------------------------------------------------
2026-06-12T09:13:40.472+09:00  INFO 11136 --- [main] c.p.f.app.FiccSurveillanceApplication    : Resolved surveillance model: appid=3, modelid=1, modelCode=FICC_WASH_TRADE, modelClass=com.portfolio.ficc.surveillance.FiccWashTradeModel, region=APAC.
2026-06-12T09:13:40.472+09:00  INFO 11136 --- [main] c.p.f.app.FiccSurveillanceApplication    : ------------------------------------------------------------------------------------------
2026-06-12T09:13:40.486+09:00  INFO 11136 --- [main] c.p.f.app.FiccSurveillanceApplication    : Loaded 8 trades: region=APAC, businessDate=2026-06-08.
2026-06-12T09:13:40.537+09:00  INFO 11136 --- [main] c.p.f.app.FiccSurveillanceApplication    : ------------------------------------------------------------------------------------------
2026-06-12T09:13:40.538+09:00  INFO 11136 --- [main] c.p.f.app.FiccSurveillanceApplication    : Evaluated surveillance model and generated 2 alerts : region=APAC, businessDate=2026-06-08.
2026-06-12T09:13:40.575+09:00  INFO 11136 --- [main] c.p.ficc.io.AlertHistoryRepository       : Saved alert history: alertHistoryId=11, alertId=ficc_wash_alert_1, matchType=ONE_TIME_TRANSACTION, relatedTrades=2, appid=3, modelid=1, region=APAC, businessDate=2026-06-08.
2026-06-12T09:13:40.598+09:00  INFO 11136 --- [main] c.p.ficc.io.AlertHistoryRepository       : Saved alert history: alertHistoryId=12, alertId=ficc_wash_alert_2, matchType=CUMULATIVE_TRANSACTION, relatedTrades=4, appid=3, modelid=1, region=APAC, businessDate=2026-06-08.
2026-06-12T09:13:40.599+09:00  INFO 11136 --- [main] c.p.f.app.FiccSurveillanceApplication    : ------------------------------------------------------------------------------------------
2026-06-12T09:13:40.599+09:00  INFO 11136 --- [main] c.p.f.app.FiccSurveillanceApplication    : Completed surveillance pipeline: tradesProcessed=8, alertsGenerated=2, alertsDispatched=2, duplicateAlerts=0, appid=3, modelid=1, region=APAC, businessDate=2026-06-08.
2026-06-12T09:13:40.618+09:00  INFO 11136 --- [main] c.p.ficc.app.FiccRunRequestWorker        : ------------------------------------------------------------------------------------------
2026-06-12T09:13:40.619+09:00  INFO 11136 --- [main] c.p.ficc.app.FiccRunRequestWorker        : Run request 35 completed: tradesProcessed=8, alertsGenerated=2, alertsDispatched=2, duplicateAlerts=0.
2026-06-12T09:13:40.619+09:00  INFO 11136 --- [main] c.p.ficc.app.FiccRunRequestWorker        : ------------------------------------------------------------------------------------------
2026-06-12T09:13:40.619+09:00  INFO 11136 --- [main] c.p.ficc.app.FiccRunRequestWorker        : Finished processing claimed surveillance requests.
2026-06-12T09:25:24.604+09:00  INFO 37752 --- [main] c.p.ficc.FiccWashModelApplication        : Starting FiccWashModelApplication using Java 21.0.10 with PID 37752 (C:\Users\GRAVITY\eclipse-workspace\FICC_Wash_Model\target\classes started by GRAVITY in C:\Users\GRAVITY\eclipse-workspace\FICC_Wash_Model)
2026-06-12T09:25:24.606+09:00  INFO 37752 --- [main] c.p.ficc.FiccWashModelApplication        : No active profile set, falling back to 1 default profile: "default"
2026-06-12T09:25:25.316+09:00  INFO 37752 --- [main] o.s.b.w.embedded.tomcat.TomcatWebServer  : Tomcat initialized with port 8080 (http)
2026-06-12T09:25:25.329+09:00  INFO 37752 --- [main] o.apache.catalina.core.StandardService   : Starting service [Tomcat]
2026-06-12T09:25:25.329+09:00  INFO 37752 --- [main] o.apache.catalina.core.StandardEngine    : Starting Servlet engine: [Apache Tomcat/10.1.31]
2026-06-12T09:25:25.374+09:00  INFO 37752 --- [main] o.a.c.c.C.[Tomcat].[localhost].[/]       : Initializing Spring embedded WebApplicationContext
2026-06-12T09:25:25.375+09:00  INFO 37752 --- [main] w.s.c.ServletWebServerApplicationContext : Root WebApplicationContext: initialization completed in 724 ms
2026-06-12T09:25:25.652+09:00  WARN 37752 --- [main] ConfigServletWebServerApplicationContext : Exception encountered during context initialization - cancelling refresh attempt: org.springframework.context.ApplicationContextException: Failed to start bean 'webServerStartStop'
2026-06-12T09:25:25.666+09:00  INFO 37752 --- [main] .s.b.a.l.ConditionEvaluationReportLogger : 

Error starting ApplicationContext. To display the condition evaluation report re-run your application with 'debug' enabled.
2026-06-12T09:25:25.689+09:00 ERROR 37752 --- [main] o.s.b.d.LoggingFailureAnalysisReporter   : 

***************************
APPLICATION FAILED TO START
***************************

Description:

Web server failed to start. Port 8080 was already in use.

Action:

Identify and stop the process that's listening on port 8080 or configure this application to listen on another port.

2026-06-12T09:25:25.960+09:00  INFO 11136 --- [RMI TCP Connection(16)-127.0.0.1] inMXBeanRegistrar$SpringApplicationAdmin : Application shutdown requested.
2026-06-12T09:25:30.626+09:00  INFO 6540 --- [main] c.p.ficc.FiccWashModelApplication        : Starting FiccWashModelApplication using Java 21.0.10 with PID 6540 (C:\Users\GRAVITY\eclipse-workspace\FICC_Wash_Model\target\classes started by GRAVITY in C:\Users\GRAVITY\eclipse-workspace\FICC_Wash_Model)
2026-06-12T09:25:30.628+09:00  INFO 6540 --- [main] c.p.ficc.FiccWashModelApplication        : No active profile set, falling back to 1 default profile: "default"
2026-06-12T09:25:31.285+09:00  INFO 6540 --- [main] o.s.b.w.embedded.tomcat.TomcatWebServer  : Tomcat initialized with port 8080 (http)
2026-06-12T09:25:31.296+09:00  INFO 6540 --- [main] o.apache.catalina.core.StandardService   : Starting service [Tomcat]
2026-06-12T09:25:31.296+09:00  INFO 6540 --- [main] o.apache.catalina.core.StandardEngine    : Starting Servlet engine: [Apache Tomcat/10.1.31]
2026-06-12T09:25:31.342+09:00  INFO 6540 --- [main] o.a.c.c.C.[Tomcat].[localhost].[/]       : Initializing Spring embedded WebApplicationContext
2026-06-12T09:25:31.342+09:00  INFO 6540 --- [main] w.s.c.ServletWebServerApplicationContext : Root WebApplicationContext: initialization completed in 674 ms
2026-06-12T09:25:31.628+09:00  INFO 6540 --- [main] o.s.b.w.embedded.tomcat.TomcatWebServer  : Tomcat started on port 8080 (http) with context path '/'
2026-06-12T09:25:31.634+09:00  INFO 6540 --- [main] c.p.ficc.FiccWashModelApplication        : Started FiccWashModelApplication in 1.355 seconds (process running for 1.805)
2026-06-12T09:25:31.636+09:00  INFO 6540 --- [main] c.p.ficc.app.FiccRunRequestWorker        : Starting surveillance run request worker.
2026-06-12T09:25:32.373+09:00  INFO 6540 --- [main] c.p.ficc.app.FiccRunRequestWorker        : Claimed 15 runnable surveillance request(s).
2026-06-12T09:25:32.375+09:00  INFO 6540 --- [main] c.p.ficc.app.FiccRunRequestWorker        : ------------------------------------------------------------------------------------------
2026-06-12T09:25:32.375+09:00  INFO 6540 --- [main] c.p.ficc.app.FiccRunRequestWorker        : Run request 1 started: appid=1, region=NAMR, businessDate=2026-06-04.
2026-06-12T09:25:32.375+09:00  INFO 6540 --- [main] c.p.f.app.FiccSurveillanceApplication    : ------------------------------------------------------------------------------------------
2026-06-12T09:25:32.375+09:00  INFO 6540 --- [main] c.p.f.app.FiccSurveillanceApplication    : Starting surveillance pipeline: appid=1, region=NAMR, businessDate=2026-06-04.
2026-06-12T09:25:32.375+09:00  INFO 6540 --- [main] c.p.f.app.FiccSurveillanceApplication    : ------------------------------------------------------------------------------------------
2026-06-12T09:25:32.392+09:00  INFO 6540 --- [main] c.p.f.app.FiccSurveillanceApplication    : Resolved surveillance model: appid=1, modelid=1, modelCode=FICC_WASH_TRADE, modelClass=com.portfolio.ficc.surveillance.FiccWashTradeModel, region=NAMR.
2026-06-12T09:25:32.392+09:00  INFO 6540 --- [main] c.p.f.app.FiccSurveillanceApplication    : ------------------------------------------------------------------------------------------
2026-06-12T09:25:32.413+09:00  INFO 6540 --- [main] c.p.f.app.FiccSurveillanceApplication    : Loaded 9 trades: region=NAMR, businessDate=2026-06-04.
2026-06-12T09:25:32.495+09:00  INFO 6540 --- [main] c.p.f.app.FiccSurveillanceApplication    : ------------------------------------------------------------------------------------------
2026-06-12T09:25:32.495+09:00  INFO 6540 --- [main] c.p.f.app.FiccSurveillanceApplication    : Evaluated surveillance model and generated 2 alerts : region=NAMR, businessDate=2026-06-04.
2026-06-12T09:25:32.529+09:00  INFO 6540 --- [main] c.p.ficc.io.AlertHistoryRepository       : Saved alert history: alertHistoryId=1, alertId=ficc_wash_alert_1, matchType=ONE_TIME_TRANSACTION, relatedTrades=2, appid=1, modelid=1, region=NAMR, businessDate=2026-06-04.
2026-06-12T09:25:32.554+09:00  INFO 6540 --- [main] c.p.ficc.io.AlertHistoryRepository       : Saved alert history: alertHistoryId=2, alertId=ficc_wash_alert_2, matchType=CUMULATIVE_TRANSACTION, relatedTrades=4, appid=1, modelid=1, region=NAMR, businessDate=2026-06-04.
2026-06-12T09:25:32.555+09:00  INFO 6540 --- [main] c.p.f.app.FiccSurveillanceApplication    : ------------------------------------------------------------------------------------------
2026-06-12T09:25:32.555+09:00  INFO 6540 --- [main] c.p.f.app.FiccSurveillanceApplication    : Completed surveillance pipeline: tradesProcessed=9, alertsGenerated=2, alertsDispatched=2, duplicateAlerts=0, appid=1, modelid=1, region=NAMR, businessDate=2026-06-04.
2026-06-12T09:25:32.573+09:00  INFO 6540 --- [main] c.p.ficc.app.FiccRunRequestWorker        : ------------------------------------------------------------------------------------------
2026-06-12T09:25:32.573+09:00  INFO 6540 --- [main] c.p.ficc.app.FiccRunRequestWorker        : Run request 1 completed: tradesProcessed=9, alertsGenerated=2, alertsDispatched=2, duplicateAlerts=0.
2026-06-12T09:25:32.573+09:00  INFO 6540 --- [main] c.p.ficc.app.FiccRunRequestWorker        : ------------------------------------------------------------------------------------------
2026-06-12T09:25:32.573+09:00  INFO 6540 --- [main] c.p.ficc.app.FiccRunRequestWorker        : Run request 2 started: appid=1, region=NAMR, businessDate=2026-06-05.
2026-06-12T09:25:32.573+09:00  INFO 6540 --- [main] c.p.f.app.FiccSurveillanceApplication    : ------------------------------------------------------------------------------------------
2026-06-12T09:25:32.573+09:00  INFO 6540 --- [main] c.p.f.app.FiccSurveillanceApplication    : Starting surveillance pipeline: appid=1, region=NAMR, businessDate=2026-06-05.
2026-06-12T09:25:32.573+09:00  INFO 6540 --- [main] c.p.f.app.FiccSurveillanceApplication    : ------------------------------------------------------------------------------------------
2026-06-12T09:25:32.586+09:00  INFO 6540 --- [main] c.p.f.app.FiccSurveillanceApplication    : Resolved surveillance model: appid=1, modelid=1, modelCode=FICC_WASH_TRADE, modelClass=com.portfolio.ficc.surveillance.FiccWashTradeModel, region=NAMR.
2026-06-12T09:25:32.587+09:00  INFO 6540 --- [main] c.p.f.app.FiccSurveillanceApplication    : ------------------------------------------------------------------------------------------
2026-06-12T09:25:32.603+09:00  INFO 6540 --- [main] c.p.f.app.FiccSurveillanceApplication    : Loaded 18 trades: region=NAMR, businessDate=2026-06-05.
2026-06-12T09:25:32.669+09:00  INFO 6540 --- [main] c.p.f.app.FiccSurveillanceApplication    : ------------------------------------------------------------------------------------------
2026-06-12T09:25:32.669+09:00  INFO 6540 --- [main] c.p.f.app.FiccSurveillanceApplication    : Evaluated surveillance model and generated 2 alerts : region=NAMR, businessDate=2026-06-05.
2026-06-12T09:25:32.688+09:00  INFO 6540 --- [main] c.p.ficc.io.AlertHistoryRepository       : Saved alert history: alertHistoryId=3, alertId=ficc_wash_alert_3, matchType=ONE_TIME_TRANSACTION, relatedTrades=2, appid=1, modelid=1, region=NAMR, businessDate=2026-06-05.
2026-06-12T09:25:32.716+09:00  INFO 6540 --- [main] c.p.ficc.io.AlertHistoryRepository       : Saved alert history: alertHistoryId=4, alertId=ficc_wash_alert_4, matchType=CUMULATIVE_TRANSACTION, relatedTrades=4, appid=1, modelid=1, region=NAMR, businessDate=2026-06-05.
2026-06-12T09:25:32.717+09:00  INFO 6540 --- [main] c.p.f.app.FiccSurveillanceApplication    : ------------------------------------------------------------------------------------------
2026-06-12T09:25:32.717+09:00  INFO 6540 --- [main] c.p.f.app.FiccSurveillanceApplication    : Completed surveillance pipeline: tradesProcessed=18, alertsGenerated=2, alertsDispatched=2, duplicateAlerts=0, appid=1, modelid=1, region=NAMR, businessDate=2026-06-05.
2026-06-12T09:25:32.737+09:00  INFO 6540 --- [main] c.p.ficc.app.FiccRunRequestWorker        : ------------------------------------------------------------------------------------------
2026-06-12T09:25:32.738+09:00  INFO 6540 --- [main] c.p.ficc.app.FiccRunRequestWorker        : Run request 2 completed: tradesProcessed=18, alertsGenerated=2, alertsDispatched=2, duplicateAlerts=0.
2026-06-12T09:25:32.738+09:00  INFO 6540 --- [main] c.p.ficc.app.FiccRunRequestWorker        : ------------------------------------------------------------------------------------------
2026-06-12T09:25:32.738+09:00  INFO 6540 --- [main] c.p.ficc.app.FiccRunRequestWorker        : Run request 3 started: appid=1, region=NAMR, businessDate=2026-06-06.
2026-06-12T09:25:32.739+09:00  INFO 6540 --- [main] c.p.f.app.FiccSurveillanceApplication    : ------------------------------------------------------------------------------------------
2026-06-12T09:25:32.739+09:00  INFO 6540 --- [main] c.p.f.app.FiccSurveillanceApplication    : Starting surveillance pipeline: appid=1, region=NAMR, businessDate=2026-06-06.
2026-06-12T09:25:32.739+09:00  INFO 6540 --- [main] c.p.f.app.FiccSurveillanceApplication    : ------------------------------------------------------------------------------------------
2026-06-12T09:25:32.754+09:00  INFO 6540 --- [main] c.p.f.app.FiccSurveillanceApplication    : Resolved surveillance model: appid=1, modelid=1, modelCode=FICC_WASH_TRADE, modelClass=com.portfolio.ficc.surveillance.FiccWashTradeModel, region=NAMR.
2026-06-12T09:25:32.754+09:00  INFO 6540 --- [main] c.p.f.app.FiccSurveillanceApplication    : ------------------------------------------------------------------------------------------
2026-06-12T09:25:32.771+09:00  INFO 6540 --- [main] c.p.f.app.FiccSurveillanceApplication    : Loaded 27 trades: region=NAMR, businessDate=2026-06-06.
2026-06-12T09:25:32.841+09:00  INFO 6540 --- [main] c.p.f.app.FiccSurveillanceApplication    : ------------------------------------------------------------------------------------------
2026-06-12T09:25:32.841+09:00  INFO 6540 --- [main] c.p.f.app.FiccSurveillanceApplication    : Evaluated surveillance model and generated 2 alerts : region=NAMR, businessDate=2026-06-06.
2026-06-12T09:25:32.862+09:00  INFO 6540 --- [main] c.p.ficc.io.AlertHistoryRepository       : Saved alert history: alertHistoryId=5, alertId=ficc_wash_alert_5, matchType=ONE_TIME_TRANSACTION, relatedTrades=2, appid=1, modelid=1, region=NAMR, businessDate=2026-06-06.
2026-06-12T09:25:32.883+09:00  INFO 6540 --- [main] c.p.ficc.io.AlertHistoryRepository       : Saved alert history: alertHistoryId=6, alertId=ficc_wash_alert_6, matchType=CUMULATIVE_TRANSACTION, relatedTrades=4, appid=1, modelid=1, region=NAMR, businessDate=2026-06-06.
2026-06-12T09:25:32.884+09:00  INFO 6540 --- [main] c.p.f.app.FiccSurveillanceApplication    : ------------------------------------------------------------------------------------------
2026-06-12T09:25:32.884+09:00  INFO 6540 --- [main] c.p.f.app.FiccSurveillanceApplication    : Completed surveillance pipeline: tradesProcessed=27, alertsGenerated=2, alertsDispatched=2, duplicateAlerts=0, appid=1, modelid=1, region=NAMR, businessDate=2026-06-06.
2026-06-12T09:25:32.902+09:00  INFO 6540 --- [main] c.p.ficc.app.FiccRunRequestWorker        : ------------------------------------------------------------------------------------------
2026-06-12T09:25:32.903+09:00  INFO 6540 --- [main] c.p.ficc.app.FiccRunRequestWorker        : Run request 3 completed: tradesProcessed=27, alertsGenerated=2, alertsDispatched=2, duplicateAlerts=0.
2026-06-12T09:25:32.903+09:00  INFO 6540 --- [main] c.p.ficc.app.FiccRunRequestWorker        : ------------------------------------------------------------------------------------------
2026-06-12T09:25:32.903+09:00  INFO 6540 --- [main] c.p.ficc.app.FiccRunRequestWorker        : Run request 4 started: appid=1, region=NAMR, businessDate=2026-06-07.
2026-06-12T09:25:32.903+09:00  INFO 6540 --- [main] c.p.f.app.FiccSurveillanceApplication    : ------------------------------------------------------------------------------------------
2026-06-12T09:25:32.903+09:00  INFO 6540 --- [main] c.p.f.app.FiccSurveillanceApplication    : Starting surveillance pipeline: appid=1, region=NAMR, businessDate=2026-06-07.
2026-06-12T09:25:32.903+09:00  INFO 6540 --- [main] c.p.f.app.FiccSurveillanceApplication    : ------------------------------------------------------------------------------------------
2026-06-12T09:25:32.914+09:00  INFO 6540 --- [main] c.p.f.app.FiccSurveillanceApplication    : Resolved surveillance model: appid=1, modelid=1, modelCode=FICC_WASH_TRADE, modelClass=com.portfolio.ficc.surveillance.FiccWashTradeModel, region=NAMR.
2026-06-12T09:25:32.914+09:00  INFO 6540 --- [main] c.p.f.app.FiccSurveillanceApplication    : ------------------------------------------------------------------------------------------
2026-06-12T09:25:32.930+09:00  INFO 6540 --- [main] c.p.f.app.FiccSurveillanceApplication    : Loaded 34 trades: region=NAMR, businessDate=2026-06-07.
2026-06-12T09:25:32.993+09:00  INFO 6540 --- [main] c.p.f.app.FiccSurveillanceApplication    : ------------------------------------------------------------------------------------------
2026-06-12T09:25:32.993+09:00  INFO 6540 --- [main] c.p.f.app.FiccSurveillanceApplication    : Evaluated surveillance model and generated 2 alerts : region=NAMR, businessDate=2026-06-07.
2026-06-12T09:25:33.023+09:00  INFO 6540 --- [main] c.p.ficc.io.AlertHistoryRepository       : Saved alert history: alertHistoryId=7, alertId=ficc_wash_alert_7, matchType=ONE_TIME_TRANSACTION, relatedTrades=2, appid=1, modelid=1, region=NAMR, businessDate=2026-06-07.
2026-06-12T09:25:33.049+09:00  INFO 6540 --- [main] c.p.ficc.io.AlertHistoryRepository       : Saved alert history: alertHistoryId=8, alertId=ficc_wash_alert_8, matchType=CUMULATIVE_TRANSACTION, relatedTrades=4, appid=1, modelid=1, region=NAMR, businessDate=2026-06-07.
2026-06-12T09:25:33.050+09:00  INFO 6540 --- [main] c.p.f.app.FiccSurveillanceApplication    : ------------------------------------------------------------------------------------------
2026-06-12T09:25:33.050+09:00  INFO 6540 --- [main] c.p.f.app.FiccSurveillanceApplication    : Completed surveillance pipeline: tradesProcessed=34, alertsGenerated=2, alertsDispatched=2, duplicateAlerts=0, appid=1, modelid=1, region=NAMR, businessDate=2026-06-07.
2026-06-12T09:25:33.067+09:00  INFO 6540 --- [main] c.p.ficc.app.FiccRunRequestWorker        : ------------------------------------------------------------------------------------------
2026-06-12T09:25:33.067+09:00  INFO 6540 --- [main] c.p.ficc.app.FiccRunRequestWorker        : Run request 4 completed: tradesProcessed=34, alertsGenerated=2, alertsDispatched=2, duplicateAlerts=0.
2026-06-12T09:25:33.067+09:00  INFO 6540 --- [main] c.p.ficc.app.FiccRunRequestWorker        : ------------------------------------------------------------------------------------------
2026-06-12T09:25:33.067+09:00  INFO 6540 --- [main] c.p.ficc.app.FiccRunRequestWorker        : Run request 5 started: appid=1, region=NAMR, businessDate=2026-06-08.
2026-06-12T09:25:33.067+09:00  INFO 6540 --- [main] c.p.f.app.FiccSurveillanceApplication    : ------------------------------------------------------------------------------------------
2026-06-12T09:25:33.068+09:00  INFO 6540 --- [main] c.p.f.app.FiccSurveillanceApplication    : Starting surveillance pipeline: appid=1, region=NAMR, businessDate=2026-06-08.
2026-06-12T09:25:33.068+09:00  INFO 6540 --- [main] c.p.f.app.FiccSurveillanceApplication    : ------------------------------------------------------------------------------------------
2026-06-12T09:25:33.079+09:00  INFO 6540 --- [main] c.p.f.app.FiccSurveillanceApplication    : Resolved surveillance model: appid=1, modelid=1, modelCode=FICC_WASH_TRADE, modelClass=com.portfolio.ficc.surveillance.FiccWashTradeModel, region=NAMR.
2026-06-12T09:25:33.080+09:00  INFO 6540 --- [main] c.p.f.app.FiccSurveillanceApplication    : ------------------------------------------------------------------------------------------
2026-06-12T09:25:33.093+09:00  INFO 6540 --- [main] c.p.f.app.FiccSurveillanceApplication    : Loaded 40 trades: region=NAMR, businessDate=2026-06-08.
2026-06-12T09:25:33.170+09:00  INFO 6540 --- [main] c.p.f.app.FiccSurveillanceApplication    : ------------------------------------------------------------------------------------------
2026-06-12T09:25:33.170+09:00  INFO 6540 --- [main] c.p.f.app.FiccSurveillanceApplication    : Evaluated surveillance model and generated 2 alerts : region=NAMR, businessDate=2026-06-08.
2026-06-12T09:25:33.196+09:00  INFO 6540 --- [main] c.p.ficc.io.AlertHistoryRepository       : Saved alert history: alertHistoryId=9, alertId=ficc_wash_alert_9, matchType=ONE_TIME_TRANSACTION, relatedTrades=2, appid=1, modelid=1, region=NAMR, businessDate=2026-06-08.
2026-06-12T09:25:33.222+09:00  INFO 6540 --- [main] c.p.ficc.io.AlertHistoryRepository       : Saved alert history: alertHistoryId=10, alertId=ficc_wash_alert_10, matchType=CUMULATIVE_TRANSACTION, relatedTrades=4, appid=1, modelid=1, region=NAMR, businessDate=2026-06-08.
2026-06-12T09:25:33.223+09:00  INFO 6540 --- [main] c.p.f.app.FiccSurveillanceApplication    : ------------------------------------------------------------------------------------------
2026-06-12T09:25:33.223+09:00  INFO 6540 --- [main] c.p.f.app.FiccSurveillanceApplication    : Completed surveillance pipeline: tradesProcessed=40, alertsGenerated=2, alertsDispatched=2, duplicateAlerts=0, appid=1, modelid=1, region=NAMR, businessDate=2026-06-08.
2026-06-12T09:25:33.243+09:00  INFO 6540 --- [main] c.p.ficc.app.FiccRunRequestWorker        : ------------------------------------------------------------------------------------------
2026-06-12T09:25:33.243+09:00  INFO 6540 --- [main] c.p.ficc.app.FiccRunRequestWorker        : Run request 5 completed: tradesProcessed=40, alertsGenerated=2, alertsDispatched=2, duplicateAlerts=0.
2026-06-12T09:25:33.244+09:00  INFO 6540 --- [main] c.p.ficc.app.FiccRunRequestWorker        : ------------------------------------------------------------------------------------------
2026-06-12T09:25:33.244+09:00  INFO 6540 --- [main] c.p.ficc.app.FiccRunRequestWorker        : Run request 6 started: appid=2, region=EMEA, businessDate=2026-06-04.
2026-06-12T09:25:33.244+09:00  INFO 6540 --- [main] c.p.f.app.FiccSurveillanceApplication    : ------------------------------------------------------------------------------------------
2026-06-12T09:25:33.244+09:00  INFO 6540 --- [main] c.p.f.app.FiccSurveillanceApplication    : Starting surveillance pipeline: appid=2, region=EMEA, businessDate=2026-06-04.
2026-06-12T09:25:33.244+09:00  INFO 6540 --- [main] c.p.f.app.FiccSurveillanceApplication    : ------------------------------------------------------------------------------------------
2026-06-12T09:25:33.258+09:00  INFO 6540 --- [main] c.p.f.app.FiccSurveillanceApplication    : Resolved surveillance model: appid=2, modelid=1, modelCode=FICC_WASH_TRADE, modelClass=com.portfolio.ficc.surveillance.FiccWashTradeModel, region=EMEA.
2026-06-12T09:25:33.258+09:00  INFO 6540 --- [main] c.p.f.app.FiccSurveillanceApplication    : ------------------------------------------------------------------------------------------
2026-06-12T09:25:33.271+09:00  INFO 6540 --- [main] c.p.f.app.FiccSurveillanceApplication    : Loaded 0 trades: region=EMEA, businessDate=2026-06-04.
2026-06-12T09:25:33.271+09:00  INFO 6540 --- [main] c.p.f.app.FiccSurveillanceApplication    : ------------------------------------------------------------------------------------------
2026-06-12T09:25:33.271+09:00  INFO 6540 --- [main] c.p.f.app.FiccSurveillanceApplication    : Evaluated surveillance model and generated 0 alerts : region=EMEA, businessDate=2026-06-04.
2026-06-12T09:25:33.294+09:00  INFO 6540 --- [main] c.p.ficc.io.RunRequestRepository         : ------------------------------------------------------------------------------------------
2026-06-12T09:25:33.294+09:00  WARN 6540 --- [main] c.p.ficc.io.RunRequestRepository         : Marked surveillance run request failed: requestId=6, error=NullPointerException: summary is required.
2026-06-12T09:25:33.295+09:00 ERROR 6540 --- [main] c.p.ficc.app.FiccRunRequestWorker        : Run request 6 failed: appid=2, region=EMEA, businessDate=2026-06-04.

java.lang.NullPointerException: summary is required
	at java.base/java.util.Objects.requireNonNull(Objects.java:259) ~[na:na]
	at com.portfolio.ficc.io.RunRequestRepository.markCompleted(RunRequestRepository.java:86) ~[classes/:na]
	at com.portfolio.ficc.app.FiccRunRequestWorker.processClaimedRequest(FiccRunRequestWorker.java:58) ~[classes/:na]
	at com.portfolio.ficc.app.FiccRunRequestWorker.processRunnableRequests(FiccRunRequestWorker.java:44) ~[classes/:na]
	at com.portfolio.ficc.app.FiccRunRequestWorker.run(FiccRunRequestWorker.java:30) ~[classes/:na]
	at com.portfolio.ficc.FiccWashModelApplication.run(FiccWashModelApplication.java:25) ~[classes/:na]
	at org.springframework.boot.SpringApplication.lambda$callRunner$5(SpringApplication.java:790) ~[spring-boot-3.3.5.jar:3.3.5]
	at org.springframework.util.function.ThrowingConsumer$1.acceptWithException(ThrowingConsumer.java:83) ~[spring-core-6.1.14.jar:6.1.14]
	at org.springframework.util.function.ThrowingConsumer.accept(ThrowingConsumer.java:60) ~[spring-core-6.1.14.jar:6.1.14]
	at org.springframework.util.function.ThrowingConsumer$1.accept(ThrowingConsumer.java:88) ~[spring-core-6.1.14.jar:6.1.14]
	at org.springframework.boot.SpringApplication.callRunner(SpringApplication.java:798) ~[spring-boot-3.3.5.jar:3.3.5]
	at org.springframework.boot.SpringApplication.callRunner(SpringApplication.java:789) ~[spring-boot-3.3.5.jar:3.3.5]
	at org.springframework.boot.SpringApplication.lambda$callRunners$3(SpringApplication.java:774) ~[spring-boot-3.3.5.jar:3.3.5]
	at java.base/java.util.stream.ForEachOps$ForEachOp$OfRef.accept(ForEachOps.java:184) ~[na:na]
	at java.base/java.util.stream.SortedOps$SizedRefSortingSink.end(SortedOps.java:357) ~[na:na]
	at java.base/java.util.stream.AbstractPipeline.copyInto(AbstractPipeline.java:510) ~[na:na]
	at java.base/java.util.stream.AbstractPipeline.wrapAndCopyInto(AbstractPipeline.java:499) ~[na:na]
	at java.base/java.util.stream.ForEachOps$ForEachOp.evaluateSequential(ForEachOps.java:151) ~[na:na]
	at java.base/java.util.stream.ForEachOps$ForEachOp$OfRef.evaluateSequential(ForEachOps.java:174) ~[na:na]
	at java.base/java.util.stream.AbstractPipeline.evaluate(AbstractPipeline.java:234) ~[na:na]
	at java.base/java.util.stream.ReferencePipeline.forEach(ReferencePipeline.java:596) ~[na:na]
	at org.springframework.boot.SpringApplication.callRunners(SpringApplication.java:774) ~[spring-boot-3.3.5.jar:3.3.5]
	at org.springframework.boot.SpringApplication.run(SpringApplication.java:342) ~[spring-boot-3.3.5.jar:3.3.5]
	at org.springframework.boot.SpringApplication.run(SpringApplication.java:1363) ~[spring-boot-3.3.5.jar:3.3.5]
	at org.springframework.boot.SpringApplication.run(SpringApplication.java:1352) ~[spring-boot-3.3.5.jar:3.3.5]
	at com.portfolio.ficc.FiccWashModelApplication.main(FiccWashModelApplication.java:20) ~[classes/:na]

2026-06-12T09:25:33.299+09:00  INFO 6540 --- [main] c.p.ficc.app.FiccRunRequestWorker        : ------------------------------------------------------------------------------------------
2026-06-12T09:25:33.299+09:00  INFO 6540 --- [main] c.p.ficc.app.FiccRunRequestWorker        : Run request 7 started: appid=2, region=EMEA, businessDate=2026-06-05.
2026-06-12T09:25:33.300+09:00  INFO 6540 --- [main] c.p.f.app.FiccSurveillanceApplication    : ------------------------------------------------------------------------------------------
2026-06-12T09:25:33.300+09:00  INFO 6540 --- [main] c.p.f.app.FiccSurveillanceApplication    : Starting surveillance pipeline: appid=2, region=EMEA, businessDate=2026-06-05.
2026-06-12T09:25:33.300+09:00  INFO 6540 --- [main] c.p.f.app.FiccSurveillanceApplication    : ------------------------------------------------------------------------------------------
2026-06-12T09:25:33.319+09:00  INFO 6540 --- [main] c.p.f.app.FiccSurveillanceApplication    : Resolved surveillance model: appid=2, modelid=1, modelCode=FICC_WASH_TRADE, modelClass=com.portfolio.ficc.surveillance.FiccWashTradeModel, region=EMEA.
2026-06-12T09:25:33.319+09:00  INFO 6540 --- [main] c.p.f.app.FiccSurveillanceApplication    : ------------------------------------------------------------------------------------------
2026-06-12T09:25:33.334+09:00  INFO 6540 --- [main] c.p.f.app.FiccSurveillanceApplication    : Loaded 0 trades: region=EMEA, businessDate=2026-06-05.
2026-06-12T09:25:33.334+09:00  INFO 6540 --- [main] c.p.f.app.FiccSurveillanceApplication    : ------------------------------------------------------------------------------------------
2026-06-12T09:25:33.334+09:00  INFO 6540 --- [main] c.p.f.app.FiccSurveillanceApplication    : Evaluated surveillance model and generated 0 alerts : region=EMEA, businessDate=2026-06-05.
2026-06-12T09:25:33.354+09:00  INFO 6540 --- [main] c.p.ficc.io.RunRequestRepository         : ------------------------------------------------------------------------------------------
2026-06-12T09:25:33.354+09:00  WARN 6540 --- [main] c.p.ficc.io.RunRequestRepository         : Marked surveillance run request failed: requestId=7, error=NullPointerException: summary is required.
2026-06-12T09:25:33.355+09:00 ERROR 6540 --- [main] c.p.ficc.app.FiccRunRequestWorker        : Run request 7 failed: appid=2, region=EMEA, businessDate=2026-06-05.

java.lang.NullPointerException: summary is required
	at java.base/java.util.Objects.requireNonNull(Objects.java:259) ~[na:na]
	at com.portfolio.ficc.io.RunRequestRepository.markCompleted(RunRequestRepository.java:86) ~[classes/:na]
	at com.portfolio.ficc.app.FiccRunRequestWorker.processClaimedRequest(FiccRunRequestWorker.java:58) ~[classes/:na]
	at com.portfolio.ficc.app.FiccRunRequestWorker.processRunnableRequests(FiccRunRequestWorker.java:44) ~[classes/:na]
	at com.portfolio.ficc.app.FiccRunRequestWorker.run(FiccRunRequestWorker.java:30) ~[classes/:na]
	at com.portfolio.ficc.FiccWashModelApplication.run(FiccWashModelApplication.java:25) ~[classes/:na]
	at org.springframework.boot.SpringApplication.lambda$callRunner$5(SpringApplication.java:790) ~[spring-boot-3.3.5.jar:3.3.5]
	at org.springframework.util.function.ThrowingConsumer$1.acceptWithException(ThrowingConsumer.java:83) ~[spring-core-6.1.14.jar:6.1.14]
	at org.springframework.util.function.ThrowingConsumer.accept(ThrowingConsumer.java:60) ~[spring-core-6.1.14.jar:6.1.14]
	at org.springframework.util.function.ThrowingConsumer$1.accept(ThrowingConsumer.java:88) ~[spring-core-6.1.14.jar:6.1.14]
	at org.springframework.boot.SpringApplication.callRunner(SpringApplication.java:798) ~[spring-boot-3.3.5.jar:3.3.5]
	at org.springframework.boot.SpringApplication.callRunner(SpringApplication.java:789) ~[spring-boot-3.3.5.jar:3.3.5]
	at org.springframework.boot.SpringApplication.lambda$callRunners$3(SpringApplication.java:774) ~[spring-boot-3.3.5.jar:3.3.5]
	at java.base/java.util.stream.ForEachOps$ForEachOp$OfRef.accept(ForEachOps.java:184) ~[na:na]
	at java.base/java.util.stream.SortedOps$SizedRefSortingSink.end(SortedOps.java:357) ~[na:na]
	at java.base/java.util.stream.AbstractPipeline.copyInto(AbstractPipeline.java:510) ~[na:na]
	at java.base/java.util.stream.AbstractPipeline.wrapAndCopyInto(AbstractPipeline.java:499) ~[na:na]
	at java.base/java.util.stream.ForEachOps$ForEachOp.evaluateSequential(ForEachOps.java:151) ~[na:na]
	at java.base/java.util.stream.ForEachOps$ForEachOp$OfRef.evaluateSequential(ForEachOps.java:174) ~[na:na]
	at java.base/java.util.stream.AbstractPipeline.evaluate(AbstractPipeline.java:234) ~[na:na]
	at java.base/java.util.stream.ReferencePipeline.forEach(ReferencePipeline.java:596) ~[na:na]
	at org.springframework.boot.SpringApplication.callRunners(SpringApplication.java:774) ~[spring-boot-3.3.5.jar:3.3.5]
	at org.springframework.boot.SpringApplication.run(SpringApplication.java:342) ~[spring-boot-3.3.5.jar:3.3.5]
	at org.springframework.boot.SpringApplication.run(SpringApplication.java:1363) ~[spring-boot-3.3.5.jar:3.3.5]
	at org.springframework.boot.SpringApplication.run(SpringApplication.java:1352) ~[spring-boot-3.3.5.jar:3.3.5]
	at com.portfolio.ficc.FiccWashModelApplication.main(FiccWashModelApplication.java:20) ~[classes/:na]

2026-06-12T09:25:33.355+09:00  INFO 6540 --- [main] c.p.ficc.app.FiccRunRequestWorker        : ------------------------------------------------------------------------------------------
2026-06-12T09:25:33.355+09:00  INFO 6540 --- [main] c.p.ficc.app.FiccRunRequestWorker        : Run request 8 started: appid=2, region=EMEA, businessDate=2026-06-06.
2026-06-12T09:25:33.356+09:00  INFO 6540 --- [main] c.p.f.app.FiccSurveillanceApplication    : ------------------------------------------------------------------------------------------
2026-06-12T09:25:33.356+09:00  INFO 6540 --- [main] c.p.f.app.FiccSurveillanceApplication    : Starting surveillance pipeline: appid=2, region=EMEA, businessDate=2026-06-06.
2026-06-12T09:25:33.356+09:00  INFO 6540 --- [main] c.p.f.app.FiccSurveillanceApplication    : ------------------------------------------------------------------------------------------
2026-06-12T09:25:33.371+09:00  INFO 6540 --- [main] c.p.f.app.FiccSurveillanceApplication    : Resolved surveillance model: appid=2, modelid=1, modelCode=FICC_WASH_TRADE, modelClass=com.portfolio.ficc.surveillance.FiccWashTradeModel, region=EMEA.
2026-06-12T09:25:33.371+09:00  INFO 6540 --- [main] c.p.f.app.FiccSurveillanceApplication    : ------------------------------------------------------------------------------------------
2026-06-12T09:25:33.385+09:00  INFO 6540 --- [main] c.p.f.app.FiccSurveillanceApplication    : Loaded 0 trades: region=EMEA, businessDate=2026-06-06.
2026-06-12T09:25:33.386+09:00  INFO 6540 --- [main] c.p.f.app.FiccSurveillanceApplication    : ------------------------------------------------------------------------------------------
2026-06-12T09:25:33.386+09:00  INFO 6540 --- [main] c.p.f.app.FiccSurveillanceApplication    : Evaluated surveillance model and generated 0 alerts : region=EMEA, businessDate=2026-06-06.
2026-06-12T09:25:33.404+09:00  INFO 6540 --- [main] c.p.ficc.io.RunRequestRepository         : ------------------------------------------------------------------------------------------
2026-06-12T09:25:33.405+09:00  WARN 6540 --- [main] c.p.ficc.io.RunRequestRepository         : Marked surveillance run request failed: requestId=8, error=NullPointerException: summary is required.
2026-06-12T09:25:33.407+09:00 ERROR 6540 --- [main] c.p.ficc.app.FiccRunRequestWorker        : Run request 8 failed: appid=2, region=EMEA, businessDate=2026-06-06.

java.lang.NullPointerException: summary is required
	at java.base/java.util.Objects.requireNonNull(Objects.java:259) ~[na:na]
	at com.portfolio.ficc.io.RunRequestRepository.markCompleted(RunRequestRepository.java:86) ~[classes/:na]
	at com.portfolio.ficc.app.FiccRunRequestWorker.processClaimedRequest(FiccRunRequestWorker.java:58) ~[classes/:na]
	at com.portfolio.ficc.app.FiccRunRequestWorker.processRunnableRequests(FiccRunRequestWorker.java:44) ~[classes/:na]
	at com.portfolio.ficc.app.FiccRunRequestWorker.run(FiccRunRequestWorker.java:30) ~[classes/:na]
	at com.portfolio.ficc.FiccWashModelApplication.run(FiccWashModelApplication.java:25) ~[classes/:na]
	at org.springframework.boot.SpringApplication.lambda$callRunner$5(SpringApplication.java:790) ~[spring-boot-3.3.5.jar:3.3.5]
	at org.springframework.util.function.ThrowingConsumer$1.acceptWithException(ThrowingConsumer.java:83) ~[spring-core-6.1.14.jar:6.1.14]
	at org.springframework.util.function.ThrowingConsumer.accept(ThrowingConsumer.java:60) ~[spring-core-6.1.14.jar:6.1.14]
	at org.springframework.util.function.ThrowingConsumer$1.accept(ThrowingConsumer.java:88) ~[spring-core-6.1.14.jar:6.1.14]
	at org.springframework.boot.SpringApplication.callRunner(SpringApplication.java:798) ~[spring-boot-3.3.5.jar:3.3.5]
	at org.springframework.boot.SpringApplication.callRunner(SpringApplication.java:789) ~[spring-boot-3.3.5.jar:3.3.5]
	at org.springframework.boot.SpringApplication.lambda$callRunners$3(SpringApplication.java:774) ~[spring-boot-3.3.5.jar:3.3.5]
	at java.base/java.util.stream.ForEachOps$ForEachOp$OfRef.accept(ForEachOps.java:184) ~[na:na]
	at java.base/java.util.stream.SortedOps$SizedRefSortingSink.end(SortedOps.java:357) ~[na:na]
	at java.base/java.util.stream.AbstractPipeline.copyInto(AbstractPipeline.java:510) ~[na:na]
	at java.base/java.util.stream.AbstractPipeline.wrapAndCopyInto(AbstractPipeline.java:499) ~[na:na]
	at java.base/java.util.stream.ForEachOps$ForEachOp.evaluateSequential(ForEachOps.java:151) ~[na:na]
	at java.base/java.util.stream.ForEachOps$ForEachOp$OfRef.evaluateSequential(ForEachOps.java:174) ~[na:na]
	at java.base/java.util.stream.AbstractPipeline.evaluate(AbstractPipeline.java:234) ~[na:na]
	at java.base/java.util.stream.ReferencePipeline.forEach(ReferencePipeline.java:596) ~[na:na]
	at org.springframework.boot.SpringApplication.callRunners(SpringApplication.java:774) ~[spring-boot-3.3.5.jar:3.3.5]
	at org.springframework.boot.SpringApplication.run(SpringApplication.java:342) ~[spring-boot-3.3.5.jar:3.3.5]
	at org.springframework.boot.SpringApplication.run(SpringApplication.java:1363) ~[spring-boot-3.3.5.jar:3.3.5]
	at org.springframework.boot.SpringApplication.run(SpringApplication.java:1352) ~[spring-boot-3.3.5.jar:3.3.5]
	at com.portfolio.ficc.FiccWashModelApplication.main(FiccWashModelApplication.java:20) ~[classes/:na]

2026-06-12T09:25:33.412+09:00  INFO 6540 --- [main] c.p.ficc.app.FiccRunRequestWorker        : ------------------------------------------------------------------------------------------
2026-06-12T09:25:33.412+09:00  INFO 6540 --- [main] c.p.ficc.app.FiccRunRequestWorker        : Run request 9 started: appid=2, region=EMEA, businessDate=2026-06-07.
2026-06-12T09:25:33.412+09:00  INFO 6540 --- [main] c.p.f.app.FiccSurveillanceApplication    : ------------------------------------------------------------------------------------------
2026-06-12T09:25:33.412+09:00  INFO 6540 --- [main] c.p.f.app.FiccSurveillanceApplication    : Starting surveillance pipeline: appid=2, region=EMEA, businessDate=2026-06-07.
2026-06-12T09:25:33.412+09:00  INFO 6540 --- [main] c.p.f.app.FiccSurveillanceApplication    : ------------------------------------------------------------------------------------------
2026-06-12T09:25:33.422+09:00  INFO 6540 --- [main] c.p.f.app.FiccSurveillanceApplication    : Resolved surveillance model: appid=2, modelid=1, modelCode=FICC_WASH_TRADE, modelClass=com.portfolio.ficc.surveillance.FiccWashTradeModel, region=EMEA.
2026-06-12T09:25:33.423+09:00  INFO 6540 --- [main] c.p.f.app.FiccSurveillanceApplication    : ------------------------------------------------------------------------------------------
2026-06-12T09:25:33.435+09:00  INFO 6540 --- [main] c.p.f.app.FiccSurveillanceApplication    : Loaded 0 trades: region=EMEA, businessDate=2026-06-07.
2026-06-12T09:25:33.436+09:00  INFO 6540 --- [main] c.p.f.app.FiccSurveillanceApplication    : ------------------------------------------------------------------------------------------
2026-06-12T09:25:33.436+09:00  INFO 6540 --- [main] c.p.f.app.FiccSurveillanceApplication    : Evaluated surveillance model and generated 0 alerts : region=EMEA, businessDate=2026-06-07.
2026-06-12T09:25:33.449+09:00  INFO 6540 --- [main] c.p.ficc.io.RunRequestRepository         : ------------------------------------------------------------------------------------------
2026-06-12T09:25:33.449+09:00  WARN 6540 --- [main] c.p.ficc.io.RunRequestRepository         : Marked surveillance run request failed: requestId=9, error=NullPointerException: summary is required.
2026-06-12T09:25:33.449+09:00 ERROR 6540 --- [main] c.p.ficc.app.FiccRunRequestWorker        : Run request 9 failed: appid=2, region=EMEA, businessDate=2026-06-07.

java.lang.NullPointerException: summary is required
	at java.base/java.util.Objects.requireNonNull(Objects.java:259) ~[na:na]
	at com.portfolio.ficc.io.RunRequestRepository.markCompleted(RunRequestRepository.java:86) ~[classes/:na]
	at com.portfolio.ficc.app.FiccRunRequestWorker.processClaimedRequest(FiccRunRequestWorker.java:58) ~[classes/:na]
	at com.portfolio.ficc.app.FiccRunRequestWorker.processRunnableRequests(FiccRunRequestWorker.java:44) ~[classes/:na]
	at com.portfolio.ficc.app.FiccRunRequestWorker.run(FiccRunRequestWorker.java:30) ~[classes/:na]
	at com.portfolio.ficc.FiccWashModelApplication.run(FiccWashModelApplication.java:25) ~[classes/:na]
	at org.springframework.boot.SpringApplication.lambda$callRunner$5(SpringApplication.java:790) ~[spring-boot-3.3.5.jar:3.3.5]
	at org.springframework.util.function.ThrowingConsumer$1.acceptWithException(ThrowingConsumer.java:83) ~[spring-core-6.1.14.jar:6.1.14]
	at org.springframework.util.function.ThrowingConsumer.accept(ThrowingConsumer.java:60) ~[spring-core-6.1.14.jar:6.1.14]
	at org.springframework.util.function.ThrowingConsumer$1.accept(ThrowingConsumer.java:88) ~[spring-core-6.1.14.jar:6.1.14]
	at org.springframework.boot.SpringApplication.callRunner(SpringApplication.java:798) ~[spring-boot-3.3.5.jar:3.3.5]
	at org.springframework.boot.SpringApplication.callRunner(SpringApplication.java:789) ~[spring-boot-3.3.5.jar:3.3.5]
	at org.springframework.boot.SpringApplication.lambda$callRunners$3(SpringApplication.java:774) ~[spring-boot-3.3.5.jar:3.3.5]
	at java.base/java.util.stream.ForEachOps$ForEachOp$OfRef.accept(ForEachOps.java:184) ~[na:na]
	at java.base/java.util.stream.SortedOps$SizedRefSortingSink.end(SortedOps.java:357) ~[na:na]
	at java.base/java.util.stream.AbstractPipeline.copyInto(AbstractPipeline.java:510) ~[na:na]
	at java.base/java.util.stream.AbstractPipeline.wrapAndCopyInto(AbstractPipeline.java:499) ~[na:na]
	at java.base/java.util.stream.ForEachOps$ForEachOp.evaluateSequential(ForEachOps.java:151) ~[na:na]
	at java.base/java.util.stream.ForEachOps$ForEachOp$OfRef.evaluateSequential(ForEachOps.java:174) ~[na:na]
	at java.base/java.util.stream.AbstractPipeline.evaluate(AbstractPipeline.java:234) ~[na:na]
	at java.base/java.util.stream.ReferencePipeline.forEach(ReferencePipeline.java:596) ~[na:na]
	at org.springframework.boot.SpringApplication.callRunners(SpringApplication.java:774) ~[spring-boot-3.3.5.jar:3.3.5]
	at org.springframework.boot.SpringApplication.run(SpringApplication.java:342) ~[spring-boot-3.3.5.jar:3.3.5]
	at org.springframework.boot.SpringApplication.run(SpringApplication.java:1363) ~[spring-boot-3.3.5.jar:3.3.5]
	at org.springframework.boot.SpringApplication.run(SpringApplication.java:1352) ~[spring-boot-3.3.5.jar:3.3.5]
	at com.portfolio.ficc.FiccWashModelApplication.main(FiccWashModelApplication.java:20) ~[classes/:na]

2026-06-12T09:25:33.450+09:00  INFO 6540 --- [main] c.p.ficc.app.FiccRunRequestWorker        : ------------------------------------------------------------------------------------------
2026-06-12T09:25:33.450+09:00  INFO 6540 --- [main] c.p.ficc.app.FiccRunRequestWorker        : Run request 10 started: appid=2, region=EMEA, businessDate=2026-06-08.
2026-06-12T09:25:33.450+09:00  INFO 6540 --- [main] c.p.f.app.FiccSurveillanceApplication    : ------------------------------------------------------------------------------------------
2026-06-12T09:25:33.450+09:00  INFO 6540 --- [main] c.p.f.app.FiccSurveillanceApplication    : Starting surveillance pipeline: appid=2, region=EMEA, businessDate=2026-06-08.
2026-06-12T09:25:33.450+09:00  INFO 6540 --- [main] c.p.f.app.FiccSurveillanceApplication    : ------------------------------------------------------------------------------------------
2026-06-12T09:25:33.461+09:00  INFO 6540 --- [main] c.p.f.app.FiccSurveillanceApplication    : Resolved surveillance model: appid=2, modelid=1, modelCode=FICC_WASH_TRADE, modelClass=com.portfolio.ficc.surveillance.FiccWashTradeModel, region=EMEA.
2026-06-12T09:25:33.461+09:00  INFO 6540 --- [main] c.p.f.app.FiccSurveillanceApplication    : ------------------------------------------------------------------------------------------
2026-06-12T09:25:33.472+09:00  INFO 6540 --- [main] c.p.f.app.FiccSurveillanceApplication    : Loaded 0 trades: region=EMEA, businessDate=2026-06-08.
2026-06-12T09:25:33.472+09:00  INFO 6540 --- [main] c.p.f.app.FiccSurveillanceApplication    : ------------------------------------------------------------------------------------------
2026-06-12T09:25:33.472+09:00  INFO 6540 --- [main] c.p.f.app.FiccSurveillanceApplication    : Evaluated surveillance model and generated 0 alerts : region=EMEA, businessDate=2026-06-08.
2026-06-12T09:25:33.488+09:00  INFO 6540 --- [main] c.p.ficc.io.RunRequestRepository         : ------------------------------------------------------------------------------------------
2026-06-12T09:25:33.489+09:00  WARN 6540 --- [main] c.p.ficc.io.RunRequestRepository         : Marked surveillance run request failed: requestId=10, error=NullPointerException: summary is required.
2026-06-12T09:25:33.489+09:00 ERROR 6540 --- [main] c.p.ficc.app.FiccRunRequestWorker        : Run request 10 failed: appid=2, region=EMEA, businessDate=2026-06-08.

java.lang.NullPointerException: summary is required
	at java.base/java.util.Objects.requireNonNull(Objects.java:259) ~[na:na]
	at com.portfolio.ficc.io.RunRequestRepository.markCompleted(RunRequestRepository.java:86) ~[classes/:na]
	at com.portfolio.ficc.app.FiccRunRequestWorker.processClaimedRequest(FiccRunRequestWorker.java:58) ~[classes/:na]
	at com.portfolio.ficc.app.FiccRunRequestWorker.processRunnableRequests(FiccRunRequestWorker.java:44) ~[classes/:na]
	at com.portfolio.ficc.app.FiccRunRequestWorker.run(FiccRunRequestWorker.java:30) ~[classes/:na]
	at com.portfolio.ficc.FiccWashModelApplication.run(FiccWashModelApplication.java:25) ~[classes/:na]
	at org.springframework.boot.SpringApplication.lambda$callRunner$5(SpringApplication.java:790) ~[spring-boot-3.3.5.jar:3.3.5]
	at org.springframework.util.function.ThrowingConsumer$1.acceptWithException(ThrowingConsumer.java:83) ~[spring-core-6.1.14.jar:6.1.14]
	at org.springframework.util.function.ThrowingConsumer.accept(ThrowingConsumer.java:60) ~[spring-core-6.1.14.jar:6.1.14]
	at org.springframework.util.function.ThrowingConsumer$1.accept(ThrowingConsumer.java:88) ~[spring-core-6.1.14.jar:6.1.14]
	at org.springframework.boot.SpringApplication.callRunner(SpringApplication.java:798) ~[spring-boot-3.3.5.jar:3.3.5]
	at org.springframework.boot.SpringApplication.callRunner(SpringApplication.java:789) ~[spring-boot-3.3.5.jar:3.3.5]
	at org.springframework.boot.SpringApplication.lambda$callRunners$3(SpringApplication.java:774) ~[spring-boot-3.3.5.jar:3.3.5]
	at java.base/java.util.stream.ForEachOps$ForEachOp$OfRef.accept(ForEachOps.java:184) ~[na:na]
	at java.base/java.util.stream.SortedOps$SizedRefSortingSink.end(SortedOps.java:357) ~[na:na]
	at java.base/java.util.stream.AbstractPipeline.copyInto(AbstractPipeline.java:510) ~[na:na]
	at java.base/java.util.stream.AbstractPipeline.wrapAndCopyInto(AbstractPipeline.java:499) ~[na:na]
	at java.base/java.util.stream.ForEachOps$ForEachOp.evaluateSequential(ForEachOps.java:151) ~[na:na]
	at java.base/java.util.stream.ForEachOps$ForEachOp$OfRef.evaluateSequential(ForEachOps.java:174) ~[na:na]
	at java.base/java.util.stream.AbstractPipeline.evaluate(AbstractPipeline.java:234) ~[na:na]
	at java.base/java.util.stream.ReferencePipeline.forEach(ReferencePipeline.java:596) ~[na:na]
	at org.springframework.boot.SpringApplication.callRunners(SpringApplication.java:774) ~[spring-boot-3.3.5.jar:3.3.5]
	at org.springframework.boot.SpringApplication.run(SpringApplication.java:342) ~[spring-boot-3.3.5.jar:3.3.5]
	at org.springframework.boot.SpringApplication.run(SpringApplication.java:1363) ~[spring-boot-3.3.5.jar:3.3.5]
	at org.springframework.boot.SpringApplication.run(SpringApplication.java:1352) ~[spring-boot-3.3.5.jar:3.3.5]
	at com.portfolio.ficc.FiccWashModelApplication.main(FiccWashModelApplication.java:20) ~[classes/:na]

2026-06-12T09:25:33.490+09:00  INFO 6540 --- [main] c.p.ficc.app.FiccRunRequestWorker        : ------------------------------------------------------------------------------------------
2026-06-12T09:25:33.490+09:00  INFO 6540 --- [main] c.p.ficc.app.FiccRunRequestWorker        : Run request 11 started: appid=3, region=APAC, businessDate=2026-06-04.
2026-06-12T09:25:33.490+09:00  INFO 6540 --- [main] c.p.f.app.FiccSurveillanceApplication    : ------------------------------------------------------------------------------------------
2026-06-12T09:25:33.490+09:00  INFO 6540 --- [main] c.p.f.app.FiccSurveillanceApplication    : Starting surveillance pipeline: appid=3, region=APAC, businessDate=2026-06-04.
2026-06-12T09:25:33.490+09:00  INFO 6540 --- [main] c.p.f.app.FiccSurveillanceApplication    : ------------------------------------------------------------------------------------------
2026-06-12T09:25:33.499+09:00  INFO 6540 --- [main] c.p.f.app.FiccSurveillanceApplication    : Resolved surveillance model: appid=3, modelid=1, modelCode=FICC_WASH_TRADE, modelClass=com.portfolio.ficc.surveillance.FiccWashTradeModel, region=APAC.
2026-06-12T09:25:33.499+09:00  INFO 6540 --- [main] c.p.f.app.FiccSurveillanceApplication    : ------------------------------------------------------------------------------------------
2026-06-12T09:25:33.508+09:00  INFO 6540 --- [main] c.p.f.app.FiccSurveillanceApplication    : Loaded 0 trades: region=APAC, businessDate=2026-06-04.
2026-06-12T09:25:33.508+09:00  INFO 6540 --- [main] c.p.f.app.FiccSurveillanceApplication    : ------------------------------------------------------------------------------------------
2026-06-12T09:25:33.508+09:00  INFO 6540 --- [main] c.p.f.app.FiccSurveillanceApplication    : Evaluated surveillance model and generated 0 alerts : region=APAC, businessDate=2026-06-04.
2026-06-12T09:25:33.523+09:00  INFO 6540 --- [main] c.p.ficc.io.RunRequestRepository         : ------------------------------------------------------------------------------------------
2026-06-12T09:25:33.523+09:00  WARN 6540 --- [main] c.p.ficc.io.RunRequestRepository         : Marked surveillance run request failed: requestId=11, error=NullPointerException: summary is required.
2026-06-12T09:25:33.523+09:00 ERROR 6540 --- [main] c.p.ficc.app.FiccRunRequestWorker        : Run request 11 failed: appid=3, region=APAC, businessDate=2026-06-04.

java.lang.NullPointerException: summary is required
	at java.base/java.util.Objects.requireNonNull(Objects.java:259) ~[na:na]
	at com.portfolio.ficc.io.RunRequestRepository.markCompleted(RunRequestRepository.java:86) ~[classes/:na]
	at com.portfolio.ficc.app.FiccRunRequestWorker.processClaimedRequest(FiccRunRequestWorker.java:58) ~[classes/:na]
	at com.portfolio.ficc.app.FiccRunRequestWorker.processRunnableRequests(FiccRunRequestWorker.java:44) ~[classes/:na]
	at com.portfolio.ficc.app.FiccRunRequestWorker.run(FiccRunRequestWorker.java:30) ~[classes/:na]
	at com.portfolio.ficc.FiccWashModelApplication.run(FiccWashModelApplication.java:25) ~[classes/:na]
	at org.springframework.boot.SpringApplication.lambda$callRunner$5(SpringApplication.java:790) ~[spring-boot-3.3.5.jar:3.3.5]
	at org.springframework.util.function.ThrowingConsumer$1.acceptWithException(ThrowingConsumer.java:83) ~[spring-core-6.1.14.jar:6.1.14]
	at org.springframework.util.function.ThrowingConsumer.accept(ThrowingConsumer.java:60) ~[spring-core-6.1.14.jar:6.1.14]
	at org.springframework.util.function.ThrowingConsumer$1.accept(ThrowingConsumer.java:88) ~[spring-core-6.1.14.jar:6.1.14]
	at org.springframework.boot.SpringApplication.callRunner(SpringApplication.java:798) ~[spring-boot-3.3.5.jar:3.3.5]
	at org.springframework.boot.SpringApplication.callRunner(SpringApplication.java:789) ~[spring-boot-3.3.5.jar:3.3.5]
	at org.springframework.boot.SpringApplication.lambda$callRunners$3(SpringApplication.java:774) ~[spring-boot-3.3.5.jar:3.3.5]
	at java.base/java.util.stream.ForEachOps$ForEachOp$OfRef.accept(ForEachOps.java:184) ~[na:na]
	at java.base/java.util.stream.SortedOps$SizedRefSortingSink.end(SortedOps.java:357) ~[na:na]
	at java.base/java.util.stream.AbstractPipeline.copyInto(AbstractPipeline.java:510) ~[na:na]
	at java.base/java.util.stream.AbstractPipeline.wrapAndCopyInto(AbstractPipeline.java:499) ~[na:na]
	at java.base/java.util.stream.ForEachOps$ForEachOp.evaluateSequential(ForEachOps.java:151) ~[na:na]
	at java.base/java.util.stream.ForEachOps$ForEachOp$OfRef.evaluateSequential(ForEachOps.java:174) ~[na:na]
	at java.base/java.util.stream.AbstractPipeline.evaluate(AbstractPipeline.java:234) ~[na:na]
	at java.base/java.util.stream.ReferencePipeline.forEach(ReferencePipeline.java:596) ~[na:na]
	at org.springframework.boot.SpringApplication.callRunners(SpringApplication.java:774) ~[spring-boot-3.3.5.jar:3.3.5]
	at org.springframework.boot.SpringApplication.run(SpringApplication.java:342) ~[spring-boot-3.3.5.jar:3.3.5]
	at org.springframework.boot.SpringApplication.run(SpringApplication.java:1363) ~[spring-boot-3.3.5.jar:3.3.5]
	at org.springframework.boot.SpringApplication.run(SpringApplication.java:1352) ~[spring-boot-3.3.5.jar:3.3.5]
	at com.portfolio.ficc.FiccWashModelApplication.main(FiccWashModelApplication.java:20) ~[classes/:na]

2026-06-12T09:25:33.523+09:00  INFO 6540 --- [main] c.p.ficc.app.FiccRunRequestWorker        : ------------------------------------------------------------------------------------------
2026-06-12T09:25:33.523+09:00  INFO 6540 --- [main] c.p.ficc.app.FiccRunRequestWorker        : Run request 12 started: appid=3, region=APAC, businessDate=2026-06-05.
2026-06-12T09:25:33.524+09:00  INFO 6540 --- [main] c.p.f.app.FiccSurveillanceApplication    : ------------------------------------------------------------------------------------------
2026-06-12T09:25:33.524+09:00  INFO 6540 --- [main] c.p.f.app.FiccSurveillanceApplication    : Starting surveillance pipeline: appid=3, region=APAC, businessDate=2026-06-05.
2026-06-12T09:25:33.524+09:00  INFO 6540 --- [main] c.p.f.app.FiccSurveillanceApplication    : ------------------------------------------------------------------------------------------
2026-06-12T09:25:33.535+09:00  INFO 6540 --- [main] c.p.f.app.FiccSurveillanceApplication    : Resolved surveillance model: appid=3, modelid=1, modelCode=FICC_WASH_TRADE, modelClass=com.portfolio.ficc.surveillance.FiccWashTradeModel, region=APAC.
2026-06-12T09:25:33.535+09:00  INFO 6540 --- [main] c.p.f.app.FiccSurveillanceApplication    : ------------------------------------------------------------------------------------------
2026-06-12T09:25:33.554+09:00  INFO 6540 --- [main] c.p.f.app.FiccSurveillanceApplication    : Loaded 0 trades: region=APAC, businessDate=2026-06-05.
2026-06-12T09:25:33.554+09:00  INFO 6540 --- [main] c.p.f.app.FiccSurveillanceApplication    : ------------------------------------------------------------------------------------------
2026-06-12T09:25:33.554+09:00  INFO 6540 --- [main] c.p.f.app.FiccSurveillanceApplication    : Evaluated surveillance model and generated 0 alerts : region=APAC, businessDate=2026-06-05.
2026-06-12T09:25:33.570+09:00  INFO 6540 --- [main] c.p.ficc.io.RunRequestRepository         : ------------------------------------------------------------------------------------------
2026-06-12T09:25:33.570+09:00  WARN 6540 --- [main] c.p.ficc.io.RunRequestRepository         : Marked surveillance run request failed: requestId=12, error=NullPointerException: summary is required.
2026-06-12T09:25:33.571+09:00 ERROR 6540 --- [main] c.p.ficc.app.FiccRunRequestWorker        : Run request 12 failed: appid=3, region=APAC, businessDate=2026-06-05.

java.lang.NullPointerException: summary is required
	at java.base/java.util.Objects.requireNonNull(Objects.java:259) ~[na:na]
	at com.portfolio.ficc.io.RunRequestRepository.markCompleted(RunRequestRepository.java:86) ~[classes/:na]
	at com.portfolio.ficc.app.FiccRunRequestWorker.processClaimedRequest(FiccRunRequestWorker.java:58) ~[classes/:na]
	at com.portfolio.ficc.app.FiccRunRequestWorker.processRunnableRequests(FiccRunRequestWorker.java:44) ~[classes/:na]
	at com.portfolio.ficc.app.FiccRunRequestWorker.run(FiccRunRequestWorker.java:30) ~[classes/:na]
	at com.portfolio.ficc.FiccWashModelApplication.run(FiccWashModelApplication.java:25) ~[classes/:na]
	at org.springframework.boot.SpringApplication.lambda$callRunner$5(SpringApplication.java:790) ~[spring-boot-3.3.5.jar:3.3.5]
	at org.springframework.util.function.ThrowingConsumer$1.acceptWithException(ThrowingConsumer.java:83) ~[spring-core-6.1.14.jar:6.1.14]
	at org.springframework.util.function.ThrowingConsumer.accept(ThrowingConsumer.java:60) ~[spring-core-6.1.14.jar:6.1.14]
	at org.springframework.util.function.ThrowingConsumer$1.accept(ThrowingConsumer.java:88) ~[spring-core-6.1.14.jar:6.1.14]
	at org.springframework.boot.SpringApplication.callRunner(SpringApplication.java:798) ~[spring-boot-3.3.5.jar:3.3.5]
	at org.springframework.boot.SpringApplication.callRunner(SpringApplication.java:789) ~[spring-boot-3.3.5.jar:3.3.5]
	at org.springframework.boot.SpringApplication.lambda$callRunners$3(SpringApplication.java:774) ~[spring-boot-3.3.5.jar:3.3.5]
	at java.base/java.util.stream.ForEachOps$ForEachOp$OfRef.accept(ForEachOps.java:184) ~[na:na]
	at java.base/java.util.stream.SortedOps$SizedRefSortingSink.end(SortedOps.java:357) ~[na:na]
	at java.base/java.util.stream.AbstractPipeline.copyInto(AbstractPipeline.java:510) ~[na:na]
	at java.base/java.util.stream.AbstractPipeline.wrapAndCopyInto(AbstractPipeline.java:499) ~[na:na]
	at java.base/java.util.stream.ForEachOps$ForEachOp.evaluateSequential(ForEachOps.java:151) ~[na:na]
	at java.base/java.util.stream.ForEachOps$ForEachOp$OfRef.evaluateSequential(ForEachOps.java:174) ~[na:na]
	at java.base/java.util.stream.AbstractPipeline.evaluate(AbstractPipeline.java:234) ~[na:na]
	at java.base/java.util.stream.ReferencePipeline.forEach(ReferencePipeline.java:596) ~[na:na]
	at org.springframework.boot.SpringApplication.callRunners(SpringApplication.java:774) ~[spring-boot-3.3.5.jar:3.3.5]
	at org.springframework.boot.SpringApplication.run(SpringApplication.java:342) ~[spring-boot-3.3.5.jar:3.3.5]
	at org.springframework.boot.SpringApplication.run(SpringApplication.java:1363) ~[spring-boot-3.3.5.jar:3.3.5]
	at org.springframework.boot.SpringApplication.run(SpringApplication.java:1352) ~[spring-boot-3.3.5.jar:3.3.5]
	at com.portfolio.ficc.FiccWashModelApplication.main(FiccWashModelApplication.java:20) ~[classes/:na]

2026-06-12T09:25:33.572+09:00  INFO 6540 --- [main] c.p.ficc.app.FiccRunRequestWorker        : ------------------------------------------------------------------------------------------
2026-06-12T09:25:33.572+09:00  INFO 6540 --- [main] c.p.ficc.app.FiccRunRequestWorker        : Run request 13 started: appid=3, region=APAC, businessDate=2026-06-06.
2026-06-12T09:25:33.572+09:00  INFO 6540 --- [main] c.p.f.app.FiccSurveillanceApplication    : ------------------------------------------------------------------------------------------
2026-06-12T09:25:33.572+09:00  INFO 6540 --- [main] c.p.f.app.FiccSurveillanceApplication    : Starting surveillance pipeline: appid=3, region=APAC, businessDate=2026-06-06.
2026-06-12T09:25:33.572+09:00  INFO 6540 --- [main] c.p.f.app.FiccSurveillanceApplication    : ------------------------------------------------------------------------------------------
2026-06-12T09:25:33.583+09:00  INFO 6540 --- [main] c.p.f.app.FiccSurveillanceApplication    : Resolved surveillance model: appid=3, modelid=1, modelCode=FICC_WASH_TRADE, modelClass=com.portfolio.ficc.surveillance.FiccWashTradeModel, region=APAC.
2026-06-12T09:25:33.584+09:00  INFO 6540 --- [main] c.p.f.app.FiccSurveillanceApplication    : ------------------------------------------------------------------------------------------
2026-06-12T09:25:33.593+09:00  INFO 6540 --- [main] c.p.f.app.FiccSurveillanceApplication    : Loaded 1 trades: region=APAC, businessDate=2026-06-06.
2026-06-12T09:25:33.638+09:00  INFO 6540 --- [main] c.p.f.app.FiccSurveillanceApplication    : ------------------------------------------------------------------------------------------
2026-06-12T09:25:33.638+09:00  INFO 6540 --- [main] c.p.f.app.FiccSurveillanceApplication    : Evaluated surveillance model and generated 0 alerts : region=APAC, businessDate=2026-06-06.
2026-06-12T09:25:33.654+09:00  INFO 6540 --- [main] c.p.ficc.io.RunRequestRepository         : ------------------------------------------------------------------------------------------
2026-06-12T09:25:33.654+09:00  WARN 6540 --- [main] c.p.ficc.io.RunRequestRepository         : Marked surveillance run request failed: requestId=13, error=NullPointerException: summary is required.
2026-06-12T09:25:33.654+09:00 ERROR 6540 --- [main] c.p.ficc.app.FiccRunRequestWorker        : Run request 13 failed: appid=3, region=APAC, businessDate=2026-06-06.

java.lang.NullPointerException: summary is required
	at java.base/java.util.Objects.requireNonNull(Objects.java:259) ~[na:na]
	at com.portfolio.ficc.io.RunRequestRepository.markCompleted(RunRequestRepository.java:86) ~[classes/:na]
	at com.portfolio.ficc.app.FiccRunRequestWorker.processClaimedRequest(FiccRunRequestWorker.java:58) ~[classes/:na]
	at com.portfolio.ficc.app.FiccRunRequestWorker.processRunnableRequests(FiccRunRequestWorker.java:44) ~[classes/:na]
	at com.portfolio.ficc.app.FiccRunRequestWorker.run(FiccRunRequestWorker.java:30) ~[classes/:na]
	at com.portfolio.ficc.FiccWashModelApplication.run(FiccWashModelApplication.java:25) ~[classes/:na]
	at org.springframework.boot.SpringApplication.lambda$callRunner$5(SpringApplication.java:790) ~[spring-boot-3.3.5.jar:3.3.5]
	at org.springframework.util.function.ThrowingConsumer$1.acceptWithException(ThrowingConsumer.java:83) ~[spring-core-6.1.14.jar:6.1.14]
	at org.springframework.util.function.ThrowingConsumer.accept(ThrowingConsumer.java:60) ~[spring-core-6.1.14.jar:6.1.14]
	at org.springframework.util.function.ThrowingConsumer$1.accept(ThrowingConsumer.java:88) ~[spring-core-6.1.14.jar:6.1.14]
	at org.springframework.boot.SpringApplication.callRunner(SpringApplication.java:798) ~[spring-boot-3.3.5.jar:3.3.5]
	at org.springframework.boot.SpringApplication.callRunner(SpringApplication.java:789) ~[spring-boot-3.3.5.jar:3.3.5]
	at org.springframework.boot.SpringApplication.lambda$callRunners$3(SpringApplication.java:774) ~[spring-boot-3.3.5.jar:3.3.5]
	at java.base/java.util.stream.ForEachOps$ForEachOp$OfRef.accept(ForEachOps.java:184) ~[na:na]
	at java.base/java.util.stream.SortedOps$SizedRefSortingSink.end(SortedOps.java:357) ~[na:na]
	at java.base/java.util.stream.AbstractPipeline.copyInto(AbstractPipeline.java:510) ~[na:na]
	at java.base/java.util.stream.AbstractPipeline.wrapAndCopyInto(AbstractPipeline.java:499) ~[na:na]
	at java.base/java.util.stream.ForEachOps$ForEachOp.evaluateSequential(ForEachOps.java:151) ~[na:na]
	at java.base/java.util.stream.ForEachOps$ForEachOp$OfRef.evaluateSequential(ForEachOps.java:174) ~[na:na]
	at java.base/java.util.stream.AbstractPipeline.evaluate(AbstractPipeline.java:234) ~[na:na]
	at java.base/java.util.stream.ReferencePipeline.forEach(ReferencePipeline.java:596) ~[na:na]
	at org.springframework.boot.SpringApplication.callRunners(SpringApplication.java:774) ~[spring-boot-3.3.5.jar:3.3.5]
	at org.springframework.boot.SpringApplication.run(SpringApplication.java:342) ~[spring-boot-3.3.5.jar:3.3.5]
	at org.springframework.boot.SpringApplication.run(SpringApplication.java:1363) ~[spring-boot-3.3.5.jar:3.3.5]
	at org.springframework.boot.SpringApplication.run(SpringApplication.java:1352) ~[spring-boot-3.3.5.jar:3.3.5]
	at com.portfolio.ficc.FiccWashModelApplication.main(FiccWashModelApplication.java:20) ~[classes/:na]

2026-06-12T09:25:33.655+09:00  INFO 6540 --- [main] c.p.ficc.app.FiccRunRequestWorker        : ------------------------------------------------------------------------------------------
2026-06-12T09:25:33.655+09:00  INFO 6540 --- [main] c.p.ficc.app.FiccRunRequestWorker        : Run request 14 started: appid=3, region=APAC, businessDate=2026-06-07.
2026-06-12T09:25:33.655+09:00  INFO 6540 --- [main] c.p.f.app.FiccSurveillanceApplication    : ------------------------------------------------------------------------------------------
2026-06-12T09:25:33.655+09:00  INFO 6540 --- [main] c.p.f.app.FiccSurveillanceApplication    : Starting surveillance pipeline: appid=3, region=APAC, businessDate=2026-06-07.
2026-06-12T09:25:33.655+09:00  INFO 6540 --- [main] c.p.f.app.FiccSurveillanceApplication    : ------------------------------------------------------------------------------------------
2026-06-12T09:25:33.666+09:00  INFO 6540 --- [main] c.p.f.app.FiccSurveillanceApplication    : Resolved surveillance model: appid=3, modelid=1, modelCode=FICC_WASH_TRADE, modelClass=com.portfolio.ficc.surveillance.FiccWashTradeModel, region=APAC.
2026-06-12T09:25:33.666+09:00  INFO 6540 --- [main] c.p.f.app.FiccSurveillanceApplication    : ------------------------------------------------------------------------------------------
2026-06-12T09:25:33.676+09:00  INFO 6540 --- [main] c.p.f.app.FiccSurveillanceApplication    : Loaded 2 trades: region=APAC, businessDate=2026-06-07.
2026-06-12T09:25:33.721+09:00  INFO 6540 --- [main] c.p.f.app.FiccSurveillanceApplication    : ------------------------------------------------------------------------------------------
2026-06-12T09:25:33.721+09:00  INFO 6540 --- [main] c.p.f.app.FiccSurveillanceApplication    : Evaluated surveillance model and generated 0 alerts : region=APAC, businessDate=2026-06-07.
2026-06-12T09:25:33.735+09:00  INFO 6540 --- [main] c.p.ficc.io.RunRequestRepository         : ------------------------------------------------------------------------------------------
2026-06-12T09:25:33.735+09:00  WARN 6540 --- [main] c.p.ficc.io.RunRequestRepository         : Marked surveillance run request failed: requestId=14, error=NullPointerException: summary is required.
2026-06-12T09:25:33.736+09:00 ERROR 6540 --- [main] c.p.ficc.app.FiccRunRequestWorker        : Run request 14 failed: appid=3, region=APAC, businessDate=2026-06-07.

java.lang.NullPointerException: summary is required
	at java.base/java.util.Objects.requireNonNull(Objects.java:259) ~[na:na]
	at com.portfolio.ficc.io.RunRequestRepository.markCompleted(RunRequestRepository.java:86) ~[classes/:na]
	at com.portfolio.ficc.app.FiccRunRequestWorker.processClaimedRequest(FiccRunRequestWorker.java:58) ~[classes/:na]
	at com.portfolio.ficc.app.FiccRunRequestWorker.processRunnableRequests(FiccRunRequestWorker.java:44) ~[classes/:na]
	at com.portfolio.ficc.app.FiccRunRequestWorker.run(FiccRunRequestWorker.java:30) ~[classes/:na]
	at com.portfolio.ficc.FiccWashModelApplication.run(FiccWashModelApplication.java:25) ~[classes/:na]
	at org.springframework.boot.SpringApplication.lambda$callRunner$5(SpringApplication.java:790) ~[spring-boot-3.3.5.jar:3.3.5]
	at org.springframework.util.function.ThrowingConsumer$1.acceptWithException(ThrowingConsumer.java:83) ~[spring-core-6.1.14.jar:6.1.14]
	at org.springframework.util.function.ThrowingConsumer.accept(ThrowingConsumer.java:60) ~[spring-core-6.1.14.jar:6.1.14]
	at org.springframework.util.function.ThrowingConsumer$1.accept(ThrowingConsumer.java:88) ~[spring-core-6.1.14.jar:6.1.14]
	at org.springframework.boot.SpringApplication.callRunner(SpringApplication.java:798) ~[spring-boot-3.3.5.jar:3.3.5]
	at org.springframework.boot.SpringApplication.callRunner(SpringApplication.java:789) ~[spring-boot-3.3.5.jar:3.3.5]
	at org.springframework.boot.SpringApplication.lambda$callRunners$3(SpringApplication.java:774) ~[spring-boot-3.3.5.jar:3.3.5]
	at java.base/java.util.stream.ForEachOps$ForEachOp$OfRef.accept(ForEachOps.java:184) ~[na:na]
	at java.base/java.util.stream.SortedOps$SizedRefSortingSink.end(SortedOps.java:357) ~[na:na]
	at java.base/java.util.stream.AbstractPipeline.copyInto(AbstractPipeline.java:510) ~[na:na]
	at java.base/java.util.stream.AbstractPipeline.wrapAndCopyInto(AbstractPipeline.java:499) ~[na:na]
	at java.base/java.util.stream.ForEachOps$ForEachOp.evaluateSequential(ForEachOps.java:151) ~[na:na]
	at java.base/java.util.stream.ForEachOps$ForEachOp$OfRef.evaluateSequential(ForEachOps.java:174) ~[na:na]
	at java.base/java.util.stream.AbstractPipeline.evaluate(AbstractPipeline.java:234) ~[na:na]
	at java.base/java.util.stream.ReferencePipeline.forEach(ReferencePipeline.java:596) ~[na:na]
	at org.springframework.boot.SpringApplication.callRunners(SpringApplication.java:774) ~[spring-boot-3.3.5.jar:3.3.5]
	at org.springframework.boot.SpringApplication.run(SpringApplication.java:342) ~[spring-boot-3.3.5.jar:3.3.5]
	at org.springframework.boot.SpringApplication.run(SpringApplication.java:1363) ~[spring-boot-3.3.5.jar:3.3.5]
	at org.springframework.boot.SpringApplication.run(SpringApplication.java:1352) ~[spring-boot-3.3.5.jar:3.3.5]
	at com.portfolio.ficc.FiccWashModelApplication.main(FiccWashModelApplication.java:20) ~[classes/:na]

2026-06-12T09:25:33.736+09:00  INFO 6540 --- [main] c.p.ficc.app.FiccRunRequestWorker        : ------------------------------------------------------------------------------------------
2026-06-12T09:25:33.736+09:00  INFO 6540 --- [main] c.p.ficc.app.FiccRunRequestWorker        : Run request 15 started: appid=3, region=APAC, businessDate=2026-06-08.
2026-06-12T09:25:33.736+09:00  INFO 6540 --- [main] c.p.f.app.FiccSurveillanceApplication    : ------------------------------------------------------------------------------------------
2026-06-12T09:25:33.736+09:00  INFO 6540 --- [main] c.p.f.app.FiccSurveillanceApplication    : Starting surveillance pipeline: appid=3, region=APAC, businessDate=2026-06-08.
2026-06-12T09:25:33.736+09:00  INFO 6540 --- [main] c.p.f.app.FiccSurveillanceApplication    : ------------------------------------------------------------------------------------------
2026-06-12T09:25:33.747+09:00  INFO 6540 --- [main] c.p.f.app.FiccSurveillanceApplication    : Resolved surveillance model: appid=3, modelid=1, modelCode=FICC_WASH_TRADE, modelClass=com.portfolio.ficc.surveillance.FiccWashTradeModel, region=APAC.
2026-06-12T09:25:33.748+09:00  INFO 6540 --- [main] c.p.f.app.FiccSurveillanceApplication    : ------------------------------------------------------------------------------------------
2026-06-12T09:25:33.757+09:00  INFO 6540 --- [main] c.p.f.app.FiccSurveillanceApplication    : Loaded 8 trades: region=APAC, businessDate=2026-06-08.
2026-06-12T09:25:33.802+09:00  INFO 6540 --- [main] c.p.f.app.FiccSurveillanceApplication    : ------------------------------------------------------------------------------------------
2026-06-12T09:25:33.802+09:00  INFO 6540 --- [main] c.p.f.app.FiccSurveillanceApplication    : Evaluated surveillance model and generated 2 alerts : region=APAC, businessDate=2026-06-08.
2026-06-12T09:25:33.820+09:00  INFO 6540 --- [main] c.p.ficc.io.AlertHistoryRepository       : Saved alert history: alertHistoryId=11, alertId=ficc_wash_alert_11, matchType=ONE_TIME_TRANSACTION, relatedTrades=2, appid=3, modelid=1, region=APAC, businessDate=2026-06-08.
2026-06-12T09:25:33.836+09:00  INFO 6540 --- [main] c.p.ficc.io.AlertHistoryRepository       : Saved alert history: alertHistoryId=12, alertId=ficc_wash_alert_12, matchType=CUMULATIVE_TRANSACTION, relatedTrades=4, appid=3, modelid=1, region=APAC, businessDate=2026-06-08.
2026-06-12T09:25:33.836+09:00  INFO 6540 --- [main] c.p.f.app.FiccSurveillanceApplication    : ------------------------------------------------------------------------------------------
2026-06-12T09:25:33.836+09:00  INFO 6540 --- [main] c.p.f.app.FiccSurveillanceApplication    : Completed surveillance pipeline: tradesProcessed=8, alertsGenerated=2, alertsDispatched=2, duplicateAlerts=0, appid=3, modelid=1, region=APAC, businessDate=2026-06-08.
2026-06-12T09:25:33.852+09:00  INFO 6540 --- [main] c.p.ficc.app.FiccRunRequestWorker        : ------------------------------------------------------------------------------------------
2026-06-12T09:25:33.852+09:00  INFO 6540 --- [main] c.p.ficc.app.FiccRunRequestWorker        : Run request 15 completed: tradesProcessed=8, alertsGenerated=2, alertsDispatched=2, duplicateAlerts=0.
2026-06-12T09:25:33.852+09:00  INFO 6540 --- [main] c.p.ficc.app.FiccRunRequestWorker        : ------------------------------------------------------------------------------------------
2026-06-12T09:25:33.852+09:00  INFO 6540 --- [main] c.p.ficc.app.FiccRunRequestWorker        : Finished processing claimed surveillance requests.
2026-06-12T09:49:43.146+09:00  INFO 6540 --- [http-nio-8080-exec-1] o.a.c.c.C.[Tomcat].[localhost].[/]       : Initializing Spring DispatcherServlet 'dispatcherServlet'
2026-06-12T09:49:43.146+09:00  INFO 6540 --- [http-nio-8080-exec-1] o.s.web.servlet.DispatcherServlet        : Initializing Servlet 'dispatcherServlet'
2026-06-12T09:49:43.162+09:00  INFO 6540 --- [http-nio-8080-exec-1] o.s.web.servlet.DispatcherServlet        : Completed initialization in 16 ms
2026-06-12T09:49:54.478+09:00  INFO 6540 --- [RMI TCP Connection(29)-127.0.0.1] inMXBeanRegistrar$SpringApplicationAdmin : Application shutdown requested.
2026-06-12T09:49:58.334+09:00  INFO 17756 --- [main] c.p.ficc.FiccWashModelApplication        : Starting FiccWashModelApplication using Java 21.0.10 with PID 17756 (C:\Users\GRAVITY\eclipse-workspace\FICC_Wash_Model\target\classes started by GRAVITY in C:\Users\GRAVITY\eclipse-workspace\FICC_Wash_Model)
2026-06-12T09:49:58.334+09:00  INFO 17756 --- [main] c.p.ficc.FiccWashModelApplication        : No active profile set, falling back to 1 default profile: "default"
2026-06-12T09:49:59.397+09:00  INFO 17756 --- [main] o.s.b.w.embedded.tomcat.TomcatWebServer  : Tomcat initialized with port 8080 (http)
2026-06-12T09:49:59.412+09:00  INFO 17756 --- [main] o.apache.catalina.core.StandardService   : Starting service [Tomcat]
2026-06-12T09:49:59.412+09:00  INFO 17756 --- [main] o.apache.catalina.core.StandardEngine    : Starting Servlet engine: [Apache Tomcat/10.1.31]
2026-06-12T09:49:59.451+09:00  INFO 17756 --- [main] o.a.c.c.C.[Tomcat].[localhost].[/]       : Initializing Spring embedded WebApplicationContext
2026-06-12T09:49:59.451+09:00  INFO 17756 --- [main] w.s.c.ServletWebServerApplicationContext : Root WebApplicationContext: initialization completed in 1074 ms
2026-06-12T09:49:59.749+09:00  INFO 17756 --- [main] o.s.b.w.embedded.tomcat.TomcatWebServer  : Tomcat started on port 8080 (http) with context path '/'
2026-06-12T09:49:59.757+09:00  INFO 17756 --- [main] c.p.ficc.FiccWashModelApplication        : Started FiccWashModelApplication in 1.783 seconds (process running for 2.298)
2026-06-12T09:50:01.279+09:00  INFO 17756 --- [http-nio-8080-exec-1] o.a.c.c.C.[Tomcat].[localhost].[/]       : Initializing Spring DispatcherServlet 'dispatcherServlet'
2026-06-12T09:50:01.279+09:00  INFO 17756 --- [http-nio-8080-exec-1] o.s.web.servlet.DispatcherServlet        : Initializing Servlet 'dispatcherServlet'
2026-06-12T09:50:01.279+09:00  INFO 17756 --- [http-nio-8080-exec-1] o.s.web.servlet.DispatcherServlet        : Completed initialization in 0 ms
2026-06-12T09:50:02.779+09:00  INFO 17756 --- [scheduling-1] c.p.ficc.app.FiccRunRequestWorker        : Starting surveillance run request worker.
2026-06-12T09:50:03.137+09:00  INFO 17756 --- [scheduling-1] c.p.ficc.app.FiccRunRequestWorker        : Claimed 9 runnable surveillance request(s).
2026-06-12T09:50:03.139+09:00  INFO 17756 --- [scheduling-1] c.p.ficc.app.FiccRunRequestWorker        : ------------------------------------------------------------------------------------------
2026-06-12T09:50:03.141+09:00  INFO 17756 --- [scheduling-1] c.p.ficc.app.FiccRunRequestWorker        : Run request 6 started: appid=2, region=EMEA, businessDate=2026-06-04.
2026-06-12T09:50:03.141+09:00  INFO 17756 --- [scheduling-1] c.p.f.app.FiccSurveillanceApplication    : ------------------------------------------------------------------------------------------
2026-06-12T09:50:03.141+09:00  INFO 17756 --- [scheduling-1] c.p.f.app.FiccSurveillanceApplication    : Starting surveillance pipeline: appid=2, region=EMEA, businessDate=2026-06-04.
2026-06-12T09:50:03.141+09:00  INFO 17756 --- [scheduling-1] c.p.f.app.FiccSurveillanceApplication    : ------------------------------------------------------------------------------------------
2026-06-12T09:50:03.177+09:00  INFO 17756 --- [scheduling-1] c.p.f.app.FiccSurveillanceApplication    : Resolved surveillance model: appid=2, modelid=1, modelCode=FICC_WASH_TRADE, modelClass=com.portfolio.ficc.surveillance.FiccWashTradeModel, region=EMEA.
2026-06-12T09:50:03.178+09:00  INFO 17756 --- [scheduling-1] c.p.f.app.FiccSurveillanceApplication    : ------------------------------------------------------------------------------------------
2026-06-12T09:50:03.203+09:00  INFO 17756 --- [scheduling-1] c.p.f.app.FiccSurveillanceApplication    : Loaded 0 trades: region=EMEA, businessDate=2026-06-04.
2026-06-12T09:50:03.204+09:00  INFO 17756 --- [scheduling-1] c.p.f.app.FiccSurveillanceApplication    : ------------------------------------------------------------------------------------------
2026-06-12T09:50:03.205+09:00  INFO 17756 --- [scheduling-1] c.p.f.app.FiccSurveillanceApplication    : Evaluated surveillance model and generated 0 alerts : region=EMEA, businessDate=2026-06-04.
2026-06-12T09:50:03.205+09:00  INFO 17756 --- [scheduling-1] c.p.f.app.FiccSurveillanceApplication    : ------------------------------------------------------------------------------------------
2026-06-12T09:50:03.205+09:00  INFO 17756 --- [scheduling-1] c.p.f.app.FiccSurveillanceApplication    : Completed surveillance pipeline: tradesProcessed=0, alertsGenerated=0, alertsDispatched=0, duplicateAlerts=0, appid=2, modelid=1, region=EMEA, businessDate=2026-06-04.
2026-06-12T09:50:03.229+09:00  INFO 17756 --- [scheduling-1] c.p.ficc.app.FiccRunRequestWorker        : ------------------------------------------------------------------------------------------
2026-06-12T09:50:03.229+09:00  INFO 17756 --- [scheduling-1] c.p.ficc.app.FiccRunRequestWorker        : Run request 6 completed: tradesProcessed=0, alertsGenerated=0, alertsDispatched=0, duplicateAlerts=0.
2026-06-12T09:50:03.229+09:00  INFO 17756 --- [scheduling-1] c.p.ficc.app.FiccRunRequestWorker        : ------------------------------------------------------------------------------------------
2026-06-12T09:50:03.229+09:00  INFO 17756 --- [scheduling-1] c.p.ficc.app.FiccRunRequestWorker        : Run request 7 started: appid=2, region=EMEA, businessDate=2026-06-05.
2026-06-12T09:50:03.229+09:00  INFO 17756 --- [scheduling-1] c.p.f.app.FiccSurveillanceApplication    : ------------------------------------------------------------------------------------------
2026-06-12T09:50:03.229+09:00  INFO 17756 --- [scheduling-1] c.p.f.app.FiccSurveillanceApplication    : Starting surveillance pipeline: appid=2, region=EMEA, businessDate=2026-06-05.
2026-06-12T09:50:03.229+09:00  INFO 17756 --- [scheduling-1] c.p.f.app.FiccSurveillanceApplication    : ------------------------------------------------------------------------------------------
2026-06-12T09:50:03.260+09:00  INFO 17756 --- [scheduling-1] c.p.f.app.FiccSurveillanceApplication    : Resolved surveillance model: appid=2, modelid=1, modelCode=FICC_WASH_TRADE, modelClass=com.portfolio.ficc.surveillance.FiccWashTradeModel, region=EMEA.
2026-06-12T09:50:03.260+09:00  INFO 17756 --- [scheduling-1] c.p.f.app.FiccSurveillanceApplication    : ------------------------------------------------------------------------------------------
2026-06-12T09:50:03.278+09:00  INFO 17756 --- [scheduling-1] c.p.f.app.FiccSurveillanceApplication    : Loaded 0 trades: region=EMEA, businessDate=2026-06-05.
2026-06-12T09:50:03.278+09:00  INFO 17756 --- [scheduling-1] c.p.f.app.FiccSurveillanceApplication    : ------------------------------------------------------------------------------------------
2026-06-12T09:50:03.278+09:00  INFO 17756 --- [scheduling-1] c.p.f.app.FiccSurveillanceApplication    : Evaluated surveillance model and generated 0 alerts : region=EMEA, businessDate=2026-06-05.
2026-06-12T09:50:03.278+09:00  INFO 17756 --- [scheduling-1] c.p.f.app.FiccSurveillanceApplication    : ------------------------------------------------------------------------------------------
2026-06-12T09:50:03.278+09:00  INFO 17756 --- [scheduling-1] c.p.f.app.FiccSurveillanceApplication    : Completed surveillance pipeline: tradesProcessed=0, alertsGenerated=0, alertsDispatched=0, duplicateAlerts=0, appid=2, modelid=1, region=EMEA, businessDate=2026-06-05.
2026-06-12T09:50:03.307+09:00  INFO 17756 --- [scheduling-1] c.p.ficc.app.FiccRunRequestWorker        : ------------------------------------------------------------------------------------------
2026-06-12T09:50:03.307+09:00  INFO 17756 --- [scheduling-1] c.p.ficc.app.FiccRunRequestWorker        : Run request 7 completed: tradesProcessed=0, alertsGenerated=0, alertsDispatched=0, duplicateAlerts=0.
2026-06-12T09:50:03.307+09:00  INFO 17756 --- [scheduling-1] c.p.ficc.app.FiccRunRequestWorker        : ------------------------------------------------------------------------------------------
2026-06-12T09:50:03.307+09:00  INFO 17756 --- [scheduling-1] c.p.ficc.app.FiccRunRequestWorker        : Run request 8 started: appid=2, region=EMEA, businessDate=2026-06-06.
2026-06-12T09:50:03.307+09:00  INFO 17756 --- [scheduling-1] c.p.f.app.FiccSurveillanceApplication    : ------------------------------------------------------------------------------------------
2026-06-12T09:50:03.307+09:00  INFO 17756 --- [scheduling-1] c.p.f.app.FiccSurveillanceApplication    : Starting surveillance pipeline: appid=2, region=EMEA, businessDate=2026-06-06.
2026-06-12T09:50:03.309+09:00  INFO 17756 --- [scheduling-1] c.p.f.app.FiccSurveillanceApplication    : ------------------------------------------------------------------------------------------
2026-06-12T09:50:03.325+09:00  INFO 17756 --- [scheduling-1] c.p.f.app.FiccSurveillanceApplication    : Resolved surveillance model: appid=2, modelid=1, modelCode=FICC_WASH_TRADE, modelClass=com.portfolio.ficc.surveillance.FiccWashTradeModel, region=EMEA.
2026-06-12T09:50:03.325+09:00  INFO 17756 --- [scheduling-1] c.p.f.app.FiccSurveillanceApplication    : ------------------------------------------------------------------------------------------
2026-06-12T09:50:03.340+09:00  INFO 17756 --- [scheduling-1] c.p.f.app.FiccSurveillanceApplication    : Loaded 0 trades: region=EMEA, businessDate=2026-06-06.
2026-06-12T09:50:03.340+09:00  INFO 17756 --- [scheduling-1] c.p.f.app.FiccSurveillanceApplication    : ------------------------------------------------------------------------------------------
2026-06-12T09:50:03.340+09:00  INFO 17756 --- [scheduling-1] c.p.f.app.FiccSurveillanceApplication    : Evaluated surveillance model and generated 0 alerts : region=EMEA, businessDate=2026-06-06.
2026-06-12T09:50:03.340+09:00  INFO 17756 --- [scheduling-1] c.p.f.app.FiccSurveillanceApplication    : ------------------------------------------------------------------------------------------
2026-06-12T09:50:03.340+09:00  INFO 17756 --- [scheduling-1] c.p.f.app.FiccSurveillanceApplication    : Completed surveillance pipeline: tradesProcessed=0, alertsGenerated=0, alertsDispatched=0, duplicateAlerts=0, appid=2, modelid=1, region=EMEA, businessDate=2026-06-06.
2026-06-12T09:50:03.366+09:00  INFO 17756 --- [scheduling-1] c.p.ficc.app.FiccRunRequestWorker        : ------------------------------------------------------------------------------------------
2026-06-12T09:50:03.366+09:00  INFO 17756 --- [scheduling-1] c.p.ficc.app.FiccRunRequestWorker        : Run request 8 completed: tradesProcessed=0, alertsGenerated=0, alertsDispatched=0, duplicateAlerts=0.
2026-06-12T09:50:03.366+09:00  INFO 17756 --- [scheduling-1] c.p.ficc.app.FiccRunRequestWorker        : ------------------------------------------------------------------------------------------
2026-06-12T09:50:03.366+09:00  INFO 17756 --- [scheduling-1] c.p.ficc.app.FiccRunRequestWorker        : Run request 9 started: appid=2, region=EMEA, businessDate=2026-06-07.
2026-06-12T09:50:03.366+09:00  INFO 17756 --- [scheduling-1] c.p.f.app.FiccSurveillanceApplication    : ------------------------------------------------------------------------------------------
2026-06-12T09:50:03.366+09:00  INFO 17756 --- [scheduling-1] c.p.f.app.FiccSurveillanceApplication    : Starting surveillance pipeline: appid=2, region=EMEA, businessDate=2026-06-07.
2026-06-12T09:50:03.366+09:00  INFO 17756 --- [scheduling-1] c.p.f.app.FiccSurveillanceApplication    : ------------------------------------------------------------------------------------------
2026-06-12T09:50:03.386+09:00  INFO 17756 --- [scheduling-1] c.p.f.app.FiccSurveillanceApplication    : Resolved surveillance model: appid=2, modelid=1, modelCode=FICC_WASH_TRADE, modelClass=com.portfolio.ficc.surveillance.FiccWashTradeModel, region=EMEA.
2026-06-12T09:50:03.386+09:00  INFO 17756 --- [scheduling-1] c.p.f.app.FiccSurveillanceApplication    : ------------------------------------------------------------------------------------------
2026-06-12T09:50:03.405+09:00  INFO 17756 --- [scheduling-1] c.p.f.app.FiccSurveillanceApplication    : Loaded 0 trades: region=EMEA, businessDate=2026-06-07.
2026-06-12T09:50:03.409+09:00  INFO 17756 --- [scheduling-1] c.p.f.app.FiccSurveillanceApplication    : ------------------------------------------------------------------------------------------
2026-06-12T09:50:03.409+09:00  INFO 17756 --- [scheduling-1] c.p.f.app.FiccSurveillanceApplication    : Evaluated surveillance model and generated 0 alerts : region=EMEA, businessDate=2026-06-07.
2026-06-12T09:50:03.409+09:00  INFO 17756 --- [scheduling-1] c.p.f.app.FiccSurveillanceApplication    : ------------------------------------------------------------------------------------------
2026-06-12T09:50:03.409+09:00  INFO 17756 --- [scheduling-1] c.p.f.app.FiccSurveillanceApplication    : Completed surveillance pipeline: tradesProcessed=0, alertsGenerated=0, alertsDispatched=0, duplicateAlerts=0, appid=2, modelid=1, region=EMEA, businessDate=2026-06-07.
2026-06-12T09:50:03.429+09:00  INFO 17756 --- [scheduling-1] c.p.ficc.app.FiccRunRequestWorker        : ------------------------------------------------------------------------------------------
2026-06-12T09:50:03.429+09:00  INFO 17756 --- [scheduling-1] c.p.ficc.app.FiccRunRequestWorker        : Run request 9 completed: tradesProcessed=0, alertsGenerated=0, alertsDispatched=0, duplicateAlerts=0.
2026-06-12T09:50:03.429+09:00  INFO 17756 --- [scheduling-1] c.p.ficc.app.FiccRunRequestWorker        : ------------------------------------------------------------------------------------------
2026-06-12T09:50:03.429+09:00  INFO 17756 --- [scheduling-1] c.p.ficc.app.FiccRunRequestWorker        : Run request 10 started: appid=2, region=EMEA, businessDate=2026-06-08.
2026-06-12T09:50:03.429+09:00  INFO 17756 --- [scheduling-1] c.p.f.app.FiccSurveillanceApplication    : ------------------------------------------------------------------------------------------
2026-06-12T09:50:03.429+09:00  INFO 17756 --- [scheduling-1] c.p.f.app.FiccSurveillanceApplication    : Starting surveillance pipeline: appid=2, region=EMEA, businessDate=2026-06-08.
2026-06-12T09:50:03.429+09:00  INFO 17756 --- [scheduling-1] c.p.f.app.FiccSurveillanceApplication    : ------------------------------------------------------------------------------------------
2026-06-12T09:50:03.445+09:00  INFO 17756 --- [scheduling-1] c.p.f.app.FiccSurveillanceApplication    : Resolved surveillance model: appid=2, modelid=1, modelCode=FICC_WASH_TRADE, modelClass=com.portfolio.ficc.surveillance.FiccWashTradeModel, region=EMEA.
2026-06-12T09:50:03.445+09:00  INFO 17756 --- [scheduling-1] c.p.f.app.FiccSurveillanceApplication    : ------------------------------------------------------------------------------------------
2026-06-12T09:50:03.462+09:00  INFO 17756 --- [scheduling-1] c.p.f.app.FiccSurveillanceApplication    : Loaded 0 trades: region=EMEA, businessDate=2026-06-08.
2026-06-12T09:50:03.462+09:00  INFO 17756 --- [scheduling-1] c.p.f.app.FiccSurveillanceApplication    : ------------------------------------------------------------------------------------------
2026-06-12T09:50:03.462+09:00  INFO 17756 --- [scheduling-1] c.p.f.app.FiccSurveillanceApplication    : Evaluated surveillance model and generated 0 alerts : region=EMEA, businessDate=2026-06-08.
2026-06-12T09:50:03.462+09:00  INFO 17756 --- [scheduling-1] c.p.f.app.FiccSurveillanceApplication    : ------------------------------------------------------------------------------------------
2026-06-12T09:50:03.462+09:00  INFO 17756 --- [scheduling-1] c.p.f.app.FiccSurveillanceApplication    : Completed surveillance pipeline: tradesProcessed=0, alertsGenerated=0, alertsDispatched=0, duplicateAlerts=0, appid=2, modelid=1, region=EMEA, businessDate=2026-06-08.
2026-06-12T09:50:03.479+09:00  INFO 17756 --- [scheduling-1] c.p.ficc.app.FiccRunRequestWorker        : ------------------------------------------------------------------------------------------
2026-06-12T09:50:03.479+09:00  INFO 17756 --- [scheduling-1] c.p.ficc.app.FiccRunRequestWorker        : Run request 10 completed: tradesProcessed=0, alertsGenerated=0, alertsDispatched=0, duplicateAlerts=0.
2026-06-12T09:50:03.479+09:00  INFO 17756 --- [scheduling-1] c.p.ficc.app.FiccRunRequestWorker        : ------------------------------------------------------------------------------------------
2026-06-12T09:50:03.479+09:00  INFO 17756 --- [scheduling-1] c.p.ficc.app.FiccRunRequestWorker        : Run request 11 started: appid=3, region=APAC, businessDate=2026-06-04.
2026-06-12T09:50:03.479+09:00  INFO 17756 --- [scheduling-1] c.p.f.app.FiccSurveillanceApplication    : ------------------------------------------------------------------------------------------
2026-06-12T09:50:03.479+09:00  INFO 17756 --- [scheduling-1] c.p.f.app.FiccSurveillanceApplication    : Starting surveillance pipeline: appid=3, region=APAC, businessDate=2026-06-04.
2026-06-12T09:50:03.479+09:00  INFO 17756 --- [scheduling-1] c.p.f.app.FiccSurveillanceApplication    : ------------------------------------------------------------------------------------------
2026-06-12T09:50:03.502+09:00  INFO 17756 --- [scheduling-1] c.p.f.app.FiccSurveillanceApplication    : Resolved surveillance model: appid=3, modelid=1, modelCode=FICC_WASH_TRADE, modelClass=com.portfolio.ficc.surveillance.FiccWashTradeModel, region=APAC.
2026-06-12T09:50:03.502+09:00  INFO 17756 --- [scheduling-1] c.p.f.app.FiccSurveillanceApplication    : ------------------------------------------------------------------------------------------
2026-06-12T09:50:03.518+09:00  INFO 17756 --- [scheduling-1] c.p.f.app.FiccSurveillanceApplication    : Loaded 0 trades: region=APAC, businessDate=2026-06-04.
2026-06-12T09:50:03.518+09:00  INFO 17756 --- [scheduling-1] c.p.f.app.FiccSurveillanceApplication    : ------------------------------------------------------------------------------------------
2026-06-12T09:50:03.518+09:00  INFO 17756 --- [scheduling-1] c.p.f.app.FiccSurveillanceApplication    : Evaluated surveillance model and generated 0 alerts : region=APAC, businessDate=2026-06-04.
2026-06-12T09:50:03.518+09:00  INFO 17756 --- [scheduling-1] c.p.f.app.FiccSurveillanceApplication    : ------------------------------------------------------------------------------------------
2026-06-12T09:50:03.518+09:00  INFO 17756 --- [scheduling-1] c.p.f.app.FiccSurveillanceApplication    : Completed surveillance pipeline: tradesProcessed=0, alertsGenerated=0, alertsDispatched=0, duplicateAlerts=0, appid=3, modelid=1, region=APAC, businessDate=2026-06-04.
2026-06-12T09:50:03.539+09:00  INFO 17756 --- [scheduling-1] c.p.ficc.app.FiccRunRequestWorker        : ------------------------------------------------------------------------------------------
2026-06-12T09:50:03.539+09:00  INFO 17756 --- [scheduling-1] c.p.ficc.app.FiccRunRequestWorker        : Run request 11 completed: tradesProcessed=0, alertsGenerated=0, alertsDispatched=0, duplicateAlerts=0.
2026-06-12T09:50:03.539+09:00  INFO 17756 --- [scheduling-1] c.p.ficc.app.FiccRunRequestWorker        : ------------------------------------------------------------------------------------------
2026-06-12T09:50:03.539+09:00  INFO 17756 --- [scheduling-1] c.p.ficc.app.FiccRunRequestWorker        : Run request 12 started: appid=3, region=APAC, businessDate=2026-06-05.
2026-06-12T09:50:03.539+09:00  INFO 17756 --- [scheduling-1] c.p.f.app.FiccSurveillanceApplication    : ------------------------------------------------------------------------------------------
2026-06-12T09:50:03.539+09:00  INFO 17756 --- [scheduling-1] c.p.f.app.FiccSurveillanceApplication    : Starting surveillance pipeline: appid=3, region=APAC, businessDate=2026-06-05.
2026-06-12T09:50:03.539+09:00  INFO 17756 --- [scheduling-1] c.p.f.app.FiccSurveillanceApplication    : ------------------------------------------------------------------------------------------
2026-06-12T09:50:03.560+09:00  INFO 17756 --- [scheduling-1] c.p.f.app.FiccSurveillanceApplication    : Resolved surveillance model: appid=3, modelid=1, modelCode=FICC_WASH_TRADE, modelClass=com.portfolio.ficc.surveillance.FiccWashTradeModel, region=APAC.
2026-06-12T09:50:03.560+09:00  INFO 17756 --- [scheduling-1] c.p.f.app.FiccSurveillanceApplication    : ------------------------------------------------------------------------------------------
2026-06-12T09:50:03.572+09:00  INFO 17756 --- [scheduling-1] c.p.f.app.FiccSurveillanceApplication    : Loaded 0 trades: region=APAC, businessDate=2026-06-05.
2026-06-12T09:50:03.579+09:00  INFO 17756 --- [scheduling-1] c.p.f.app.FiccSurveillanceApplication    : ------------------------------------------------------------------------------------------
2026-06-12T09:50:03.579+09:00  INFO 17756 --- [scheduling-1] c.p.f.app.FiccSurveillanceApplication    : Evaluated surveillance model and generated 0 alerts : region=APAC, businessDate=2026-06-05.
2026-06-12T09:50:03.579+09:00  INFO 17756 --- [scheduling-1] c.p.f.app.FiccSurveillanceApplication    : ------------------------------------------------------------------------------------------
2026-06-12T09:50:03.579+09:00  INFO 17756 --- [scheduling-1] c.p.f.app.FiccSurveillanceApplication    : Completed surveillance pipeline: tradesProcessed=0, alertsGenerated=0, alertsDispatched=0, duplicateAlerts=0, appid=3, modelid=1, region=APAC, businessDate=2026-06-05.
2026-06-12T09:50:03.603+09:00  INFO 17756 --- [scheduling-1] c.p.ficc.app.FiccRunRequestWorker        : ------------------------------------------------------------------------------------------
2026-06-12T09:50:03.603+09:00  INFO 17756 --- [scheduling-1] c.p.ficc.app.FiccRunRequestWorker        : Run request 12 completed: tradesProcessed=0, alertsGenerated=0, alertsDispatched=0, duplicateAlerts=0.
2026-06-12T09:50:03.603+09:00  INFO 17756 --- [scheduling-1] c.p.ficc.app.FiccRunRequestWorker        : ------------------------------------------------------------------------------------------
2026-06-12T09:50:03.603+09:00  INFO 17756 --- [scheduling-1] c.p.ficc.app.FiccRunRequestWorker        : Run request 13 started: appid=3, region=APAC, businessDate=2026-06-06.
2026-06-12T09:50:03.603+09:00  INFO 17756 --- [scheduling-1] c.p.f.app.FiccSurveillanceApplication    : ------------------------------------------------------------------------------------------
2026-06-12T09:50:03.603+09:00  INFO 17756 --- [scheduling-1] c.p.f.app.FiccSurveillanceApplication    : Starting surveillance pipeline: appid=3, region=APAC, businessDate=2026-06-06.
2026-06-12T09:50:03.603+09:00  INFO 17756 --- [scheduling-1] c.p.f.app.FiccSurveillanceApplication    : ------------------------------------------------------------------------------------------
2026-06-12T09:50:03.623+09:00  INFO 17756 --- [scheduling-1] c.p.f.app.FiccSurveillanceApplication    : Resolved surveillance model: appid=3, modelid=1, modelCode=FICC_WASH_TRADE, modelClass=com.portfolio.ficc.surveillance.FiccWashTradeModel, region=APAC.
2026-06-12T09:50:03.623+09:00  INFO 17756 --- [scheduling-1] c.p.f.app.FiccSurveillanceApplication    : ------------------------------------------------------------------------------------------
2026-06-12T09:50:03.635+09:00  INFO 17756 --- [scheduling-1] c.p.f.app.FiccSurveillanceApplication    : Loaded 1 trades: region=APAC, businessDate=2026-06-06.
2026-06-12T09:50:03.730+09:00  INFO 17756 --- [scheduling-1] c.p.f.app.FiccSurveillanceApplication    : ------------------------------------------------------------------------------------------
2026-06-12T09:50:03.730+09:00  INFO 17756 --- [scheduling-1] c.p.f.app.FiccSurveillanceApplication    : Evaluated surveillance model and generated 0 alerts : region=APAC, businessDate=2026-06-06.
2026-06-12T09:50:03.730+09:00  INFO 17756 --- [scheduling-1] c.p.f.app.FiccSurveillanceApplication    : ------------------------------------------------------------------------------------------
2026-06-12T09:50:03.730+09:00  INFO 17756 --- [scheduling-1] c.p.f.app.FiccSurveillanceApplication    : Completed surveillance pipeline: tradesProcessed=1, alertsGenerated=0, alertsDispatched=0, duplicateAlerts=0, appid=3, modelid=1, region=APAC, businessDate=2026-06-06.
2026-06-12T09:50:03.750+09:00  INFO 17756 --- [scheduling-1] c.p.ficc.app.FiccRunRequestWorker        : ------------------------------------------------------------------------------------------
2026-06-12T09:50:03.750+09:00  INFO 17756 --- [scheduling-1] c.p.ficc.app.FiccRunRequestWorker        : Run request 13 completed: tradesProcessed=1, alertsGenerated=0, alertsDispatched=0, duplicateAlerts=0.
2026-06-12T09:50:03.750+09:00  INFO 17756 --- [scheduling-1] c.p.ficc.app.FiccRunRequestWorker        : ------------------------------------------------------------------------------------------
2026-06-12T09:50:03.750+09:00  INFO 17756 --- [scheduling-1] c.p.ficc.app.FiccRunRequestWorker        : Run request 14 started: appid=3, region=APAC, businessDate=2026-06-07.
2026-06-12T09:50:03.750+09:00  INFO 17756 --- [scheduling-1] c.p.f.app.FiccSurveillanceApplication    : ------------------------------------------------------------------------------------------
2026-06-12T09:50:03.750+09:00  INFO 17756 --- [scheduling-1] c.p.f.app.FiccSurveillanceApplication    : Starting surveillance pipeline: appid=3, region=APAC, businessDate=2026-06-07.
2026-06-12T09:50:03.750+09:00  INFO 17756 --- [scheduling-1] c.p.f.app.FiccSurveillanceApplication    : ------------------------------------------------------------------------------------------
2026-06-12T09:50:03.777+09:00  INFO 17756 --- [scheduling-1] c.p.f.app.FiccSurveillanceApplication    : Resolved surveillance model: appid=3, modelid=1, modelCode=FICC_WASH_TRADE, modelClass=com.portfolio.ficc.surveillance.FiccWashTradeModel, region=APAC.
2026-06-12T09:50:03.778+09:00  INFO 17756 --- [scheduling-1] c.p.f.app.FiccSurveillanceApplication    : ------------------------------------------------------------------------------------------
2026-06-12T09:50:03.795+09:00  INFO 17756 --- [scheduling-1] c.p.f.app.FiccSurveillanceApplication    : Loaded 2 trades: region=APAC, businessDate=2026-06-07.
2026-06-12T09:50:03.874+09:00  INFO 17756 --- [scheduling-1] c.p.f.app.FiccSurveillanceApplication    : ------------------------------------------------------------------------------------------
2026-06-12T09:50:03.874+09:00  INFO 17756 --- [scheduling-1] c.p.f.app.FiccSurveillanceApplication    : Evaluated surveillance model and generated 0 alerts : region=APAC, businessDate=2026-06-07.
2026-06-12T09:50:03.874+09:00  INFO 17756 --- [scheduling-1] c.p.f.app.FiccSurveillanceApplication    : ------------------------------------------------------------------------------------------
2026-06-12T09:50:03.874+09:00  INFO 17756 --- [scheduling-1] c.p.f.app.FiccSurveillanceApplication    : Completed surveillance pipeline: tradesProcessed=2, alertsGenerated=0, alertsDispatched=0, duplicateAlerts=0, appid=3, modelid=1, region=APAC, businessDate=2026-06-07.
2026-06-12T09:50:03.889+09:00  INFO 17756 --- [scheduling-1] c.p.ficc.app.FiccRunRequestWorker        : ------------------------------------------------------------------------------------------
2026-06-12T09:50:03.889+09:00  INFO 17756 --- [scheduling-1] c.p.ficc.app.FiccRunRequestWorker        : Run request 14 completed: tradesProcessed=2, alertsGenerated=0, alertsDispatched=0, duplicateAlerts=0.
2026-06-12T09:50:03.889+09:00  INFO 17756 --- [scheduling-1] c.p.ficc.app.FiccRunRequestWorker        : ------------------------------------------------------------------------------------------
2026-06-12T09:50:03.889+09:00  INFO 17756 --- [scheduling-1] c.p.ficc.app.FiccRunRequestWorker        : Finished processing claimed surveillance requests.
2026-06-12T09:50:08.907+09:00  INFO 17756 --- [scheduling-1] c.p.ficc.app.FiccRunRequestWorker        : Starting surveillance run request worker.
2026-06-12T09:50:08.933+09:00  INFO 17756 --- [scheduling-1] c.p.ficc.app.FiccRunRequestWorker        : No pending or failed surveillance run request found.
2026-06-12T09:50:13.937+09:00  INFO 17756 --- [scheduling-1] c.p.ficc.app.FiccRunRequestWorker        : Starting surveillance run request worker.
2026-06-12T09:50:13.981+09:00  INFO 17756 --- [scheduling-1] c.p.ficc.app.FiccRunRequestWorker        : No pending or failed surveillance run request found.
2026-06-12T09:50:18.985+09:00  INFO 17756 --- [scheduling-1] c.p.ficc.app.FiccRunRequestWorker        : Starting surveillance run request worker.
2026-06-12T09:50:19.001+09:00  INFO 17756 --- [scheduling-1] c.p.ficc.app.FiccRunRequestWorker        : No pending or failed surveillance run request found.
2026-06-12T09:50:24.021+09:00  INFO 17756 --- [scheduling-1] c.p.ficc.app.FiccRunRequestWorker        : Starting surveillance run request worker.
2026-06-12T09:50:24.053+09:00  INFO 17756 --- [scheduling-1] c.p.ficc.app.FiccRunRequestWorker        : No pending or failed surveillance run request found.
2026-06-12T09:50:29.062+09:00  INFO 17756 --- [scheduling-1] c.p.ficc.app.FiccRunRequestWorker        : Starting surveillance run request worker.
2026-06-12T09:50:29.084+09:00  INFO 17756 --- [scheduling-1] c.p.ficc.app.FiccRunRequestWorker        : No pending or failed surveillance run request found.
2026-06-12T09:50:34.086+09:00  INFO 17756 --- [scheduling-1] c.p.ficc.app.FiccRunRequestWorker        : Starting surveillance run request worker.
2026-06-12T09:50:34.104+09:00  INFO 17756 --- [scheduling-1] c.p.ficc.app.FiccRunRequestWorker        : No pending or failed surveillance run request found.
2026-06-12T09:50:39.111+09:00  INFO 17756 --- [scheduling-1] c.p.ficc.app.FiccRunRequestWorker        : Starting surveillance run request worker.
2026-06-12T09:50:39.126+09:00  INFO 17756 --- [scheduling-1] c.p.ficc.app.FiccRunRequestWorker        : No pending or failed surveillance run request found.
2026-06-12T09:50:44.136+09:00  INFO 17756 --- [scheduling-1] c.p.ficc.app.FiccRunRequestWorker        : Starting surveillance run request worker.
2026-06-12T09:50:44.168+09:00  INFO 17756 --- [scheduling-1] c.p.ficc.app.FiccRunRequestWorker        : No pending or failed surveillance run request found.
2026-06-12T09:50:49.184+09:00  INFO 17756 --- [scheduling-1] c.p.ficc.app.FiccRunRequestWorker        : Starting surveillance run request worker.
2026-06-12T09:50:49.232+09:00  INFO 17756 --- [scheduling-1] c.p.ficc.app.FiccRunRequestWorker        : No pending or failed surveillance run request found.
2026-06-12T09:50:54.239+09:00  INFO 17756 --- [scheduling-1] c.p.ficc.app.FiccRunRequestWorker        : Starting surveillance run request worker.
2026-06-12T09:50:54.255+09:00  INFO 17756 --- [scheduling-1] c.p.ficc.app.FiccRunRequestWorker        : No pending or failed surveillance run request found.
2026-06-12T09:50:59.267+09:00  INFO 17756 --- [scheduling-1] c.p.ficc.app.FiccRunRequestWorker        : Starting surveillance run request worker.
2026-06-12T09:50:59.302+09:00  INFO 17756 --- [scheduling-1] c.p.ficc.app.FiccRunRequestWorker        : No pending or failed surveillance run request found.
2026-06-12T09:51:04.315+09:00  INFO 17756 --- [scheduling-1] c.p.ficc.app.FiccRunRequestWorker        : Starting surveillance run request worker.
2026-06-12T09:51:04.337+09:00  INFO 17756 --- [scheduling-1] c.p.ficc.app.FiccRunRequestWorker        : No pending or failed surveillance run request found.
2026-06-12T09:51:09.342+09:00  INFO 17756 --- [scheduling-1] c.p.ficc.app.FiccRunRequestWorker        : Starting surveillance run request worker.
2026-06-12T09:51:09.374+09:00  INFO 17756 --- [scheduling-1] c.p.ficc.app.FiccRunRequestWorker        : No pending or failed surveillance run request found.
2026-06-12T09:51:14.389+09:00  INFO 17756 --- [scheduling-1] c.p.ficc.app.FiccRunRequestWorker        : Starting surveillance run request worker.
2026-06-12T09:51:14.389+09:00  INFO 17756 --- [scheduling-1] c.p.ficc.app.FiccRunRequestWorker        : No pending or failed surveillance run request found.
2026-06-12T09:51:19.415+09:00  INFO 17756 --- [scheduling-1] c.p.ficc.app.FiccRunRequestWorker        : Starting surveillance run request worker.
2026-06-12T09:51:19.430+09:00  INFO 17756 --- [scheduling-1] c.p.ficc.app.FiccRunRequestWorker        : No pending or failed surveillance run request found.
2026-06-12T09:51:24.456+09:00  INFO 17756 --- [scheduling-1] c.p.ficc.app.FiccRunRequestWorker        : Starting surveillance run request worker.
2026-06-12T09:51:24.520+09:00  INFO 17756 --- [scheduling-1] c.p.ficc.app.FiccRunRequestWorker        : No pending or failed surveillance run request found.
2026-06-12T09:51:29.530+09:00  INFO 17756 --- [scheduling-1] c.p.ficc.app.FiccRunRequestWorker        : Starting surveillance run request worker.
2026-06-12T09:51:29.563+09:00  INFO 17756 --- [scheduling-1] c.p.ficc.app.FiccRunRequestWorker        : No pending or failed surveillance run request found.
2026-06-12T09:51:34.571+09:00  INFO 17756 --- [scheduling-1] c.p.ficc.app.FiccRunRequestWorker        : Starting surveillance run request worker.
2026-06-12T09:51:34.588+09:00  INFO 17756 --- [scheduling-1] c.p.ficc.app.FiccRunRequestWorker        : No pending or failed surveillance run request found.
2026-06-12T09:51:39.610+09:00  INFO 17756 --- [scheduling-1] c.p.ficc.app.FiccRunRequestWorker        : Starting surveillance run request worker.
2026-06-12T09:51:39.626+09:00  INFO 17756 --- [scheduling-1] c.p.ficc.app.FiccRunRequestWorker        : No pending or failed surveillance run request found.
2026-06-12T09:51:44.629+09:00  INFO 17756 --- [scheduling-1] c.p.ficc.app.FiccRunRequestWorker        : Starting surveillance run request worker.
2026-06-12T09:51:44.644+09:00  INFO 17756 --- [scheduling-1] c.p.ficc.app.FiccRunRequestWorker        : No pending or failed surveillance run request found.
2026-06-12T09:51:49.666+09:00  INFO 17756 --- [scheduling-1] c.p.ficc.app.FiccRunRequestWorker        : Starting surveillance run request worker.
2026-06-12T09:51:49.689+09:00  INFO 17756 --- [scheduling-1] c.p.ficc.app.FiccRunRequestWorker        : No pending or failed surveillance run request found.
2026-06-12T09:51:54.698+09:00  INFO 17756 --- [scheduling-1] c.p.ficc.app.FiccRunRequestWorker        : Starting surveillance run request worker.
2026-06-12T09:51:54.729+09:00  INFO 17756 --- [scheduling-1] c.p.ficc.app.FiccRunRequestWorker        : No pending or failed surveillance run request found.
2026-06-12T09:51:59.735+09:00  INFO 17756 --- [scheduling-1] c.p.ficc.app.FiccRunRequestWorker        : Starting surveillance run request worker.
2026-06-12T09:51:59.770+09:00  INFO 17756 --- [scheduling-1] c.p.ficc.app.FiccRunRequestWorker        : No pending or failed surveillance run request found.
2026-06-12T09:52:04.783+09:00  INFO 17756 --- [scheduling-1] c.p.ficc.app.FiccRunRequestWorker        : Starting surveillance run request worker.
2026-06-12T09:52:04.800+09:00  INFO 17756 --- [scheduling-1] c.p.ficc.app.FiccRunRequestWorker        : No pending or failed surveillance run request found.
2026-06-12T09:52:09.807+09:00  INFO 17756 --- [scheduling-1] c.p.ficc.app.FiccRunRequestWorker        : Starting surveillance run request worker.
2026-06-12T09:52:09.838+09:00  INFO 17756 --- [scheduling-1] c.p.ficc.app.FiccRunRequestWorker        : No pending or failed surveillance run request found.
2026-06-12T09:52:14.844+09:00  INFO 17756 --- [scheduling-1] c.p.ficc.app.FiccRunRequestWorker        : Starting surveillance run request worker.
2026-06-12T09:52:14.874+09:00  INFO 17756 --- [scheduling-1] c.p.ficc.app.FiccRunRequestWorker        : No pending or failed surveillance run request found.
2026-06-12T09:52:19.881+09:00  INFO 17756 --- [scheduling-1] c.p.ficc.app.FiccRunRequestWorker        : Starting surveillance run request worker.
2026-06-12T09:52:19.881+09:00  INFO 17756 --- [scheduling-1] c.p.ficc.app.FiccRunRequestWorker        : No pending or failed surveillance run request found.
2026-06-12T09:52:24.907+09:00  INFO 17756 --- [scheduling-1] c.p.ficc.app.FiccRunRequestWorker        : Starting surveillance run request worker.
2026-06-12T09:52:24.923+09:00  INFO 17756 --- [scheduling-1] c.p.ficc.app.FiccRunRequestWorker        : No pending or failed surveillance run request found.
2026-06-12T09:52:29.933+09:00  INFO 17756 --- [scheduling-1] c.p.ficc.app.FiccRunRequestWorker        : Starting surveillance run request worker.
2026-06-12T09:52:29.954+09:00  INFO 17756 --- [scheduling-1] c.p.ficc.app.FiccRunRequestWorker        : No pending or failed surveillance run request found.
2026-06-12T09:52:34.959+09:00  INFO 17756 --- [scheduling-1] c.p.ficc.app.FiccRunRequestWorker        : Starting surveillance run request worker.
2026-06-12T09:52:35.017+09:00  INFO 17756 --- [scheduling-1] c.p.ficc.app.FiccRunRequestWorker        : No pending or failed surveillance run request found.
2026-06-12T09:52:40.030+09:00  INFO 17756 --- [scheduling-1] c.p.ficc.app.FiccRunRequestWorker        : Starting surveillance run request worker.
2026-06-12T09:52:40.046+09:00  INFO 17756 --- [scheduling-1] c.p.ficc.app.FiccRunRequestWorker        : No pending or failed surveillance run request found.
2026-06-12T09:52:45.065+09:00  INFO 17756 --- [scheduling-1] c.p.ficc.app.FiccRunRequestWorker        : Starting surveillance run request worker.
2026-06-12T09:52:45.086+09:00  INFO 17756 --- [scheduling-1] c.p.ficc.app.FiccRunRequestWorker        : No pending or failed surveillance run request found.
2026-06-12T09:52:50.099+09:00  INFO 17756 --- [scheduling-1] c.p.ficc.app.FiccRunRequestWorker        : Starting surveillance run request worker.
2026-06-12T09:52:50.115+09:00  INFO 17756 --- [scheduling-1] c.p.ficc.app.FiccRunRequestWorker        : No pending or failed surveillance run request found.
2026-06-12T09:52:55.126+09:00  INFO 17756 --- [scheduling-1] c.p.ficc.app.FiccRunRequestWorker        : Starting surveillance run request worker.
2026-06-12T09:52:55.142+09:00  INFO 17756 --- [scheduling-1] c.p.ficc.app.FiccRunRequestWorker        : No pending or failed surveillance run request found.
2026-06-12T09:53:00.146+09:00  INFO 17756 --- [scheduling-1] c.p.ficc.app.FiccRunRequestWorker        : Starting surveillance run request worker.
2026-06-12T09:53:00.161+09:00  INFO 17756 --- [scheduling-1] c.p.ficc.app.FiccRunRequestWorker        : No pending or failed surveillance run request found.
2026-06-12T09:53:05.186+09:00  INFO 17756 --- [scheduling-1] c.p.ficc.app.FiccRunRequestWorker        : Starting surveillance run request worker.
2026-06-12T09:53:05.217+09:00  INFO 17756 --- [scheduling-1] c.p.ficc.app.FiccRunRequestWorker        : No pending or failed surveillance run request found.
2026-06-12T09:53:10.239+09:00  INFO 17756 --- [scheduling-1] c.p.ficc.app.FiccRunRequestWorker        : Starting surveillance run request worker.
2026-06-12T09:53:10.265+09:00  INFO 17756 --- [scheduling-1] c.p.ficc.app.FiccRunRequestWorker        : No pending or failed surveillance run request found.
2026-06-12T09:53:15.270+09:00  INFO 17756 --- [scheduling-1] c.p.ficc.app.FiccRunRequestWorker        : Starting surveillance run request worker.
2026-06-12T09:53:15.303+09:00  INFO 17756 --- [scheduling-1] c.p.ficc.app.FiccRunRequestWorker        : No pending or failed surveillance run request found.
2026-06-12T09:53:20.314+09:00  INFO 17756 --- [scheduling-1] c.p.ficc.app.FiccRunRequestWorker        : Starting surveillance run request worker.
2026-06-12T09:53:20.353+09:00  INFO 17756 --- [scheduling-1] c.p.ficc.app.FiccRunRequestWorker        : No pending or failed surveillance run request found.
2026-06-12T09:53:25.361+09:00  INFO 17756 --- [scheduling-1] c.p.ficc.app.FiccRunRequestWorker        : Starting surveillance run request worker.
2026-06-12T09:53:25.376+09:00  INFO 17756 --- [scheduling-1] c.p.ficc.app.FiccRunRequestWorker        : No pending or failed surveillance run request found.
2026-06-12T09:53:30.390+09:00  INFO 17756 --- [scheduling-1] c.p.ficc.app.FiccRunRequestWorker        : Starting surveillance run request worker.
2026-06-12T09:53:30.406+09:00  INFO 17756 --- [scheduling-1] c.p.ficc.app.FiccRunRequestWorker        : No pending or failed surveillance run request found.
2026-06-12T09:53:35.425+09:00  INFO 17756 --- [scheduling-1] c.p.ficc.app.FiccRunRequestWorker        : Starting surveillance run request worker.
2026-06-12T09:53:35.465+09:00  INFO 17756 --- [scheduling-1] c.p.ficc.app.FiccRunRequestWorker        : No pending or failed surveillance run request found.
2026-06-12T09:53:40.475+09:00  INFO 17756 --- [scheduling-1] c.p.ficc.app.FiccRunRequestWorker        : Starting surveillance run request worker.
2026-06-12T09:53:40.497+09:00  INFO 17756 --- [scheduling-1] c.p.ficc.app.FiccRunRequestWorker        : No pending or failed surveillance run request found.
2026-06-12T09:53:45.514+09:00  INFO 17756 --- [scheduling-1] c.p.ficc.app.FiccRunRequestWorker        : Starting surveillance run request worker.
2026-06-12T09:53:45.543+09:00  INFO 17756 --- [scheduling-1] c.p.ficc.app.FiccRunRequestWorker        : No pending or failed surveillance run request found.
2026-06-12T09:53:50.558+09:00  INFO 17756 --- [scheduling-1] c.p.ficc.app.FiccRunRequestWorker        : Starting surveillance run request worker.
2026-06-12T09:53:50.574+09:00  INFO 17756 --- [scheduling-1] c.p.ficc.app.FiccRunRequestWorker        : No pending or failed surveillance run request found.
2026-06-12T09:53:55.590+09:00  INFO 17756 --- [scheduling-1] c.p.ficc.app.FiccRunRequestWorker        : Starting surveillance run request worker.
2026-06-12T09:53:55.608+09:00  INFO 17756 --- [scheduling-1] c.p.ficc.app.FiccRunRequestWorker        : No pending or failed surveillance run request found.
2026-06-12T09:54:00.617+09:00  INFO 17756 --- [scheduling-1] c.p.ficc.app.FiccRunRequestWorker        : Starting surveillance run request worker.
2026-06-12T09:54:00.686+09:00  INFO 17756 --- [scheduling-1] c.p.ficc.app.FiccRunRequestWorker        : No pending or failed surveillance run request found.
2026-06-12T09:54:05.694+09:00  INFO 17756 --- [scheduling-1] c.p.ficc.app.FiccRunRequestWorker        : Starting surveillance run request worker.
2026-06-12T09:54:05.720+09:00  INFO 17756 --- [scheduling-1] c.p.ficc.app.FiccRunRequestWorker        : No pending or failed surveillance run request found.
2026-06-12T09:54:10.732+09:00  INFO 17756 --- [scheduling-1] c.p.ficc.app.FiccRunRequestWorker        : Starting surveillance run request worker.
2026-06-12T09:54:10.748+09:00  INFO 17756 --- [scheduling-1] c.p.ficc.app.FiccRunRequestWorker        : No pending or failed surveillance run request found.
2026-06-12T09:54:15.750+09:00  INFO 17756 --- [scheduling-1] c.p.ficc.app.FiccRunRequestWorker        : Starting surveillance run request worker.
2026-06-12T09:54:15.779+09:00  INFO 17756 --- [scheduling-1] c.p.ficc.app.FiccRunRequestWorker        : No pending or failed surveillance run request found.
2026-06-12T09:54:20.792+09:00  INFO 17756 --- [scheduling-1] c.p.ficc.app.FiccRunRequestWorker        : Starting surveillance run request worker.
2026-06-12T09:54:20.818+09:00  INFO 17756 --- [scheduling-1] c.p.ficc.app.FiccRunRequestWorker        : No pending or failed surveillance run request found.
2026-06-12T09:54:25.825+09:00  INFO 17756 --- [scheduling-1] c.p.ficc.app.FiccRunRequestWorker        : Starting surveillance run request worker.
2026-06-12T09:54:25.841+09:00  INFO 17756 --- [scheduling-1] c.p.ficc.app.FiccRunRequestWorker        : No pending or failed surveillance run request found.
2026-06-12T09:54:30.860+09:00  INFO 17756 --- [scheduling-1] c.p.ficc.app.FiccRunRequestWorker        : Starting surveillance run request worker.
2026-06-12T09:54:30.901+09:00  INFO 17756 --- [scheduling-1] c.p.ficc.app.FiccRunRequestWorker        : No pending or failed surveillance run request found.
2026-06-12T09:54:35.910+09:00  INFO 17756 --- [scheduling-1] c.p.ficc.app.FiccRunRequestWorker        : Starting surveillance run request worker.
2026-06-12T09:54:35.946+09:00  INFO 17756 --- [scheduling-1] c.p.ficc.app.FiccRunRequestWorker        : No pending or failed surveillance run request found.
2026-06-12T09:54:40.948+09:00  INFO 17756 --- [scheduling-1] c.p.ficc.app.FiccRunRequestWorker        : Starting surveillance run request worker.
2026-06-12T09:54:40.964+09:00  INFO 17756 --- [scheduling-1] c.p.ficc.app.FiccRunRequestWorker        : No pending or failed surveillance run request found.
2026-06-12T09:54:45.973+09:00  INFO 17756 --- [scheduling-1] c.p.ficc.app.FiccRunRequestWorker        : Starting surveillance run request worker.
2026-06-12T09:54:45.989+09:00  INFO 17756 --- [scheduling-1] c.p.ficc.app.FiccRunRequestWorker        : No pending or failed surveillance run request found.
2026-06-12T09:54:50.992+09:00  INFO 17756 --- [scheduling-1] c.p.ficc.app.FiccRunRequestWorker        : Starting surveillance run request worker.
2026-06-12T09:54:51.020+09:00  INFO 17756 --- [scheduling-1] c.p.ficc.app.FiccRunRequestWorker        : No pending or failed surveillance run request found.
2026-06-12T09:54:56.030+09:00  INFO 17756 --- [scheduling-1] c.p.ficc.app.FiccRunRequestWorker        : Starting surveillance run request worker.
2026-06-12T09:54:56.058+09:00  INFO 17756 --- [scheduling-1] c.p.ficc.app.FiccRunRequestWorker        : No pending or failed surveillance run request found.
2026-06-12T09:55:01.073+09:00  INFO 17756 --- [scheduling-1] c.p.ficc.app.FiccRunRequestWorker        : Starting surveillance run request worker.
2026-06-12T09:55:01.103+09:00  INFO 17756 --- [scheduling-1] c.p.ficc.app.FiccRunRequestWorker        : No pending or failed surveillance run request found.
2026-06-12T09:55:06.114+09:00  INFO 17756 --- [scheduling-1] c.p.ficc.app.FiccRunRequestWorker        : Starting surveillance run request worker.
2026-06-12T09:55:06.159+09:00  INFO 17756 --- [scheduling-1] c.p.ficc.app.FiccRunRequestWorker        : No pending or failed surveillance run request found.
2026-06-12T09:55:11.178+09:00  INFO 17756 --- [scheduling-1] c.p.ficc.app.FiccRunRequestWorker        : Starting surveillance run request worker.
2026-06-12T09:55:11.210+09:00  INFO 17756 --- [scheduling-1] c.p.ficc.app.FiccRunRequestWorker        : No pending or failed surveillance run request found.
2026-06-12T09:55:16.215+09:00  INFO 17756 --- [scheduling-1] c.p.ficc.app.FiccRunRequestWorker        : Starting surveillance run request worker.
2026-06-12T09:55:16.233+09:00  INFO 17756 --- [scheduling-1] c.p.ficc.app.FiccRunRequestWorker        : No pending or failed surveillance run request found.
2026-06-12T09:55:21.235+09:00  INFO 17756 --- [scheduling-1] c.p.ficc.app.FiccRunRequestWorker        : Starting surveillance run request worker.
2026-06-12T09:55:21.257+09:00  INFO 17756 --- [scheduling-1] c.p.ficc.app.FiccRunRequestWorker        : No pending or failed surveillance run request found.
2026-06-12T09:55:26.271+09:00  INFO 17756 --- [scheduling-1] c.p.ficc.app.FiccRunRequestWorker        : Starting surveillance run request worker.
2026-06-12T09:55:26.292+09:00  INFO 17756 --- [scheduling-1] c.p.ficc.app.FiccRunRequestWorker        : No pending or failed surveillance run request found.
2026-06-12T09:55:31.305+09:00  INFO 17756 --- [scheduling-1] c.p.ficc.app.FiccRunRequestWorker        : Starting surveillance run request worker.
2026-06-12T09:55:31.330+09:00  INFO 17756 --- [scheduling-1] c.p.ficc.app.FiccRunRequestWorker        : No pending or failed surveillance run request found.
2026-06-12T09:55:36.341+09:00  INFO 17756 --- [scheduling-1] c.p.ficc.app.FiccRunRequestWorker        : Starting surveillance run request worker.
2026-06-12T09:55:36.341+09:00  INFO 17756 --- [scheduling-1] c.p.ficc.app.FiccRunRequestWorker        : No pending or failed surveillance run request found.
2026-06-12T09:55:41.356+09:00  INFO 17756 --- [scheduling-1] c.p.ficc.app.FiccRunRequestWorker        : Starting surveillance run request worker.
2026-06-12T09:55:41.377+09:00  INFO 17756 --- [scheduling-1] c.p.ficc.app.FiccRunRequestWorker        : No pending or failed surveillance run request found.
2026-06-12T09:55:46.382+09:00  INFO 17756 --- [scheduling-1] c.p.ficc.app.FiccRunRequestWorker        : Starting surveillance run request worker.
2026-06-12T09:55:46.398+09:00  INFO 17756 --- [scheduling-1] c.p.ficc.app.FiccRunRequestWorker        : No pending or failed surveillance run request found.
2026-06-12T09:55:51.414+09:00  INFO 17756 --- [scheduling-1] c.p.ficc.app.FiccRunRequestWorker        : Starting surveillance run request worker.
2026-06-12T09:55:51.427+09:00  INFO 17756 --- [scheduling-1] c.p.ficc.app.FiccRunRequestWorker        : No pending or failed surveillance run request found.
2026-06-12T09:55:56.438+09:00  INFO 17756 --- [scheduling-1] c.p.ficc.app.FiccRunRequestWorker        : Starting surveillance run request worker.
2026-06-12T09:55:56.476+09:00  INFO 17756 --- [scheduling-1] c.p.ficc.app.FiccRunRequestWorker        : No pending or failed surveillance run request found.
2026-06-12T09:56:01.478+09:00  INFO 17756 --- [scheduling-1] c.p.ficc.app.FiccRunRequestWorker        : Starting surveillance run request worker.
2026-06-12T09:56:01.494+09:00  INFO 17756 --- [scheduling-1] c.p.ficc.app.FiccRunRequestWorker        : No pending or failed surveillance run request found.
2026-06-12T09:56:06.514+09:00  INFO 17756 --- [scheduling-1] c.p.ficc.app.FiccRunRequestWorker        : Starting surveillance run request worker.
2026-06-12T09:56:06.553+09:00  INFO 17756 --- [scheduling-1] c.p.ficc.app.FiccRunRequestWorker        : No pending or failed surveillance run request found.
2026-06-12T09:56:11.560+09:00  INFO 17756 --- [scheduling-1] c.p.ficc.app.FiccRunRequestWorker        : Starting surveillance run request worker.
2026-06-12T09:56:11.582+09:00  INFO 17756 --- [scheduling-1] c.p.ficc.app.FiccRunRequestWorker        : No pending or failed surveillance run request found.
2026-06-12T09:56:16.593+09:00  INFO 17756 --- [scheduling-1] c.p.ficc.app.FiccRunRequestWorker        : Starting surveillance run request worker.
2026-06-12T09:56:16.622+09:00  INFO 17756 --- [scheduling-1] c.p.ficc.app.FiccRunRequestWorker        : No pending or failed surveillance run request found.
2026-06-12T09:56:21.630+09:00  INFO 17756 --- [scheduling-1] c.p.ficc.app.FiccRunRequestWorker        : Starting surveillance run request worker.
2026-06-12T09:56:21.666+09:00  INFO 17756 --- [scheduling-1] c.p.ficc.app.FiccRunRequestWorker        : No pending or failed surveillance run request found.
2026-06-12T09:56:26.668+09:00  INFO 17756 --- [scheduling-1] c.p.ficc.app.FiccRunRequestWorker        : Starting surveillance run request worker.
2026-06-12T09:56:26.695+09:00  INFO 17756 --- [scheduling-1] c.p.ficc.app.FiccRunRequestWorker        : No pending or failed surveillance run request found.
2026-06-12T09:56:31.710+09:00  INFO 17756 --- [scheduling-1] c.p.ficc.app.FiccRunRequestWorker        : Starting surveillance run request worker.
2026-06-12T09:56:31.742+09:00  INFO 17756 --- [scheduling-1] c.p.ficc.app.FiccRunRequestWorker        : No pending or failed surveillance run request found.
2026-06-12T09:56:36.750+09:00  INFO 17756 --- [scheduling-1] c.p.ficc.app.FiccRunRequestWorker        : Starting surveillance run request worker.
2026-06-12T09:56:36.766+09:00  INFO 17756 --- [scheduling-1] c.p.ficc.app.FiccRunRequestWorker        : No pending or failed surveillance run request found.
2026-06-12T09:56:41.776+09:00  INFO 17756 --- [scheduling-1] c.p.ficc.app.FiccRunRequestWorker        : Starting surveillance run request worker.
2026-06-12T09:56:41.790+09:00  INFO 17756 --- [scheduling-1] c.p.ficc.app.FiccRunRequestWorker        : No pending or failed surveillance run request found.
2026-06-12T09:56:46.808+09:00  INFO 17756 --- [scheduling-1] c.p.ficc.app.FiccRunRequestWorker        : Starting surveillance run request worker.
2026-06-12T09:56:46.860+09:00  INFO 17756 --- [scheduling-1] c.p.ficc.app.FiccRunRequestWorker        : No pending or failed surveillance run request found.
2026-06-12T09:56:51.867+09:00  INFO 17756 --- [scheduling-1] c.p.ficc.app.FiccRunRequestWorker        : Starting surveillance run request worker.
2026-06-12T09:56:51.899+09:00  INFO 17756 --- [scheduling-1] c.p.ficc.app.FiccRunRequestWorker        : No pending or failed surveillance run request found.
2026-06-12T09:56:56.905+09:00  INFO 17756 --- [scheduling-1] c.p.ficc.app.FiccRunRequestWorker        : Starting surveillance run request worker.
2026-06-12T09:56:56.937+09:00  INFO 17756 --- [scheduling-1] c.p.ficc.app.FiccRunRequestWorker        : No pending or failed surveillance run request found.
2026-06-12T09:57:01.953+09:00  INFO 17756 --- [scheduling-1] c.p.ficc.app.FiccRunRequestWorker        : Starting surveillance run request worker.
2026-06-12T09:57:01.978+09:00  INFO 17756 --- [scheduling-1] c.p.ficc.app.FiccRunRequestWorker        : No pending or failed surveillance run request found.
2026-06-12T09:57:06.989+09:00  INFO 17756 --- [scheduling-1] c.p.ficc.app.FiccRunRequestWorker        : Starting surveillance run request worker.
2026-06-12T09:57:07.011+09:00  INFO 17756 --- [scheduling-1] c.p.ficc.app.FiccRunRequestWorker        : No pending or failed surveillance run request found.
2026-06-12T09:57:12.028+09:00  INFO 17756 --- [scheduling-1] c.p.ficc.app.FiccRunRequestWorker        : Starting surveillance run request worker.
2026-06-12T09:57:12.044+09:00  INFO 17756 --- [scheduling-1] c.p.ficc.app.FiccRunRequestWorker        : No pending or failed surveillance run request found.
2026-06-12T09:57:17.062+09:00  INFO 17756 --- [scheduling-1] c.p.ficc.app.FiccRunRequestWorker        : Starting surveillance run request worker.
2026-06-12T09:57:17.078+09:00  INFO 17756 --- [scheduling-1] c.p.ficc.app.FiccRunRequestWorker        : No pending or failed surveillance run request found.
2026-06-12T09:57:22.097+09:00  INFO 17756 --- [scheduling-1] c.p.ficc.app.FiccRunRequestWorker        : Starting surveillance run request worker.
2026-06-12T09:57:22.113+09:00  INFO 17756 --- [scheduling-1] c.p.ficc.app.FiccRunRequestWorker        : No pending or failed surveillance run request found.
2026-06-12T09:57:27.125+09:00  INFO 17756 --- [scheduling-1] c.p.ficc.app.FiccRunRequestWorker        : Starting surveillance run request worker.
2026-06-12T09:57:27.141+09:00  INFO 17756 --- [scheduling-1] c.p.ficc.app.FiccRunRequestWorker        : No pending or failed surveillance run request found.
2026-06-12T09:57:32.159+09:00  INFO 17756 --- [scheduling-1] c.p.ficc.app.FiccRunRequestWorker        : Starting surveillance run request worker.
2026-06-12T09:57:32.175+09:00  INFO 17756 --- [scheduling-1] c.p.ficc.app.FiccRunRequestWorker        : No pending or failed surveillance run request found.
2026-06-12T09:57:37.190+09:00  INFO 17756 --- [scheduling-1] c.p.ficc.app.FiccRunRequestWorker        : Starting surveillance run request worker.
2026-06-12T09:57:37.206+09:00  INFO 17756 --- [scheduling-1] c.p.ficc.app.FiccRunRequestWorker        : No pending or failed surveillance run request found.
2026-06-12T09:57:42.219+09:00  INFO 17756 --- [scheduling-1] c.p.ficc.app.FiccRunRequestWorker        : Starting surveillance run request worker.
2026-06-12T09:57:42.235+09:00  INFO 17756 --- [scheduling-1] c.p.ficc.app.FiccRunRequestWorker        : No pending or failed surveillance run request found.
2026-06-12T09:57:47.249+09:00  INFO 17756 --- [scheduling-1] c.p.ficc.app.FiccRunRequestWorker        : Starting surveillance run request worker.
2026-06-12T09:57:47.265+09:00  INFO 17756 --- [scheduling-1] c.p.ficc.app.FiccRunRequestWorker        : No pending or failed surveillance run request found.
2026-06-12T09:57:52.270+09:00  INFO 17756 --- [scheduling-1] c.p.ficc.app.FiccRunRequestWorker        : Starting surveillance run request worker.
2026-06-12T09:57:52.284+09:00  INFO 17756 --- [scheduling-1] c.p.ficc.app.FiccRunRequestWorker        : No pending or failed surveillance run request found.
2026-06-12T09:57:57.315+09:00  INFO 17756 --- [scheduling-1] c.p.ficc.app.FiccRunRequestWorker        : Starting surveillance run request worker.
2026-06-12T09:57:57.331+09:00  INFO 17756 --- [scheduling-1] c.p.ficc.app.FiccRunRequestWorker        : No pending or failed surveillance run request found.
2026-06-12T09:58:02.355+09:00  INFO 17756 --- [scheduling-1] c.p.ficc.app.FiccRunRequestWorker        : Starting surveillance run request worker.
2026-06-12T09:58:02.371+09:00  INFO 17756 --- [scheduling-1] c.p.ficc.app.FiccRunRequestWorker        : No pending or failed surveillance run request found.
2026-06-12T09:58:07.386+09:00  INFO 17756 --- [scheduling-1] c.p.ficc.app.FiccRunRequestWorker        : Starting surveillance run request worker.
2026-06-12T09:58:07.418+09:00  INFO 17756 --- [scheduling-1] c.p.ficc.app.FiccRunRequestWorker        : No pending or failed surveillance run request found.
2026-06-12T09:58:12.435+09:00  INFO 17756 --- [scheduling-1] c.p.ficc.app.FiccRunRequestWorker        : Starting surveillance run request worker.
2026-06-12T09:58:12.451+09:00  INFO 17756 --- [scheduling-1] c.p.ficc.app.FiccRunRequestWorker        : No pending or failed surveillance run request found.
2026-06-12T09:58:17.463+09:00  INFO 17756 --- [scheduling-1] c.p.ficc.app.FiccRunRequestWorker        : Starting surveillance run request worker.
2026-06-12T09:58:17.479+09:00  INFO 17756 --- [scheduling-1] c.p.ficc.app.FiccRunRequestWorker        : No pending or failed surveillance run request found.
2026-06-12T09:58:22.492+09:00  INFO 17756 --- [scheduling-1] c.p.ficc.app.FiccRunRequestWorker        : Starting surveillance run request worker.
2026-06-12T09:58:22.508+09:00  INFO 17756 --- [scheduling-1] c.p.ficc.app.FiccRunRequestWorker        : No pending or failed surveillance run request found.
2026-06-12T09:58:27.517+09:00  INFO 17756 --- [scheduling-1] c.p.ficc.app.FiccRunRequestWorker        : Starting surveillance run request worker.
2026-06-12T09:58:27.544+09:00  INFO 17756 --- [scheduling-1] c.p.ficc.app.FiccRunRequestWorker        : No pending or failed surveillance run request found.
2026-06-12T09:58:32.551+09:00  INFO 17756 --- [scheduling-1] c.p.ficc.app.FiccRunRequestWorker        : Starting surveillance run request worker.
2026-06-12T09:58:32.567+09:00  INFO 17756 --- [scheduling-1] c.p.ficc.app.FiccRunRequestWorker        : No pending or failed surveillance run request found.
2026-06-12T09:58:37.580+09:00  INFO 17756 --- [scheduling-1] c.p.ficc.app.FiccRunRequestWorker        : Starting surveillance run request worker.
2026-06-12T09:58:37.596+09:00  INFO 17756 --- [scheduling-1] c.p.ficc.app.FiccRunRequestWorker        : No pending or failed surveillance run request found.
2026-06-12T09:58:42.616+09:00  INFO 17756 --- [scheduling-1] c.p.ficc.app.FiccRunRequestWorker        : Starting surveillance run request worker.
2026-06-12T09:58:42.632+09:00  INFO 17756 --- [scheduling-1] c.p.ficc.app.FiccRunRequestWorker        : No pending or failed surveillance run request found.
2026-06-12T09:58:47.642+09:00  INFO 17756 --- [scheduling-1] c.p.ficc.app.FiccRunRequestWorker        : Starting surveillance run request worker.
2026-06-12T09:58:47.658+09:00  INFO 17756 --- [scheduling-1] c.p.ficc.app.FiccRunRequestWorker        : No pending or failed surveillance run request found.
2026-06-12T09:58:52.673+09:00  INFO 17756 --- [scheduling-1] c.p.ficc.app.FiccRunRequestWorker        : Starting surveillance run request worker.
2026-06-12T09:58:52.689+09:00  INFO 17756 --- [scheduling-1] c.p.ficc.app.FiccRunRequestWorker        : No pending or failed surveillance run request found.
2026-06-12T09:58:57.705+09:00  INFO 17756 --- [scheduling-1] c.p.ficc.app.FiccRunRequestWorker        : Starting surveillance run request worker.
2026-06-12T09:58:57.721+09:00  INFO 17756 --- [scheduling-1] c.p.ficc.app.FiccRunRequestWorker        : No pending or failed surveillance run request found.
2026-06-12T09:59:02.735+09:00  INFO 17756 --- [scheduling-1] c.p.ficc.app.FiccRunRequestWorker        : Starting surveillance run request worker.
2026-06-12T09:59:02.756+09:00  INFO 17756 --- [scheduling-1] c.p.ficc.app.FiccRunRequestWorker        : No pending or failed surveillance run request found.
2026-06-12T09:59:07.781+09:00  INFO 17756 --- [scheduling-1] c.p.ficc.app.FiccRunRequestWorker        : Starting surveillance run request worker.
2026-06-12T09:59:07.797+09:00  INFO 17756 --- [scheduling-1] c.p.ficc.app.FiccRunRequestWorker        : No pending or failed surveillance run request found.
2026-06-12T09:59:12.821+09:00  INFO 17756 --- [scheduling-1] c.p.ficc.app.FiccRunRequestWorker        : Starting surveillance run request worker.
2026-06-12T09:59:12.837+09:00  INFO 17756 --- [scheduling-1] c.p.ficc.app.FiccRunRequestWorker        : No pending or failed surveillance run request found.
2026-06-12T09:59:17.853+09:00  INFO 17756 --- [scheduling-1] c.p.ficc.app.FiccRunRequestWorker        : Starting surveillance run request worker.
2026-06-12T09:59:17.885+09:00  INFO 17756 --- [scheduling-1] c.p.ficc.app.FiccRunRequestWorker        : No pending or failed surveillance run request found.
2026-06-12T09:59:22.899+09:00  INFO 17756 --- [scheduling-1] c.p.ficc.app.FiccRunRequestWorker        : Starting surveillance run request worker.
2026-06-12T09:59:22.923+09:00  INFO 17756 --- [scheduling-1] c.p.ficc.app.FiccRunRequestWorker        : No pending or failed surveillance run request found.
2026-06-12T09:59:27.944+09:00  INFO 17756 --- [scheduling-1] c.p.ficc.app.FiccRunRequestWorker        : Starting surveillance run request worker.
2026-06-12T09:59:27.960+09:00  INFO 17756 --- [scheduling-1] c.p.ficc.app.FiccRunRequestWorker        : No pending or failed surveillance run request found.
2026-06-12T09:59:32.975+09:00  INFO 17756 --- [scheduling-1] c.p.ficc.app.FiccRunRequestWorker        : Starting surveillance run request worker.
2026-06-12T09:59:32.991+09:00  INFO 17756 --- [scheduling-1] c.p.ficc.app.FiccRunRequestWorker        : No pending or failed surveillance run request found.
2026-06-12T09:59:38.020+09:00  INFO 17756 --- [scheduling-1] c.p.ficc.app.FiccRunRequestWorker        : Starting surveillance run request worker.
2026-06-12T09:59:38.036+09:00  INFO 17756 --- [scheduling-1] c.p.ficc.app.FiccRunRequestWorker        : No pending or failed surveillance run request found.
2026-06-12T09:59:43.062+09:00  INFO 17756 --- [scheduling-1] c.p.ficc.app.FiccRunRequestWorker        : Starting surveillance run request worker.
2026-06-12T09:59:43.078+09:00  INFO 17756 --- [scheduling-1] c.p.ficc.app.FiccRunRequestWorker        : No pending or failed surveillance run request found.
2026-06-12T09:59:48.095+09:00  INFO 17756 --- [scheduling-1] c.p.ficc.app.FiccRunRequestWorker        : Starting surveillance run request worker.
2026-06-12T09:59:48.111+09:00  INFO 17756 --- [scheduling-1] c.p.ficc.app.FiccRunRequestWorker        : No pending or failed surveillance run request found.
2026-06-12T09:59:53.123+09:00  INFO 17756 --- [scheduling-1] c.p.ficc.app.FiccRunRequestWorker        : Starting surveillance run request worker.
2026-06-12T09:59:53.155+09:00  INFO 17756 --- [scheduling-1] c.p.ficc.app.FiccRunRequestWorker        : No pending or failed surveillance run request found.
2026-06-12T09:59:58.167+09:00  INFO 17756 --- [scheduling-1] c.p.ficc.app.FiccRunRequestWorker        : Starting surveillance run request worker.
2026-06-12T09:59:58.184+09:00  INFO 17756 --- [scheduling-1] c.p.ficc.app.FiccRunRequestWorker        : No pending or failed surveillance run request found.
2026-06-12T10:00:03.200+09:00  INFO 17756 --- [scheduling-1] c.p.ficc.app.FiccRunRequestWorker        : Starting surveillance run request worker.
2026-06-12T10:00:03.216+09:00  INFO 17756 --- [scheduling-1] c.p.ficc.app.FiccRunRequestWorker        : No pending or failed surveillance run request found.
2026-06-12T10:00:08.230+09:00  INFO 17756 --- [scheduling-1] c.p.ficc.app.FiccRunRequestWorker        : Starting surveillance run request worker.
2026-06-12T10:00:08.246+09:00  INFO 17756 --- [scheduling-1] c.p.ficc.app.FiccRunRequestWorker        : No pending or failed surveillance run request found.
2026-06-12T10:00:13.275+09:00  INFO 17756 --- [scheduling-1] c.p.ficc.app.FiccRunRequestWorker        : Starting surveillance run request worker.
2026-06-12T10:00:13.292+09:00  INFO 17756 --- [scheduling-1] c.p.ficc.app.FiccRunRequestWorker        : No pending or failed surveillance run request found.
2026-06-12T10:00:18.319+09:00  INFO 17756 --- [scheduling-1] c.p.ficc.app.FiccRunRequestWorker        : Starting surveillance run request worker.
2026-06-12T10:00:18.319+09:00  INFO 17756 --- [scheduling-1] c.p.ficc.app.FiccRunRequestWorker        : No pending or failed surveillance run request found.
2026-06-12T10:00:23.342+09:00  INFO 17756 --- [scheduling-1] c.p.ficc.app.FiccRunRequestWorker        : Starting surveillance run request worker.
2026-06-12T10:00:23.358+09:00  INFO 17756 --- [scheduling-1] c.p.ficc.app.FiccRunRequestWorker        : No pending or failed surveillance run request found.
2026-06-12T10:00:28.372+09:00  INFO 17756 --- [scheduling-1] c.p.ficc.app.FiccRunRequestWorker        : Starting surveillance run request worker.
2026-06-12T10:00:28.402+09:00  INFO 17756 --- [scheduling-1] c.p.ficc.app.FiccRunRequestWorker        : No pending or failed surveillance run request found.
2026-06-12T10:00:33.413+09:00  INFO 17756 --- [scheduling-1] c.p.ficc.app.FiccRunRequestWorker        : Starting surveillance run request worker.
2026-06-12T10:00:33.443+09:00  INFO 17756 --- [scheduling-1] c.p.ficc.app.FiccRunRequestWorker        : No pending or failed surveillance run request found.
2026-06-12T10:00:38.457+09:00  INFO 17756 --- [scheduling-1] c.p.ficc.app.FiccRunRequestWorker        : Starting surveillance run request worker.
2026-06-12T10:00:38.485+09:00  INFO 17756 --- [scheduling-1] c.p.ficc.app.FiccRunRequestWorker        : No pending or failed surveillance run request found.
2026-06-12T10:00:43.494+09:00  INFO 17756 --- [scheduling-1] c.p.ficc.app.FiccRunRequestWorker        : Starting surveillance run request worker.
2026-06-12T10:00:43.524+09:00  INFO 17756 --- [scheduling-1] c.p.ficc.app.FiccRunRequestWorker        : No pending or failed surveillance run request found.
2026-06-12T10:00:48.532+09:00  INFO 17756 --- [scheduling-1] c.p.ficc.app.FiccRunRequestWorker        : Starting surveillance run request worker.
2026-06-12T10:00:48.549+09:00  INFO 17756 --- [scheduling-1] c.p.ficc.app.FiccRunRequestWorker        : No pending or failed surveillance run request found.
2026-06-12T10:00:53.560+09:00  INFO 17756 --- [scheduling-1] c.p.ficc.app.FiccRunRequestWorker        : Starting surveillance run request worker.
2026-06-12T10:00:53.581+09:00  INFO 17756 --- [scheduling-1] c.p.ficc.app.FiccRunRequestWorker        : No pending or failed surveillance run request found.
2026-06-12T10:00:58.587+09:00  INFO 17756 --- [scheduling-1] c.p.ficc.app.FiccRunRequestWorker        : Starting surveillance run request worker.
2026-06-12T10:00:58.607+09:00  INFO 17756 --- [scheduling-1] c.p.ficc.app.FiccRunRequestWorker        : No pending or failed surveillance run request found.
2026-06-12T10:01:03.619+09:00  INFO 17756 --- [scheduling-1] c.p.ficc.app.FiccRunRequestWorker        : Starting surveillance run request worker.
2026-06-12T10:01:03.638+09:00  INFO 17756 --- [scheduling-1] c.p.ficc.app.FiccRunRequestWorker        : No pending or failed surveillance run request found.
2026-06-12T10:01:08.653+09:00  INFO 17756 --- [scheduling-1] c.p.ficc.app.FiccRunRequestWorker        : Starting surveillance run request worker.
2026-06-12T10:01:08.669+09:00  INFO 17756 --- [scheduling-1] c.p.ficc.app.FiccRunRequestWorker        : No pending or failed surveillance run request found.
2026-06-12T10:01:13.687+09:00  INFO 17756 --- [scheduling-1] c.p.ficc.app.FiccRunRequestWorker        : Starting surveillance run request worker.
2026-06-12T10:01:13.711+09:00  INFO 17756 --- [scheduling-1] c.p.ficc.app.FiccRunRequestWorker        : No pending or failed surveillance run request found.
2026-06-12T10:01:18.721+09:00  INFO 17756 --- [scheduling-1] c.p.ficc.app.FiccRunRequestWorker        : Starting surveillance run request worker.
2026-06-12T10:01:18.737+09:00  INFO 17756 --- [scheduling-1] c.p.ficc.app.FiccRunRequestWorker        : No pending or failed surveillance run request found.
2026-06-12T10:01:23.757+09:00  INFO 17756 --- [scheduling-1] c.p.ficc.app.FiccRunRequestWorker        : Starting surveillance run request worker.
2026-06-12T10:01:23.785+09:00  INFO 17756 --- [scheduling-1] c.p.ficc.app.FiccRunRequestWorker        : No pending or failed surveillance run request found.
2026-06-12T10:01:28.794+09:00  INFO 17756 --- [scheduling-1] c.p.ficc.app.FiccRunRequestWorker        : Starting surveillance run request worker.
2026-06-12T10:01:28.811+09:00  INFO 17756 --- [scheduling-1] c.p.ficc.app.FiccRunRequestWorker        : No pending or failed surveillance run request found.
2026-06-12T10:01:33.828+09:00  INFO 17756 --- [scheduling-1] c.p.ficc.app.FiccRunRequestWorker        : Starting surveillance run request worker.
2026-06-12T10:01:33.860+09:00  INFO 17756 --- [scheduling-1] c.p.ficc.app.FiccRunRequestWorker        : No pending or failed surveillance run request found.
2026-06-12T10:01:38.864+09:00  INFO 17756 --- [scheduling-1] c.p.ficc.app.FiccRunRequestWorker        : Starting surveillance run request worker.
2026-06-12T10:01:38.889+09:00  INFO 17756 --- [scheduling-1] c.p.ficc.app.FiccRunRequestWorker        : No pending or failed surveillance run request found.
2026-06-12T10:01:43.901+09:00  INFO 17756 --- [scheduling-1] c.p.ficc.app.FiccRunRequestWorker        : Starting surveillance run request worker.
2026-06-12T10:01:43.930+09:00  INFO 17756 --- [scheduling-1] c.p.ficc.app.FiccRunRequestWorker        : No pending or failed surveillance run request found.
2026-06-12T10:01:48.943+09:00  INFO 17756 --- [scheduling-1] c.p.ficc.app.FiccRunRequestWorker        : Starting surveillance run request worker.
2026-06-12T10:01:48.959+09:00  INFO 17756 --- [scheduling-1] c.p.ficc.app.FiccRunRequestWorker        : No pending or failed surveillance run request found.
2026-06-12T10:01:53.978+09:00  INFO 17756 --- [scheduling-1] c.p.ficc.app.FiccRunRequestWorker        : Starting surveillance run request worker.
2026-06-12T10:01:54.004+09:00  INFO 17756 --- [scheduling-1] c.p.ficc.app.FiccRunRequestWorker        : No pending or failed surveillance run request found.
2026-06-12T10:01:59.011+09:00  INFO 17756 --- [scheduling-1] c.p.ficc.app.FiccRunRequestWorker        : Starting surveillance run request worker.
2026-06-12T10:01:59.044+09:00  INFO 17756 --- [scheduling-1] c.p.ficc.app.FiccRunRequestWorker        : No pending or failed surveillance run request found.
2026-06-12T10:02:04.052+09:00  INFO 17756 --- [scheduling-1] c.p.ficc.app.FiccRunRequestWorker        : Starting surveillance run request worker.
2026-06-12T10:02:04.085+09:00  INFO 17756 --- [scheduling-1] c.p.ficc.app.FiccRunRequestWorker        : No pending or failed surveillance run request found.
2026-06-12T10:02:09.099+09:00  INFO 17756 --- [scheduling-1] c.p.ficc.app.FiccRunRequestWorker        : Starting surveillance run request worker.
2026-06-12T10:02:09.135+09:00  INFO 17756 --- [scheduling-1] c.p.ficc.app.FiccRunRequestWorker        : No pending or failed surveillance run request found.
2026-06-12T10:02:14.144+09:00  INFO 17756 --- [scheduling-1] c.p.ficc.app.FiccRunRequestWorker        : Starting surveillance run request worker.
2026-06-12T10:02:14.171+09:00  INFO 17756 --- [scheduling-1] c.p.ficc.app.FiccRunRequestWorker        : No pending or failed surveillance run request found.
2026-06-12T10:02:19.173+09:00  INFO 17756 --- [scheduling-1] c.p.ficc.app.FiccRunRequestWorker        : Starting surveillance run request worker.
2026-06-12T10:02:19.201+09:00  INFO 17756 --- [scheduling-1] c.p.ficc.app.FiccRunRequestWorker        : No pending or failed surveillance run request found.
2026-06-12T10:02:24.215+09:00  INFO 17756 --- [scheduling-1] c.p.ficc.app.FiccRunRequestWorker        : Starting surveillance run request worker.
2026-06-12T10:02:24.231+09:00  INFO 17756 --- [scheduling-1] c.p.ficc.app.FiccRunRequestWorker        : No pending or failed surveillance run request found.
2026-06-12T10:02:29.245+09:00  INFO 17756 --- [scheduling-1] c.p.ficc.app.FiccRunRequestWorker        : Starting surveillance run request worker.
2026-06-12T10:02:29.274+09:00  INFO 17756 --- [scheduling-1] c.p.ficc.app.FiccRunRequestWorker        : No pending or failed surveillance run request found.
2026-06-12T10:02:34.277+09:00  INFO 17756 --- [scheduling-1] c.p.ficc.app.FiccRunRequestWorker        : Starting surveillance run request worker.
2026-06-12T10:02:34.296+09:00  INFO 17756 --- [scheduling-1] c.p.ficc.app.FiccRunRequestWorker        : No pending or failed surveillance run request found.
2026-06-12T10:02:39.315+09:00  INFO 17756 --- [scheduling-1] c.p.ficc.app.FiccRunRequestWorker        : Starting surveillance run request worker.
2026-06-12T10:02:39.345+09:00  INFO 17756 --- [scheduling-1] c.p.ficc.app.FiccRunRequestWorker        : No pending or failed surveillance run request found.
2026-06-12T10:02:44.350+09:00  INFO 17756 --- [scheduling-1] c.p.ficc.app.FiccRunRequestWorker        : Starting surveillance run request worker.
2026-06-12T10:02:44.382+09:00  INFO 17756 --- [scheduling-1] c.p.ficc.app.FiccRunRequestWorker        : No pending or failed surveillance run request found.
2026-06-12T10:02:49.390+09:00  INFO 17756 --- [scheduling-1] c.p.ficc.app.FiccRunRequestWorker        : Starting surveillance run request worker.
2026-06-12T10:02:49.419+09:00  INFO 17756 --- [scheduling-1] c.p.ficc.app.FiccRunRequestWorker        : No pending or failed surveillance run request found.
2026-06-12T10:02:54.421+09:00  INFO 17756 --- [scheduling-1] c.p.ficc.app.FiccRunRequestWorker        : Starting surveillance run request worker.
2026-06-12T10:02:54.445+09:00  INFO 17756 --- [scheduling-1] c.p.ficc.app.FiccRunRequestWorker        : No pending or failed surveillance run request found.
2026-06-12T10:02:59.465+09:00  INFO 17756 --- [scheduling-1] c.p.ficc.app.FiccRunRequestWorker        : Starting surveillance run request worker.
2026-06-12T10:02:59.481+09:00  INFO 17756 --- [scheduling-1] c.p.ficc.app.FiccRunRequestWorker        : No pending or failed surveillance run request found.
2026-06-12T10:03:04.504+09:00  INFO 17756 --- [scheduling-1] c.p.ficc.app.FiccRunRequestWorker        : Starting surveillance run request worker.
2026-06-12T10:03:04.534+09:00  INFO 17756 --- [scheduling-1] c.p.ficc.app.FiccRunRequestWorker        : No pending or failed surveillance run request found.
2026-06-12T10:03:09.545+09:00  INFO 17756 --- [scheduling-1] c.p.ficc.app.FiccRunRequestWorker        : Starting surveillance run request worker.
2026-06-12T10:03:09.564+09:00  INFO 17756 --- [scheduling-1] c.p.ficc.app.FiccRunRequestWorker        : No pending or failed surveillance run request found.
2026-06-12T10:03:14.580+09:00  INFO 17756 --- [scheduling-1] c.p.ficc.app.FiccRunRequestWorker        : Starting surveillance run request worker.
2026-06-12T10:03:14.616+09:00  INFO 17756 --- [scheduling-1] c.p.ficc.app.FiccRunRequestWorker        : No pending or failed surveillance run request found.
2026-06-12T10:03:19.623+09:00  INFO 17756 --- [scheduling-1] c.p.ficc.app.FiccRunRequestWorker        : Starting surveillance run request worker.
2026-06-12T10:03:19.639+09:00  INFO 17756 --- [scheduling-1] c.p.ficc.app.FiccRunRequestWorker        : No pending or failed surveillance run request found.
2026-06-12T10:03:24.658+09:00  INFO 17756 --- [scheduling-1] c.p.ficc.app.FiccRunRequestWorker        : Starting surveillance run request worker.
2026-06-12T10:03:24.686+09:00  INFO 17756 --- [scheduling-1] c.p.ficc.app.FiccRunRequestWorker        : No pending or failed surveillance run request found.
2026-06-12T10:03:29.699+09:00  INFO 17756 --- [scheduling-1] c.p.ficc.app.FiccRunRequestWorker        : Starting surveillance run request worker.
2026-06-12T10:03:29.732+09:00  INFO 17756 --- [scheduling-1] c.p.ficc.app.FiccRunRequestWorker        : No pending or failed surveillance run request found.
2026-06-12T10:03:34.740+09:00  INFO 17756 --- [scheduling-1] c.p.ficc.app.FiccRunRequestWorker        : Starting surveillance run request worker.
2026-06-12T10:03:34.768+09:00  INFO 17756 --- [scheduling-1] c.p.ficc.app.FiccRunRequestWorker        : No pending or failed surveillance run request found.
2026-06-12T10:03:39.774+09:00  INFO 17756 --- [scheduling-1] c.p.ficc.app.FiccRunRequestWorker        : Starting surveillance run request worker.
2026-06-12T10:03:39.790+09:00  INFO 17756 --- [scheduling-1] c.p.ficc.app.FiccRunRequestWorker        : No pending or failed surveillance run request found.
2026-06-12T10:03:44.806+09:00  INFO 17756 --- [scheduling-1] c.p.ficc.app.FiccRunRequestWorker        : Starting surveillance run request worker.
2026-06-12T10:03:44.825+09:00  INFO 17756 --- [scheduling-1] c.p.ficc.app.FiccRunRequestWorker        : No pending or failed surveillance run request found.
2026-06-12T10:03:49.828+09:00  INFO 17756 --- [scheduling-1] c.p.ficc.app.FiccRunRequestWorker        : Starting surveillance run request worker.
2026-06-12T10:03:49.856+09:00  INFO 17756 --- [scheduling-1] c.p.ficc.app.FiccRunRequestWorker        : No pending or failed surveillance run request found.
2026-06-12T10:03:54.863+09:00  INFO 17756 --- [scheduling-1] c.p.ficc.app.FiccRunRequestWorker        : Starting surveillance run request worker.
2026-06-12T10:03:54.881+09:00  INFO 17756 --- [scheduling-1] c.p.ficc.app.FiccRunRequestWorker        : No pending or failed surveillance run request found.
2026-06-12T10:03:59.883+09:00  INFO 17756 --- [scheduling-1] c.p.ficc.app.FiccRunRequestWorker        : Starting surveillance run request worker.
2026-06-12T10:03:59.904+09:00  INFO 17756 --- [scheduling-1] c.p.ficc.app.FiccRunRequestWorker        : No pending or failed surveillance run request found.
2026-06-12T10:04:04.910+09:00  INFO 17756 --- [scheduling-1] c.p.ficc.app.FiccRunRequestWorker        : Starting surveillance run request worker.
2026-06-12T10:04:04.925+09:00  INFO 17756 --- [scheduling-1] c.p.ficc.app.FiccRunRequestWorker        : No pending or failed surveillance run request found.
2026-06-12T10:04:09.946+09:00  INFO 17756 --- [scheduling-1] c.p.ficc.app.FiccRunRequestWorker        : Starting surveillance run request worker.
2026-06-12T10:04:09.971+09:00  INFO 17756 --- [scheduling-1] c.p.ficc.app.FiccRunRequestWorker        : No pending or failed surveillance run request found.
2026-06-12T10:04:14.982+09:00  INFO 17756 --- [scheduling-1] c.p.ficc.app.FiccRunRequestWorker        : Starting surveillance run request worker.
2026-06-12T10:04:15.008+09:00  INFO 17756 --- [scheduling-1] c.p.ficc.app.FiccRunRequestWorker        : No pending or failed surveillance run request found.
2026-06-12T10:04:20.025+09:00  INFO 17756 --- [scheduling-1] c.p.ficc.app.FiccRunRequestWorker        : Starting surveillance run request worker.
2026-06-12T10:04:20.041+09:00  INFO 17756 --- [scheduling-1] c.p.ficc.app.FiccRunRequestWorker        : No pending or failed surveillance run request found.
2026-06-12T10:04:25.056+09:00  INFO 17756 --- [scheduling-1] c.p.ficc.app.FiccRunRequestWorker        : Starting surveillance run request worker.
2026-06-12T10:04:25.056+09:00  INFO 17756 --- [scheduling-1] c.p.ficc.app.FiccRunRequestWorker        : No pending or failed surveillance run request found.
2026-06-12T10:04:30.082+09:00  INFO 17756 --- [scheduling-1] c.p.ficc.app.FiccRunRequestWorker        : Starting surveillance run request worker.
2026-06-12T10:04:30.098+09:00  INFO 17756 --- [scheduling-1] c.p.ficc.app.FiccRunRequestWorker        : No pending or failed surveillance run request found.
2026-06-12T10:04:35.118+09:00  INFO 17756 --- [scheduling-1] c.p.ficc.app.FiccRunRequestWorker        : Starting surveillance run request worker.
2026-06-12T10:04:35.135+09:00  INFO 17756 --- [scheduling-1] c.p.ficc.app.FiccRunRequestWorker        : No pending or failed surveillance run request found.
2026-06-12T10:04:40.153+09:00  INFO 17756 --- [scheduling-1] c.p.ficc.app.FiccRunRequestWorker        : Starting surveillance run request worker.
2026-06-12T10:04:40.185+09:00  INFO 17756 --- [scheduling-1] c.p.ficc.app.FiccRunRequestWorker        : No pending or failed surveillance run request found.
2026-06-12T10:04:45.200+09:00  INFO 17756 --- [scheduling-1] c.p.ficc.app.FiccRunRequestWorker        : Starting surveillance run request worker.
2026-06-12T10:04:45.217+09:00  INFO 17756 --- [scheduling-1] c.p.ficc.app.FiccRunRequestWorker        : No pending or failed surveillance run request found.
2026-06-12T10:04:50.233+09:00  INFO 17756 --- [scheduling-1] c.p.ficc.app.FiccRunRequestWorker        : Starting surveillance run request worker.
2026-06-12T10:04:50.249+09:00  INFO 17756 --- [scheduling-1] c.p.ficc.app.FiccRunRequestWorker        : No pending or failed surveillance run request found.
2026-06-12T10:04:55.267+09:00  INFO 17756 --- [scheduling-1] c.p.ficc.app.FiccRunRequestWorker        : Starting surveillance run request worker.
2026-06-12T10:04:55.284+09:00  INFO 17756 --- [scheduling-1] c.p.ficc.app.FiccRunRequestWorker        : No pending or failed surveillance run request found.
2026-06-12T10:05:00.304+09:00  INFO 17756 --- [scheduling-1] c.p.ficc.app.FiccRunRequestWorker        : Starting surveillance run request worker.
2026-06-12T10:05:00.320+09:00  INFO 17756 --- [scheduling-1] c.p.ficc.app.FiccRunRequestWorker        : No pending or failed surveillance run request found.
2026-06-12T10:05:05.340+09:00  INFO 17756 --- [scheduling-1] c.p.ficc.app.FiccRunRequestWorker        : Starting surveillance run request worker.
2026-06-12T10:05:05.356+09:00  INFO 17756 --- [scheduling-1] c.p.ficc.app.FiccRunRequestWorker        : No pending or failed surveillance run request found.
2026-06-12T10:05:10.375+09:00  INFO 17756 --- [scheduling-1] c.p.ficc.app.FiccRunRequestWorker        : Starting surveillance run request worker.
2026-06-12T10:05:10.401+09:00  INFO 17756 --- [scheduling-1] c.p.ficc.app.FiccRunRequestWorker        : No pending or failed surveillance run request found.
2026-06-12T10:05:15.403+09:00  INFO 17756 --- [scheduling-1] c.p.ficc.app.FiccRunRequestWorker        : Starting surveillance run request worker.
2026-06-12T10:05:15.419+09:00  INFO 17756 --- [scheduling-1] c.p.ficc.app.FiccRunRequestWorker        : No pending or failed surveillance run request found.
2026-06-12T10:05:20.435+09:00  INFO 17756 --- [scheduling-1] c.p.ficc.app.FiccRunRequestWorker        : Starting surveillance run request worker.
2026-06-12T10:05:20.464+09:00  INFO 17756 --- [scheduling-1] c.p.ficc.app.FiccRunRequestWorker        : No pending or failed surveillance run request found.
2026-06-12T10:05:25.474+09:00  INFO 17756 --- [scheduling-1] c.p.ficc.app.FiccRunRequestWorker        : Starting surveillance run request worker.
2026-06-12T10:05:25.492+09:00  INFO 17756 --- [scheduling-1] c.p.ficc.app.FiccRunRequestWorker        : No pending or failed surveillance run request found.
2026-06-12T10:05:30.517+09:00  INFO 17756 --- [scheduling-1] c.p.ficc.app.FiccRunRequestWorker        : Starting surveillance run request worker.
2026-06-12T10:05:30.537+09:00  INFO 17756 --- [scheduling-1] c.p.ficc.app.FiccRunRequestWorker        : No pending or failed surveillance run request found.
2026-06-12T10:05:35.540+09:00  INFO 17756 --- [scheduling-1] c.p.ficc.app.FiccRunRequestWorker        : Starting surveillance run request worker.
2026-06-12T10:05:35.568+09:00  INFO 17756 --- [scheduling-1] c.p.ficc.app.FiccRunRequestWorker        : No pending or failed surveillance run request found.
2026-06-12T10:05:40.573+09:00  INFO 17756 --- [scheduling-1] c.p.ficc.app.FiccRunRequestWorker        : Starting surveillance run request worker.
2026-06-12T10:05:40.601+09:00  INFO 17756 --- [scheduling-1] c.p.ficc.app.FiccRunRequestWorker        : No pending or failed surveillance run request found.
2026-06-12T10:05:45.617+09:00  INFO 17756 --- [scheduling-1] c.p.ficc.app.FiccRunRequestWorker        : Starting surveillance run request worker.
2026-06-12T10:05:45.651+09:00  INFO 17756 --- [scheduling-1] c.p.ficc.app.FiccRunRequestWorker        : No pending or failed surveillance run request found.
2026-06-12T10:05:50.653+09:00  INFO 17756 --- [scheduling-1] c.p.ficc.app.FiccRunRequestWorker        : Starting surveillance run request worker.
2026-06-12T10:05:50.676+09:00  INFO 17756 --- [scheduling-1] c.p.ficc.app.FiccRunRequestWorker        : No pending or failed surveillance run request found.
2026-06-12T10:05:55.690+09:00  INFO 17756 --- [scheduling-1] c.p.ficc.app.FiccRunRequestWorker        : Starting surveillance run request worker.
2026-06-12T10:05:55.720+09:00  INFO 17756 --- [scheduling-1] c.p.ficc.app.FiccRunRequestWorker        : No pending or failed surveillance run request found.
2026-06-12T10:06:00.728+09:00  INFO 17756 --- [scheduling-1] c.p.ficc.app.FiccRunRequestWorker        : Starting surveillance run request worker.
2026-06-12T10:06:00.744+09:00  INFO 17756 --- [scheduling-1] c.p.ficc.app.FiccRunRequestWorker        : No pending or failed surveillance run request found.
2026-06-12T10:06:05.759+09:00  INFO 17756 --- [scheduling-1] c.p.ficc.app.FiccRunRequestWorker        : Starting surveillance run request worker.
2026-06-12T10:06:05.776+09:00  INFO 17756 --- [scheduling-1] c.p.ficc.app.FiccRunRequestWorker        : No pending or failed surveillance run request found.
2026-06-12T10:06:10.794+09:00  INFO 17756 --- [scheduling-1] c.p.ficc.app.FiccRunRequestWorker        : Starting surveillance run request worker.
2026-06-12T10:06:10.810+09:00  INFO 17756 --- [scheduling-1] c.p.ficc.app.FiccRunRequestWorker        : No pending or failed surveillance run request found.
2026-06-12T10:06:15.831+09:00  INFO 17756 --- [scheduling-1] c.p.ficc.app.FiccRunRequestWorker        : Starting surveillance run request worker.
2026-06-12T10:06:15.863+09:00  INFO 17756 --- [scheduling-1] c.p.ficc.app.FiccRunRequestWorker        : No pending or failed surveillance run request found.
2026-06-12T10:06:20.869+09:00  INFO 17756 --- [scheduling-1] c.p.ficc.app.FiccRunRequestWorker        : Starting surveillance run request worker.
2026-06-12T10:06:20.885+09:00  INFO 17756 --- [scheduling-1] c.p.ficc.app.FiccRunRequestWorker        : No pending or failed surveillance run request found.
2026-06-12T10:06:25.910+09:00  INFO 17756 --- [scheduling-1] c.p.ficc.app.FiccRunRequestWorker        : Starting surveillance run request worker.
2026-06-12T10:06:25.942+09:00  INFO 17756 --- [scheduling-1] c.p.ficc.app.FiccRunRequestWorker        : No pending or failed surveillance run request found.
2026-06-12T10:06:30.949+09:00  INFO 17756 --- [scheduling-1] c.p.ficc.app.FiccRunRequestWorker        : Starting surveillance run request worker.
2026-06-12T10:06:30.965+09:00  INFO 17756 --- [scheduling-1] c.p.ficc.app.FiccRunRequestWorker        : No pending or failed surveillance run request found.
2026-06-12T10:06:35.979+09:00  INFO 17756 --- [scheduling-1] c.p.ficc.app.FiccRunRequestWorker        : Starting surveillance run request worker.
2026-06-12T10:06:36.003+09:00  INFO 17756 --- [scheduling-1] c.p.ficc.app.FiccRunRequestWorker        : No pending or failed surveillance run request found.
2026-06-12T10:06:41.007+09:00  INFO 17756 --- [scheduling-1] c.p.ficc.app.FiccRunRequestWorker        : Starting surveillance run request worker.
2026-06-12T10:06:41.023+09:00  INFO 17756 --- [scheduling-1] c.p.ficc.app.FiccRunRequestWorker        : No pending or failed surveillance run request found.
2026-06-12T10:06:46.027+09:00  INFO 17756 --- [scheduling-1] c.p.ficc.app.FiccRunRequestWorker        : Starting surveillance run request worker.
2026-06-12T10:06:46.043+09:00  INFO 17756 --- [scheduling-1] c.p.ficc.app.FiccRunRequestWorker        : No pending or failed surveillance run request found.
2026-06-12T10:06:51.064+09:00  INFO 17756 --- [scheduling-1] c.p.ficc.app.FiccRunRequestWorker        : Starting surveillance run request worker.
2026-06-12T10:06:51.080+09:00  INFO 17756 --- [scheduling-1] c.p.ficc.app.FiccRunRequestWorker        : No pending or failed surveillance run request found.
2026-06-12T10:06:56.098+09:00  INFO 17756 --- [scheduling-1] c.p.ficc.app.FiccRunRequestWorker        : Starting surveillance run request worker.
2026-06-12T10:06:56.114+09:00  INFO 17756 --- [scheduling-1] c.p.ficc.app.FiccRunRequestWorker        : No pending or failed surveillance run request found.
2026-06-12T10:07:01.139+09:00  INFO 17756 --- [scheduling-1] c.p.ficc.app.FiccRunRequestWorker        : Starting surveillance run request worker.
2026-06-12T10:07:01.159+09:00  INFO 17756 --- [scheduling-1] c.p.ficc.app.FiccRunRequestWorker        : No pending or failed surveillance run request found.
2026-06-12T10:07:06.173+09:00  INFO 17756 --- [scheduling-1] c.p.ficc.app.FiccRunRequestWorker        : Starting surveillance run request worker.
2026-06-12T10:07:06.201+09:00  INFO 17756 --- [scheduling-1] c.p.ficc.app.FiccRunRequestWorker        : No pending or failed surveillance run request found.
2026-06-12T10:07:11.212+09:00  INFO 17756 --- [scheduling-1] c.p.ficc.app.FiccRunRequestWorker        : Starting surveillance run request worker.
2026-06-12T10:07:11.243+09:00  INFO 17756 --- [scheduling-1] c.p.ficc.app.FiccRunRequestWorker        : No pending or failed surveillance run request found.
2026-06-12T10:07:16.249+09:00  INFO 17756 --- [scheduling-1] c.p.ficc.app.FiccRunRequestWorker        : Starting surveillance run request worker.
2026-06-12T10:07:16.278+09:00  INFO 17756 --- [scheduling-1] c.p.ficc.app.FiccRunRequestWorker        : No pending or failed surveillance run request found.
2026-06-12T10:07:21.293+09:00  INFO 17756 --- [scheduling-1] c.p.ficc.app.FiccRunRequestWorker        : Starting surveillance run request worker.
2026-06-12T10:07:21.325+09:00  INFO 17756 --- [scheduling-1] c.p.ficc.app.FiccRunRequestWorker        : No pending or failed surveillance run request found.
2026-06-12T10:07:26.335+09:00  INFO 17756 --- [scheduling-1] c.p.ficc.app.FiccRunRequestWorker        : Starting surveillance run request worker.
2026-06-12T10:07:26.360+09:00  INFO 17756 --- [scheduling-1] c.p.ficc.app.FiccRunRequestWorker        : No pending or failed surveillance run request found.
2026-06-12T10:07:31.366+09:00  INFO 17756 --- [scheduling-1] c.p.ficc.app.FiccRunRequestWorker        : Starting surveillance run request worker.
2026-06-12T10:07:31.401+09:00  INFO 17756 --- [scheduling-1] c.p.ficc.app.FiccRunRequestWorker        : No pending or failed surveillance run request found.
2026-06-12T10:07:36.412+09:00  INFO 17756 --- [scheduling-1] c.p.ficc.app.FiccRunRequestWorker        : Starting surveillance run request worker.
2026-06-12T10:07:36.445+09:00  INFO 17756 --- [scheduling-1] c.p.ficc.app.FiccRunRequestWorker        : No pending or failed surveillance run request found.
2026-06-12T10:07:41.447+09:00  INFO 17756 --- [scheduling-1] c.p.ficc.app.FiccRunRequestWorker        : Starting surveillance run request worker.
2026-06-12T10:07:41.471+09:00  INFO 17756 --- [scheduling-1] c.p.ficc.app.FiccRunRequestWorker        : No pending or failed surveillance run request found.
2026-06-12T10:07:46.480+09:00  INFO 17756 --- [scheduling-1] c.p.ficc.app.FiccRunRequestWorker        : Starting surveillance run request worker.
2026-06-12T10:07:46.511+09:00  INFO 17756 --- [scheduling-1] c.p.ficc.app.FiccRunRequestWorker        : No pending or failed surveillance run request found.
2026-06-12T10:07:51.527+09:00  INFO 17756 --- [scheduling-1] c.p.ficc.app.FiccRunRequestWorker        : Starting surveillance run request worker.
2026-06-12T10:07:51.558+09:00  INFO 17756 --- [scheduling-1] c.p.ficc.app.FiccRunRequestWorker        : No pending or failed surveillance run request found.
2026-06-12T10:07:56.577+09:00  INFO 17756 --- [scheduling-1] c.p.ficc.app.FiccRunRequestWorker        : Starting surveillance run request worker.
2026-06-12T10:07:56.593+09:00  INFO 17756 --- [scheduling-1] c.p.ficc.app.FiccRunRequestWorker        : No pending or failed surveillance run request found.
2026-06-12T10:08:01.607+09:00  INFO 17756 --- [scheduling-1] c.p.ficc.app.FiccRunRequestWorker        : Starting surveillance run request worker.
2026-06-12T10:08:01.630+09:00  INFO 17756 --- [scheduling-1] c.p.ficc.app.FiccRunRequestWorker        : No pending or failed surveillance run request found.
2026-06-12T10:08:06.643+09:00  INFO 17756 --- [scheduling-1] c.p.ficc.app.FiccRunRequestWorker        : Starting surveillance run request worker.
2026-06-12T10:08:06.660+09:00  INFO 17756 --- [scheduling-1] c.p.ficc.app.FiccRunRequestWorker        : No pending or failed surveillance run request found.
2026-06-12T10:08:11.678+09:00  INFO 17756 --- [scheduling-1] c.p.ficc.app.FiccRunRequestWorker        : Starting surveillance run request worker.
2026-06-12T10:08:11.694+09:00  INFO 17756 --- [scheduling-1] c.p.ficc.app.FiccRunRequestWorker        : No pending or failed surveillance run request found.
2026-06-12T10:08:16.712+09:00  INFO 17756 --- [scheduling-1] c.p.ficc.app.FiccRunRequestWorker        : Starting surveillance run request worker.
2026-06-12T10:08:16.742+09:00  INFO 17756 --- [scheduling-1] c.p.ficc.app.FiccRunRequestWorker        : No pending or failed surveillance run request found.
2026-06-12T10:08:21.748+09:00  INFO 17756 --- [scheduling-1] c.p.ficc.app.FiccRunRequestWorker        : Starting surveillance run request worker.
2026-06-12T10:08:21.780+09:00  INFO 17756 --- [scheduling-1] c.p.ficc.app.FiccRunRequestWorker        : No pending or failed surveillance run request found.
2026-06-12T10:08:26.796+09:00  INFO 17756 --- [scheduling-1] c.p.ficc.app.FiccRunRequestWorker        : Starting surveillance run request worker.
2026-06-12T10:08:26.833+09:00  INFO 17756 --- [scheduling-1] c.p.ficc.app.FiccRunRequestWorker        : No pending or failed surveillance run request found.
2026-06-12T10:08:31.849+09:00  INFO 17756 --- [scheduling-1] c.p.ficc.app.FiccRunRequestWorker        : Starting surveillance run request worker.
2026-06-12T10:08:31.865+09:00  INFO 17756 --- [scheduling-1] c.p.ficc.app.FiccRunRequestWorker        : No pending or failed surveillance run request found.
2026-06-12T10:08:36.873+09:00  INFO 17756 --- [scheduling-1] c.p.ficc.app.FiccRunRequestWorker        : Starting surveillance run request worker.
2026-06-12T10:08:36.893+09:00  INFO 17756 --- [scheduling-1] c.p.ficc.app.FiccRunRequestWorker        : No pending or failed surveillance run request found.
2026-06-12T10:08:41.907+09:00  INFO 17756 --- [scheduling-1] c.p.ficc.app.FiccRunRequestWorker        : Starting surveillance run request worker.
2026-06-12T10:08:41.923+09:00  INFO 17756 --- [scheduling-1] c.p.ficc.app.FiccRunRequestWorker        : No pending or failed surveillance run request found.
2026-06-12T10:08:46.935+09:00  INFO 17756 --- [scheduling-1] c.p.ficc.app.FiccRunRequestWorker        : Starting surveillance run request worker.
2026-06-12T10:08:46.952+09:00  INFO 17756 --- [scheduling-1] c.p.ficc.app.FiccRunRequestWorker        : No pending or failed surveillance run request found.
2026-06-12T10:08:51.963+09:00  INFO 17756 --- [scheduling-1] c.p.ficc.app.FiccRunRequestWorker        : Starting surveillance run request worker.
2026-06-12T10:08:51.979+09:00  INFO 17756 --- [scheduling-1] c.p.ficc.app.FiccRunRequestWorker        : No pending or failed surveillance run request found.
2026-06-12T10:08:56.988+09:00  INFO 17756 --- [scheduling-1] c.p.ficc.app.FiccRunRequestWorker        : Starting surveillance run request worker.
2026-06-12T10:08:57.004+09:00  INFO 17756 --- [scheduling-1] c.p.ficc.app.FiccRunRequestWorker        : No pending or failed surveillance run request found.
2026-06-12T10:09:02.025+09:00  INFO 17756 --- [scheduling-1] c.p.ficc.app.FiccRunRequestWorker        : Starting surveillance run request worker.
2026-06-12T10:09:02.044+09:00  INFO 17756 --- [scheduling-1] c.p.ficc.app.FiccRunRequestWorker        : No pending or failed surveillance run request found.
2026-06-12T10:09:07.055+09:00  INFO 17756 --- [scheduling-1] c.p.ficc.app.FiccRunRequestWorker        : Starting surveillance run request worker.
2026-06-12T10:09:07.057+09:00  INFO 17756 --- [scheduling-1] c.p.ficc.app.FiccRunRequestWorker        : No pending or failed surveillance run request found.
2026-06-12T10:09:12.074+09:00  INFO 17756 --- [scheduling-1] c.p.ficc.app.FiccRunRequestWorker        : Starting surveillance run request worker.
2026-06-12T10:09:12.089+09:00  INFO 17756 --- [scheduling-1] c.p.ficc.app.FiccRunRequestWorker        : No pending or failed surveillance run request found.
2026-06-12T10:09:17.098+09:00  INFO 17756 --- [scheduling-1] c.p.ficc.app.FiccRunRequestWorker        : Starting surveillance run request worker.
2026-06-12T10:09:17.130+09:00  INFO 17756 --- [scheduling-1] c.p.ficc.app.FiccRunRequestWorker        : No pending or failed surveillance run request found.
2026-06-12T10:09:22.138+09:00  INFO 17756 --- [scheduling-1] c.p.ficc.app.FiccRunRequestWorker        : Starting surveillance run request worker.
2026-06-12T10:09:22.167+09:00  INFO 17756 --- [scheduling-1] c.p.ficc.app.FiccRunRequestWorker        : No pending or failed surveillance run request found.
2026-06-12T10:09:27.177+09:00  INFO 17756 --- [scheduling-1] c.p.ficc.app.FiccRunRequestWorker        : Starting surveillance run request worker.
2026-06-12T10:09:27.206+09:00  INFO 17756 --- [scheduling-1] c.p.ficc.app.FiccRunRequestWorker        : No pending or failed surveillance run request found.
2026-06-12T10:09:32.207+09:00  INFO 17756 --- [scheduling-1] c.p.ficc.app.FiccRunRequestWorker        : Starting surveillance run request worker.
2026-06-12T10:09:32.207+09:00  INFO 17756 --- [scheduling-1] c.p.ficc.app.FiccRunRequestWorker        : No pending or failed surveillance run request found.
2026-06-12T10:09:37.228+09:00  INFO 17756 --- [scheduling-1] c.p.ficc.app.FiccRunRequestWorker        : Starting surveillance run request worker.
2026-06-12T10:09:37.249+09:00  INFO 17756 --- [scheduling-1] c.p.ficc.app.FiccRunRequestWorker        : No pending or failed surveillance run request found.
2026-06-12T10:09:42.257+09:00  INFO 17756 --- [scheduling-1] c.p.ficc.app.FiccRunRequestWorker        : Starting surveillance run request worker.
2026-06-12T10:09:42.257+09:00  INFO 17756 --- [scheduling-1] c.p.ficc.app.FiccRunRequestWorker        : No pending or failed surveillance run request found.
2026-06-12T10:09:47.287+09:00  INFO 17756 --- [scheduling-1] c.p.ficc.app.FiccRunRequestWorker        : Starting surveillance run request worker.
2026-06-12T10:09:47.308+09:00  INFO 17756 --- [scheduling-1] c.p.ficc.app.FiccRunRequestWorker        : No pending or failed surveillance run request found.
2026-06-12T10:09:52.316+09:00  INFO 17756 --- [scheduling-1] c.p.ficc.app.FiccRunRequestWorker        : Starting surveillance run request worker.
2026-06-12T10:09:52.317+09:00  INFO 17756 --- [scheduling-1] c.p.ficc.app.FiccRunRequestWorker        : No pending or failed surveillance run request found.
2026-06-12T10:09:57.335+09:00  INFO 17756 --- [scheduling-1] c.p.ficc.app.FiccRunRequestWorker        : Starting surveillance run request worker.
2026-06-12T10:09:57.368+09:00  INFO 17756 --- [scheduling-1] c.p.ficc.app.FiccRunRequestWorker        : No pending or failed surveillance run request found.
2026-06-12T10:10:02.374+09:00  INFO 17756 --- [scheduling-1] c.p.ficc.app.FiccRunRequestWorker        : Starting surveillance run request worker.
2026-06-12T10:10:02.393+09:00  INFO 17756 --- [scheduling-1] c.p.ficc.app.FiccRunRequestWorker        : No pending or failed surveillance run request found.
2026-06-12T10:10:07.415+09:00  INFO 17756 --- [scheduling-1] c.p.ficc.app.FiccRunRequestWorker        : Starting surveillance run request worker.
2026-06-12T10:10:07.438+09:00  INFO 17756 --- [scheduling-1] c.p.ficc.app.FiccRunRequestWorker        : No pending or failed surveillance run request found.
2026-06-12T10:10:12.454+09:00  INFO 17756 --- [scheduling-1] c.p.ficc.app.FiccRunRequestWorker        : Starting surveillance run request worker.
2026-06-12T10:10:12.472+09:00  INFO 17756 --- [scheduling-1] c.p.ficc.app.FiccRunRequestWorker        : No pending or failed surveillance run request found.
2026-06-12T10:10:17.482+09:00  INFO 17756 --- [scheduling-1] c.p.ficc.app.FiccRunRequestWorker        : Starting surveillance run request worker.
2026-06-12T10:10:17.504+09:00  INFO 17756 --- [scheduling-1] c.p.ficc.app.FiccRunRequestWorker        : No pending or failed surveillance run request found.
2026-06-12T10:10:22.517+09:00  INFO 17756 --- [scheduling-1] c.p.ficc.app.FiccRunRequestWorker        : Starting surveillance run request worker.
2026-06-12T10:10:22.538+09:00  INFO 17756 --- [scheduling-1] c.p.ficc.app.FiccRunRequestWorker        : No pending or failed surveillance run request found.
2026-06-12T10:10:27.541+09:00  INFO 17756 --- [scheduling-1] c.p.ficc.app.FiccRunRequestWorker        : Starting surveillance run request worker.
2026-06-12T10:10:27.557+09:00  INFO 17756 --- [scheduling-1] c.p.ficc.app.FiccRunRequestWorker        : No pending or failed surveillance run request found.
2026-06-12T10:10:32.583+09:00  INFO 17756 --- [scheduling-1] c.p.ficc.app.FiccRunRequestWorker        : Starting surveillance run request worker.
2026-06-12T10:10:32.599+09:00  INFO 17756 --- [scheduling-1] c.p.ficc.app.FiccRunRequestWorker        : No pending or failed surveillance run request found.
2026-06-12T10:10:37.613+09:00  INFO 17756 --- [scheduling-1] c.p.ficc.app.FiccRunRequestWorker        : Starting surveillance run request worker.
2026-06-12T10:10:37.641+09:00  INFO 17756 --- [scheduling-1] c.p.ficc.app.FiccRunRequestWorker        : No pending or failed surveillance run request found.
2026-06-12T10:10:42.647+09:00  INFO 17756 --- [scheduling-1] c.p.ficc.app.FiccRunRequestWorker        : Starting surveillance run request worker.
2026-06-12T10:10:42.665+09:00  INFO 17756 --- [scheduling-1] c.p.ficc.app.FiccRunRequestWorker        : No pending or failed surveillance run request found.
2026-06-12T10:10:47.665+09:00  INFO 17756 --- [scheduling-1] c.p.ficc.app.FiccRunRequestWorker        : Starting surveillance run request worker.
2026-06-12T10:10:47.699+09:00  INFO 17756 --- [scheduling-1] c.p.ficc.app.FiccRunRequestWorker        : Claimed 1 runnable surveillance request(s).
2026-06-12T10:10:47.699+09:00  INFO 17756 --- [scheduling-1] c.p.ficc.app.FiccRunRequestWorker        : ------------------------------------------------------------------------------------------
2026-06-12T10:10:47.699+09:00  INFO 17756 --- [scheduling-1] c.p.ficc.app.FiccRunRequestWorker        : Run request 16 started: appid=3, region=APAC, businessDate=2026-06-08.
2026-06-12T10:10:47.699+09:00  INFO 17756 --- [scheduling-1] c.p.f.app.FiccSurveillanceApplication    : ------------------------------------------------------------------------------------------
2026-06-12T10:10:47.699+09:00  INFO 17756 --- [scheduling-1] c.p.f.app.FiccSurveillanceApplication    : Starting surveillance pipeline: appid=3, region=APAC, businessDate=2026-06-08.
2026-06-12T10:10:47.699+09:00  INFO 17756 --- [scheduling-1] c.p.f.app.FiccSurveillanceApplication    : ------------------------------------------------------------------------------------------
2026-06-12T10:10:47.712+09:00  INFO 17756 --- [scheduling-1] c.p.f.app.FiccSurveillanceApplication    : Resolved surveillance model: appid=3, modelid=1, modelCode=FICC_WASH_TRADE, modelClass=com.portfolio.ficc.surveillance.FiccWashTradeModel, region=APAC.
2026-06-12T10:10:47.712+09:00  INFO 17756 --- [scheduling-1] c.p.f.app.FiccSurveillanceApplication    : ------------------------------------------------------------------------------------------
2026-06-12T10:10:47.729+09:00  INFO 17756 --- [scheduling-1] c.p.f.app.FiccSurveillanceApplication    : Loaded 8 trades: region=APAC, businessDate=2026-06-08.
2026-06-12T10:10:47.791+09:00  INFO 17756 --- [scheduling-1] c.p.f.app.FiccSurveillanceApplication    : ------------------------------------------------------------------------------------------
2026-06-12T10:10:47.791+09:00  INFO 17756 --- [scheduling-1] c.p.f.app.FiccSurveillanceApplication    : Evaluated surveillance model and generated 2 alerts : region=APAC, businessDate=2026-06-08.
2026-06-12T10:10:47.931+09:00  INFO 17756 --- [scheduling-1] c.p.f.app.FiccSurveillanceApplication    : ------------------------------------------------------------------------------------------
2026-06-12T10:10:47.931+09:00  INFO 17756 --- [scheduling-1] c.p.f.app.FiccSurveillanceApplication    : Completed surveillance pipeline: tradesProcessed=8, alertsGenerated=2, alertsDispatched=0, duplicateAlerts=2, appid=3, modelid=1, region=APAC, businessDate=2026-06-08.
2026-06-12T10:10:47.959+09:00  INFO 17756 --- [scheduling-1] c.p.ficc.app.FiccRunRequestWorker        : ------------------------------------------------------------------------------------------
2026-06-12T10:10:47.959+09:00  INFO 17756 --- [scheduling-1] c.p.ficc.app.FiccRunRequestWorker        : Run request 16 completed: tradesProcessed=8, alertsGenerated=2, alertsDispatched=0, duplicateAlerts=2.
2026-06-12T10:10:47.959+09:00  INFO 17756 --- [scheduling-1] c.p.ficc.app.FiccRunRequestWorker        : ------------------------------------------------------------------------------------------
2026-06-12T10:10:47.959+09:00  INFO 17756 --- [scheduling-1] c.p.ficc.app.FiccRunRequestWorker        : Finished processing claimed surveillance requests.
2026-06-12T10:10:52.964+09:00  INFO 17756 --- [scheduling-1] c.p.ficc.app.FiccRunRequestWorker        : Starting surveillance run request worker.
2026-06-12T10:10:52.987+09:00  INFO 17756 --- [scheduling-1] c.p.ficc.app.FiccRunRequestWorker        : No pending or failed surveillance run request found.
2026-06-12T10:10:57.996+09:00  INFO 17756 --- [scheduling-1] c.p.ficc.app.FiccRunRequestWorker        : Starting surveillance run request worker.
2026-06-12T10:10:58.012+09:00  INFO 17756 --- [scheduling-1] c.p.ficc.app.FiccRunRequestWorker        : No pending or failed surveillance run request found.
2026-06-12T10:11:03.013+09:00  INFO 17756 --- [scheduling-1] c.p.ficc.app.FiccRunRequestWorker        : Starting surveillance run request worker.
2026-06-12T10:11:03.028+09:00  INFO 17756 --- [scheduling-1] c.p.ficc.app.FiccRunRequestWorker        : No pending or failed surveillance run request found.
2026-06-12T10:11:08.044+09:00  INFO 17756 --- [scheduling-1] c.p.ficc.app.FiccRunRequestWorker        : Starting surveillance run request worker.
2026-06-12T10:11:08.056+09:00  INFO 17756 --- [scheduling-1] c.p.ficc.app.FiccRunRequestWorker        : No pending or failed surveillance run request found.
2026-06-12T10:11:13.059+09:00  INFO 17756 --- [scheduling-1] c.p.ficc.app.FiccRunRequestWorker        : Starting surveillance run request worker.
2026-06-12T10:11:13.079+09:00  INFO 17756 --- [scheduling-1] c.p.ficc.app.FiccRunRequestWorker        : No pending or failed surveillance run request found.
2026-06-12T10:11:18.093+09:00  INFO 17756 --- [scheduling-1] c.p.ficc.app.FiccRunRequestWorker        : Starting surveillance run request worker.
2026-06-12T10:11:18.115+09:00  INFO 17756 --- [scheduling-1] c.p.ficc.app.FiccRunRequestWorker        : No pending or failed surveillance run request found.
2026-06-12T10:11:23.124+09:00  INFO 17756 --- [scheduling-1] c.p.ficc.app.FiccRunRequestWorker        : Starting surveillance run request worker.
2026-06-12T10:11:23.139+09:00  INFO 17756 --- [scheduling-1] c.p.ficc.app.FiccRunRequestWorker        : No pending or failed surveillance run request found.
2026-06-12T10:11:28.149+09:00  INFO 17756 --- [scheduling-1] c.p.ficc.app.FiccRunRequestWorker        : Starting surveillance run request worker.
2026-06-12T10:11:28.167+09:00  INFO 17756 --- [scheduling-1] c.p.ficc.app.FiccRunRequestWorker        : No pending or failed surveillance run request found.
2026-06-12T10:11:33.181+09:00  INFO 17756 --- [scheduling-1] c.p.ficc.app.FiccRunRequestWorker        : Starting surveillance run request worker.
2026-06-12T10:11:33.181+09:00  INFO 17756 --- [scheduling-1] c.p.ficc.app.FiccRunRequestWorker        : No pending or failed surveillance run request found.
2026-06-12T10:11:38.202+09:00  INFO 17756 --- [scheduling-1] c.p.ficc.app.FiccRunRequestWorker        : Starting surveillance run request worker.
2026-06-12T10:11:38.214+09:00  INFO 17756 --- [scheduling-1] c.p.ficc.app.FiccRunRequestWorker        : No pending or failed surveillance run request found.
2026-06-12T10:11:43.217+09:00  INFO 17756 --- [scheduling-1] c.p.ficc.app.FiccRunRequestWorker        : Starting surveillance run request worker.
2026-06-12T10:11:43.234+09:00  INFO 17756 --- [scheduling-1] c.p.ficc.app.FiccRunRequestWorker        : No pending or failed surveillance run request found.
2026-06-12T10:11:48.242+09:00  INFO 17756 --- [scheduling-1] c.p.ficc.app.FiccRunRequestWorker        : Starting surveillance run request worker.
2026-06-12T10:11:48.258+09:00  INFO 17756 --- [scheduling-1] c.p.ficc.app.FiccRunRequestWorker        : No pending or failed surveillance run request found.
2026-06-12T10:11:53.267+09:00  INFO 17756 --- [scheduling-1] c.p.ficc.app.FiccRunRequestWorker        : Starting surveillance run request worker.
2026-06-12T10:11:53.284+09:00  INFO 17756 --- [scheduling-1] c.p.ficc.app.FiccRunRequestWorker        : No pending or failed surveillance run request found.
2026-06-12T10:11:58.294+09:00  INFO 17756 --- [scheduling-1] c.p.ficc.app.FiccRunRequestWorker        : Starting surveillance run request worker.
2026-06-12T10:11:58.310+09:00  INFO 17756 --- [scheduling-1] c.p.ficc.app.FiccRunRequestWorker        : No pending or failed surveillance run request found.
2026-06-12T10:12:03.327+09:00  INFO 17756 --- [scheduling-1] c.p.ficc.app.FiccRunRequestWorker        : Starting surveillance run request worker.
2026-06-12T10:12:03.345+09:00  INFO 17756 --- [scheduling-1] c.p.ficc.app.FiccRunRequestWorker        : No pending or failed surveillance run request found.
2026-06-12T10:12:08.348+09:00  INFO 17756 --- [scheduling-1] c.p.ficc.app.FiccRunRequestWorker        : Starting surveillance run request worker.
2026-06-12T10:12:08.366+09:00  INFO 17756 --- [scheduling-1] c.p.ficc.app.FiccRunRequestWorker        : No pending or failed surveillance run request found.
2026-06-12T10:12:13.379+09:00  INFO 17756 --- [scheduling-1] c.p.ficc.app.FiccRunRequestWorker        : Starting surveillance run request worker.
2026-06-12T10:12:13.395+09:00  INFO 17756 --- [scheduling-1] c.p.ficc.app.FiccRunRequestWorker        : No pending or failed surveillance run request found.
2026-06-12T10:12:18.402+09:00  INFO 17756 --- [scheduling-1] c.p.ficc.app.FiccRunRequestWorker        : Starting surveillance run request worker.
2026-06-12T10:12:18.417+09:00  INFO 17756 --- [scheduling-1] c.p.ficc.app.FiccRunRequestWorker        : No pending or failed surveillance run request found.
2026-06-12T10:12:23.429+09:00  INFO 17756 --- [scheduling-1] c.p.ficc.app.FiccRunRequestWorker        : Starting surveillance run request worker.
2026-06-12T10:12:23.445+09:00  INFO 17756 --- [scheduling-1] c.p.ficc.app.FiccRunRequestWorker        : No pending or failed surveillance run request found.
2026-06-12T10:12:28.455+09:00  INFO 17756 --- [scheduling-1] c.p.ficc.app.FiccRunRequestWorker        : Starting surveillance run request worker.
2026-06-12T10:12:28.471+09:00  INFO 17756 --- [scheduling-1] c.p.ficc.app.FiccRunRequestWorker        : No pending or failed surveillance run request found.
2026-06-12T10:12:33.487+09:00  INFO 17756 --- [scheduling-1] c.p.ficc.app.FiccRunRequestWorker        : Starting surveillance run request worker.
2026-06-12T10:12:33.507+09:00  INFO 17756 --- [scheduling-1] c.p.ficc.app.FiccRunRequestWorker        : No pending or failed surveillance run request found.
2026-06-12T10:12:38.516+09:00  INFO 17756 --- [scheduling-1] c.p.ficc.app.FiccRunRequestWorker        : Starting surveillance run request worker.
2026-06-12T10:12:38.532+09:00  INFO 17756 --- [scheduling-1] c.p.ficc.app.FiccRunRequestWorker        : No pending or failed surveillance run request found.
2026-06-12T10:12:43.537+09:00  INFO 17756 --- [scheduling-1] c.p.ficc.app.FiccRunRequestWorker        : Starting surveillance run request worker.
2026-06-12T10:12:43.553+09:00  INFO 17756 --- [scheduling-1] c.p.ficc.app.FiccRunRequestWorker        : No pending or failed surveillance run request found.
2026-06-12T10:12:48.574+09:00  INFO 17756 --- [scheduling-1] c.p.ficc.app.FiccRunRequestWorker        : Starting surveillance run request worker.
2026-06-12T10:12:48.598+09:00  INFO 17756 --- [scheduling-1] c.p.ficc.app.FiccRunRequestWorker        : No pending or failed surveillance run request found.
2026-06-12T10:12:53.599+09:00  INFO 17756 --- [scheduling-1] c.p.ficc.app.FiccRunRequestWorker        : Starting surveillance run request worker.
2026-06-12T10:12:53.626+09:00  INFO 17756 --- [scheduling-1] c.p.ficc.app.FiccRunRequestWorker        : No pending or failed surveillance run request found.
2026-06-12T10:12:58.641+09:00  INFO 17756 --- [scheduling-1] c.p.ficc.app.FiccRunRequestWorker        : Starting surveillance run request worker.
2026-06-12T10:12:58.658+09:00  INFO 17756 --- [scheduling-1] c.p.ficc.app.FiccRunRequestWorker        : No pending or failed surveillance run request found.
2026-06-12T10:13:03.670+09:00  INFO 17756 --- [scheduling-1] c.p.ficc.app.FiccRunRequestWorker        : Starting surveillance run request worker.
2026-06-12T10:13:03.699+09:00  INFO 17756 --- [scheduling-1] c.p.ficc.app.FiccRunRequestWorker        : No pending or failed surveillance run request found.
2026-06-12T10:13:08.708+09:00  INFO 17756 --- [scheduling-1] c.p.ficc.app.FiccRunRequestWorker        : Starting surveillance run request worker.
2026-06-12T10:13:08.736+09:00  INFO 17756 --- [scheduling-1] c.p.ficc.app.FiccRunRequestWorker        : No pending or failed surveillance run request found.
2026-06-12T10:13:13.743+09:00  INFO 17756 --- [scheduling-1] c.p.ficc.app.FiccRunRequestWorker        : Starting surveillance run request worker.
2026-06-12T10:13:13.761+09:00  INFO 17756 --- [scheduling-1] c.p.ficc.app.FiccRunRequestWorker        : No pending or failed surveillance run request found.
2026-06-12T10:13:18.767+09:00  INFO 17756 --- [scheduling-1] c.p.ficc.app.FiccRunRequestWorker        : Starting surveillance run request worker.
2026-06-12T10:13:18.796+09:00  INFO 17756 --- [scheduling-1] c.p.ficc.app.FiccRunRequestWorker        : No pending or failed surveillance run request found.
2026-06-12T10:13:23.804+09:00  INFO 17756 --- [scheduling-1] c.p.ficc.app.FiccRunRequestWorker        : Starting surveillance run request worker.
2026-06-12T10:13:23.835+09:00  INFO 17756 --- [scheduling-1] c.p.ficc.app.FiccRunRequestWorker        : No pending or failed surveillance run request found.
2026-06-12T10:13:28.856+09:00  INFO 17756 --- [scheduling-1] c.p.ficc.app.FiccRunRequestWorker        : Starting surveillance run request worker.
2026-06-12T10:13:28.872+09:00  INFO 17756 --- [scheduling-1] c.p.ficc.app.FiccRunRequestWorker        : No pending or failed surveillance run request found.
2026-06-12T10:13:33.898+09:00  INFO 17756 --- [scheduling-1] c.p.ficc.app.FiccRunRequestWorker        : Starting surveillance run request worker.
2026-06-12T10:13:33.915+09:00  INFO 17756 --- [scheduling-1] c.p.ficc.app.FiccRunRequestWorker        : No pending or failed surveillance run request found.
2026-06-12T10:13:38.935+09:00  INFO 17756 --- [scheduling-1] c.p.ficc.app.FiccRunRequestWorker        : Starting surveillance run request worker.
2026-06-12T10:13:38.965+09:00  INFO 17756 --- [scheduling-1] c.p.ficc.app.FiccRunRequestWorker        : No pending or failed surveillance run request found.
2026-06-12T10:13:43.973+09:00  INFO 17756 --- [scheduling-1] c.p.ficc.app.FiccRunRequestWorker        : Starting surveillance run request worker.
2026-06-12T10:13:43.989+09:00  INFO 17756 --- [scheduling-1] c.p.ficc.app.FiccRunRequestWorker        : No pending or failed surveillance run request found.
2026-06-12T10:13:49.015+09:00  INFO 17756 --- [scheduling-1] c.p.ficc.app.FiccRunRequestWorker        : Starting surveillance run request worker.
2026-06-12T10:13:49.031+09:00  INFO 17756 --- [scheduling-1] c.p.ficc.app.FiccRunRequestWorker        : No pending or failed surveillance run request found.
2026-06-12T10:13:54.044+09:00  INFO 17756 --- [scheduling-1] c.p.ficc.app.FiccRunRequestWorker        : Starting surveillance run request worker.
2026-06-12T10:13:54.061+09:00  INFO 17756 --- [scheduling-1] c.p.ficc.app.FiccRunRequestWorker        : No pending or failed surveillance run request found.
2026-06-12T10:13:59.068+09:00  INFO 17756 --- [scheduling-1] c.p.ficc.app.FiccRunRequestWorker        : Starting surveillance run request worker.
2026-06-12T10:13:59.089+09:00  INFO 17756 --- [scheduling-1] c.p.ficc.app.FiccRunRequestWorker        : No pending or failed surveillance run request found.
2026-06-12T10:14:04.094+09:00  INFO 17756 --- [scheduling-1] c.p.ficc.app.FiccRunRequestWorker        : Starting surveillance run request worker.
2026-06-12T10:14:04.122+09:00  INFO 17756 --- [scheduling-1] c.p.ficc.app.FiccRunRequestWorker        : No pending or failed surveillance run request found.
2026-06-12T10:14:09.126+09:00  INFO 17756 --- [scheduling-1] c.p.ficc.app.FiccRunRequestWorker        : Starting surveillance run request worker.
2026-06-12T10:14:09.151+09:00  INFO 17756 --- [scheduling-1] c.p.ficc.app.FiccRunRequestWorker        : No pending or failed surveillance run request found.
2026-06-12T10:14:14.159+09:00  INFO 17756 --- [scheduling-1] c.p.ficc.app.FiccRunRequestWorker        : Starting surveillance run request worker.
2026-06-12T10:14:14.192+09:00  INFO 17756 --- [scheduling-1] c.p.ficc.app.FiccRunRequestWorker        : No pending or failed surveillance run request found.
2026-06-12T10:14:19.207+09:00  INFO 17756 --- [scheduling-1] c.p.ficc.app.FiccRunRequestWorker        : Starting surveillance run request worker.
2026-06-12T10:14:19.223+09:00  INFO 17756 --- [scheduling-1] c.p.ficc.app.FiccRunRequestWorker        : No pending or failed surveillance run request found.
2026-06-12T10:14:24.241+09:00  INFO 17756 --- [scheduling-1] c.p.ficc.app.FiccRunRequestWorker        : Starting surveillance run request worker.
2026-06-12T10:14:24.265+09:00  INFO 17756 --- [scheduling-1] c.p.ficc.app.FiccRunRequestWorker        : No pending or failed surveillance run request found.
2026-06-12T10:14:29.273+09:00  INFO 17756 --- [scheduling-1] c.p.ficc.app.FiccRunRequestWorker        : Starting surveillance run request worker.
2026-06-12T10:14:29.293+09:00  INFO 17756 --- [scheduling-1] c.p.ficc.app.FiccRunRequestWorker        : No pending or failed surveillance run request found.
2026-06-12T10:14:34.306+09:00  INFO 17756 --- [scheduling-1] c.p.ficc.app.FiccRunRequestWorker        : Starting surveillance run request worker.
2026-06-12T10:14:34.328+09:00  INFO 17756 --- [scheduling-1] c.p.ficc.app.FiccRunRequestWorker        : No pending or failed surveillance run request found.
2026-06-12T10:14:39.340+09:00  INFO 17756 --- [scheduling-1] c.p.ficc.app.FiccRunRequestWorker        : Starting surveillance run request worker.
2026-06-12T10:14:39.358+09:00  INFO 17756 --- [scheduling-1] c.p.ficc.app.FiccRunRequestWorker        : No pending or failed surveillance run request found.
2026-06-12T10:14:44.364+09:00  INFO 17756 --- [scheduling-1] c.p.ficc.app.FiccRunRequestWorker        : Starting surveillance run request worker.
2026-06-12T10:14:44.378+09:00  INFO 17756 --- [scheduling-1] c.p.ficc.app.FiccRunRequestWorker        : No pending or failed surveillance run request found.
2026-06-12T10:14:49.389+09:00  INFO 17756 --- [scheduling-1] c.p.ficc.app.FiccRunRequestWorker        : Starting surveillance run request worker.
2026-06-12T10:14:49.413+09:00  INFO 17756 --- [scheduling-1] c.p.ficc.app.FiccRunRequestWorker        : No pending or failed surveillance run request found.
2026-06-12T10:14:54.420+09:00  INFO 17756 --- [scheduling-1] c.p.ficc.app.FiccRunRequestWorker        : Starting surveillance run request worker.
2026-06-12T10:14:54.436+09:00  INFO 17756 --- [scheduling-1] c.p.ficc.app.FiccRunRequestWorker        : No pending or failed surveillance run request found.
2026-06-12T10:14:59.440+09:00  INFO 17756 --- [scheduling-1] c.p.ficc.app.FiccRunRequestWorker        : Starting surveillance run request worker.
2026-06-12T10:14:59.463+09:00  INFO 17756 --- [scheduling-1] c.p.ficc.app.FiccRunRequestWorker        : No pending or failed surveillance run request found.
2026-06-12T10:15:04.476+09:00  INFO 17756 --- [scheduling-1] c.p.ficc.app.FiccRunRequestWorker        : Starting surveillance run request worker.
2026-06-12T10:15:04.503+09:00  INFO 17756 --- [scheduling-1] c.p.ficc.app.FiccRunRequestWorker        : No pending or failed surveillance run request found.
2026-06-12T10:15:09.514+09:00  INFO 17756 --- [scheduling-1] c.p.ficc.app.FiccRunRequestWorker        : Starting surveillance run request worker.
2026-06-12T10:15:09.542+09:00  INFO 17756 --- [scheduling-1] c.p.ficc.app.FiccRunRequestWorker        : No pending or failed surveillance run request found.
2026-06-12T10:15:14.553+09:00  INFO 17756 --- [scheduling-1] c.p.ficc.app.FiccRunRequestWorker        : Starting surveillance run request worker.
2026-06-12T10:15:14.569+09:00  INFO 17756 --- [scheduling-1] c.p.ficc.app.FiccRunRequestWorker        : No pending or failed surveillance run request found.
2026-06-12T10:15:19.589+09:00  INFO 17756 --- [scheduling-1] c.p.ficc.app.FiccRunRequestWorker        : Starting surveillance run request worker.
2026-06-12T10:15:19.606+09:00  INFO 17756 --- [scheduling-1] c.p.ficc.app.FiccRunRequestWorker        : No pending or failed surveillance run request found.
2026-06-12T10:15:24.621+09:00  INFO 17756 --- [scheduling-1] c.p.ficc.app.FiccRunRequestWorker        : Starting surveillance run request worker.
2026-06-12T10:15:24.623+09:00  INFO 17756 --- [scheduling-1] c.p.ficc.app.FiccRunRequestWorker        : No pending or failed surveillance run request found.
2026-06-12T10:15:29.637+09:00  INFO 17756 --- [scheduling-1] c.p.ficc.app.FiccRunRequestWorker        : Starting surveillance run request worker.
2026-06-12T10:15:29.657+09:00  INFO 17756 --- [scheduling-1] c.p.ficc.app.FiccRunRequestWorker        : No pending or failed surveillance run request found.
2026-06-12T10:15:34.672+09:00  INFO 17756 --- [scheduling-1] c.p.ficc.app.FiccRunRequestWorker        : Starting surveillance run request worker.
2026-06-12T10:15:34.695+09:00  INFO 17756 --- [scheduling-1] c.p.ficc.app.FiccRunRequestWorker        : No pending or failed surveillance run request found.
2026-06-12T10:15:39.704+09:00  INFO 17756 --- [scheduling-1] c.p.ficc.app.FiccRunRequestWorker        : Starting surveillance run request worker.
2026-06-12T10:15:39.726+09:00  INFO 17756 --- [scheduling-1] c.p.ficc.app.FiccRunRequestWorker        : No pending or failed surveillance run request found.
2026-06-12T10:15:44.738+09:00  INFO 17756 --- [scheduling-1] c.p.ficc.app.FiccRunRequestWorker        : Starting surveillance run request worker.
2026-06-12T10:15:44.755+09:00  INFO 17756 --- [scheduling-1] c.p.ficc.app.FiccRunRequestWorker        : No pending or failed surveillance run request found.
2026-06-12T10:15:49.770+09:00  INFO 17756 --- [scheduling-1] c.p.ficc.app.FiccRunRequestWorker        : Starting surveillance run request worker.
2026-06-12T10:15:49.790+09:00  INFO 17756 --- [scheduling-1] c.p.ficc.app.FiccRunRequestWorker        : No pending or failed surveillance run request found.
2026-06-12T10:15:54.804+09:00  INFO 17756 --- [scheduling-1] c.p.ficc.app.FiccRunRequestWorker        : Starting surveillance run request worker.
2026-06-12T10:15:54.821+09:00  INFO 17756 --- [scheduling-1] c.p.ficc.app.FiccRunRequestWorker        : No pending or failed surveillance run request found.
2026-06-12T10:15:59.829+09:00  INFO 17756 --- [scheduling-1] c.p.ficc.app.FiccRunRequestWorker        : Starting surveillance run request worker.
2026-06-12T10:15:59.851+09:00  INFO 17756 --- [scheduling-1] c.p.ficc.app.FiccRunRequestWorker        : No pending or failed surveillance run request found.
2026-06-12T10:16:04.852+09:00  INFO 17756 --- [scheduling-1] c.p.ficc.app.FiccRunRequestWorker        : Starting surveillance run request worker.
2026-06-12T10:16:04.866+09:00  INFO 17756 --- [scheduling-1] c.p.ficc.app.FiccRunRequestWorker        : No pending or failed surveillance run request found.
2026-06-12T10:16:09.871+09:00  INFO 17756 --- [scheduling-1] c.p.ficc.app.FiccRunRequestWorker        : Starting surveillance run request worker.
2026-06-12T10:16:09.896+09:00  INFO 17756 --- [scheduling-1] c.p.ficc.app.FiccRunRequestWorker        : No pending or failed surveillance run request found.
2026-06-12T10:16:14.909+09:00  INFO 17756 --- [scheduling-1] c.p.ficc.app.FiccRunRequestWorker        : Starting surveillance run request worker.
2026-06-12T10:16:14.930+09:00  INFO 17756 --- [scheduling-1] c.p.ficc.app.FiccRunRequestWorker        : No pending or failed surveillance run request found.
2026-06-12T10:16:19.933+09:00  INFO 17756 --- [scheduling-1] c.p.ficc.app.FiccRunRequestWorker        : Starting surveillance run request worker.
2026-06-12T10:16:19.953+09:00  INFO 17756 --- [scheduling-1] c.p.ficc.app.FiccRunRequestWorker        : No pending or failed surveillance run request found.
2026-06-12T10:16:24.960+09:00  INFO 17756 --- [scheduling-1] c.p.ficc.app.FiccRunRequestWorker        : Starting surveillance run request worker.
2026-06-12T10:16:24.982+09:00  INFO 17756 --- [scheduling-1] c.p.ficc.app.FiccRunRequestWorker        : No pending or failed surveillance run request found.
2026-06-12T10:16:29.991+09:00  INFO 17756 --- [scheduling-1] c.p.ficc.app.FiccRunRequestWorker        : Starting surveillance run request worker.
2026-06-12T10:16:30.007+09:00  INFO 17756 --- [scheduling-1] c.p.ficc.app.FiccRunRequestWorker        : No pending or failed surveillance run request found.
2026-06-12T10:16:35.015+09:00  INFO 17756 --- [scheduling-1] c.p.ficc.app.FiccRunRequestWorker        : Starting surveillance run request worker.
2026-06-12T10:16:35.064+09:00  INFO 17756 --- [scheduling-1] c.p.ficc.app.FiccRunRequestWorker        : No pending or failed surveillance run request found.
2026-06-12T10:16:40.083+09:00  INFO 17756 --- [scheduling-1] c.p.ficc.app.FiccRunRequestWorker        : Starting surveillance run request worker.
2026-06-12T10:16:40.115+09:00  INFO 17756 --- [scheduling-1] c.p.ficc.app.FiccRunRequestWorker        : No pending or failed surveillance run request found.
2026-06-12T10:16:45.128+09:00  INFO 17756 --- [scheduling-1] c.p.ficc.app.FiccRunRequestWorker        : Starting surveillance run request worker.
2026-06-12T10:16:45.153+09:00  INFO 17756 --- [scheduling-1] c.p.ficc.app.FiccRunRequestWorker        : No pending or failed surveillance run request found.
2026-06-12T10:16:50.156+09:00  INFO 17756 --- [scheduling-1] c.p.ficc.app.FiccRunRequestWorker        : Starting surveillance run request worker.
2026-06-12T10:16:50.184+09:00  INFO 17756 --- [scheduling-1] c.p.ficc.app.FiccRunRequestWorker        : No pending or failed surveillance run request found.
2026-06-12T10:16:55.191+09:00  INFO 17756 --- [scheduling-1] c.p.ficc.app.FiccRunRequestWorker        : Starting surveillance run request worker.
2026-06-12T10:16:55.214+09:00  INFO 17756 --- [scheduling-1] c.p.ficc.app.FiccRunRequestWorker        : No pending or failed surveillance run request found.
2026-06-12T10:17:00.229+09:00  INFO 17756 --- [scheduling-1] c.p.ficc.app.FiccRunRequestWorker        : Starting surveillance run request worker.
2026-06-12T10:17:00.251+09:00  INFO 17756 --- [scheduling-1] c.p.ficc.app.FiccRunRequestWorker        : No pending or failed surveillance run request found.
2026-06-12T10:17:05.262+09:00  INFO 17756 --- [scheduling-1] c.p.ficc.app.FiccRunRequestWorker        : Starting surveillance run request worker.
2026-06-12T10:17:05.278+09:00  INFO 17756 --- [scheduling-1] c.p.ficc.app.FiccRunRequestWorker        : No pending or failed surveillance run request found.
2026-06-12T10:17:10.300+09:00  INFO 17756 --- [scheduling-1] c.p.ficc.app.FiccRunRequestWorker        : Starting surveillance run request worker.
2026-06-12T10:17:10.316+09:00  INFO 17756 --- [scheduling-1] c.p.ficc.app.FiccRunRequestWorker        : No pending or failed surveillance run request found.
2026-06-12T10:17:15.324+09:00  INFO 17756 --- [scheduling-1] c.p.ficc.app.FiccRunRequestWorker        : Starting surveillance run request worker.
2026-06-12T10:17:15.350+09:00  INFO 17756 --- [scheduling-1] c.p.ficc.app.FiccRunRequestWorker        : No pending or failed surveillance run request found.
2026-06-12T10:17:20.360+09:00  INFO 17756 --- [scheduling-1] c.p.ficc.app.FiccRunRequestWorker        : Starting surveillance run request worker.
2026-06-12T10:17:20.377+09:00  INFO 17756 --- [scheduling-1] c.p.ficc.app.FiccRunRequestWorker        : No pending or failed surveillance run request found.
2026-06-12T10:17:25.387+09:00  INFO 17756 --- [scheduling-1] c.p.ficc.app.FiccRunRequestWorker        : Starting surveillance run request worker.
2026-06-12T10:17:25.403+09:00  INFO 17756 --- [scheduling-1] c.p.ficc.app.FiccRunRequestWorker        : No pending or failed surveillance run request found.
2026-06-12T10:17:30.422+09:00  INFO 17756 --- [scheduling-1] c.p.ficc.app.FiccRunRequestWorker        : Starting surveillance run request worker.
2026-06-12T10:17:30.448+09:00  INFO 17756 --- [scheduling-1] c.p.ficc.app.FiccRunRequestWorker        : No pending or failed surveillance run request found.
2026-06-12T10:17:35.452+09:00  INFO 17756 --- [scheduling-1] c.p.ficc.app.FiccRunRequestWorker        : Starting surveillance run request worker.
2026-06-12T10:17:35.468+09:00  INFO 17756 --- [scheduling-1] c.p.ficc.app.FiccRunRequestWorker        : No pending or failed surveillance run request found.
2026-06-12T10:17:40.477+09:00  INFO 17756 --- [scheduling-1] c.p.ficc.app.FiccRunRequestWorker        : Starting surveillance run request worker.
2026-06-12T10:17:40.495+09:00  INFO 17756 --- [scheduling-1] c.p.ficc.app.FiccRunRequestWorker        : No pending or failed surveillance run request found.
2026-06-12T10:17:45.516+09:00  INFO 17756 --- [scheduling-1] c.p.ficc.app.FiccRunRequestWorker        : Starting surveillance run request worker.
2026-06-12T10:17:45.532+09:00  INFO 17756 --- [scheduling-1] c.p.ficc.app.FiccRunRequestWorker        : No pending or failed surveillance run request found.
2026-06-12T10:17:50.561+09:00  INFO 17756 --- [scheduling-1] c.p.ficc.app.FiccRunRequestWorker        : Starting surveillance run request worker.
2026-06-12T10:17:50.584+09:00  INFO 17756 --- [scheduling-1] c.p.ficc.app.FiccRunRequestWorker        : No pending or failed surveillance run request found.
2026-06-12T10:17:55.597+09:00  INFO 17756 --- [scheduling-1] c.p.ficc.app.FiccRunRequestWorker        : Starting surveillance run request worker.
2026-06-12T10:17:55.621+09:00  INFO 17756 --- [scheduling-1] c.p.ficc.app.FiccRunRequestWorker        : No pending or failed surveillance run request found.
2026-06-12T10:18:00.632+09:00  INFO 17756 --- [scheduling-1] c.p.ficc.app.FiccRunRequestWorker        : Starting surveillance run request worker.
2026-06-12T10:18:00.651+09:00  INFO 17756 --- [scheduling-1] c.p.ficc.app.FiccRunRequestWorker        : No pending or failed surveillance run request found.
2026-06-12T10:18:05.666+09:00  INFO 17756 --- [scheduling-1] c.p.ficc.app.FiccRunRequestWorker        : Starting surveillance run request worker.
2026-06-12T10:18:05.688+09:00  INFO 17756 --- [scheduling-1] c.p.ficc.app.FiccRunRequestWorker        : No pending or failed surveillance run request found.
2026-06-12T10:18:10.701+09:00  INFO 17756 --- [scheduling-1] c.p.ficc.app.FiccRunRequestWorker        : Starting surveillance run request worker.
2026-06-12T10:18:10.732+09:00  INFO 17756 --- [scheduling-1] c.p.ficc.app.FiccRunRequestWorker        : No pending or failed surveillance run request found.
2026-06-12T10:18:15.741+09:00  INFO 17756 --- [scheduling-1] c.p.ficc.app.FiccRunRequestWorker        : Starting surveillance run request worker.
2026-06-12T10:18:15.766+09:00  INFO 17756 --- [scheduling-1] c.p.ficc.app.FiccRunRequestWorker        : No pending or failed surveillance run request found.
2026-06-12T10:18:20.767+09:00  INFO 17756 --- [scheduling-1] c.p.ficc.app.FiccRunRequestWorker        : Starting surveillance run request worker.
2026-06-12T10:18:20.823+09:00  INFO 17756 --- [scheduling-1] c.p.ficc.app.FiccRunRequestWorker        : Claimed 1 runnable surveillance request(s).
2026-06-12T10:18:20.823+09:00  INFO 17756 --- [scheduling-1] c.p.ficc.app.FiccRunRequestWorker        : ------------------------------------------------------------------------------------------
2026-06-12T10:18:20.823+09:00  INFO 17756 --- [scheduling-1] c.p.ficc.app.FiccRunRequestWorker        : Run request 17 started: appid=3, region=APAC, businessDate=2026-06-07.
2026-06-12T10:18:20.823+09:00  INFO 17756 --- [scheduling-1] c.p.f.app.FiccSurveillanceApplication    : ------------------------------------------------------------------------------------------
2026-06-12T10:18:20.823+09:00  INFO 17756 --- [scheduling-1] c.p.f.app.FiccSurveillanceApplication    : Starting surveillance pipeline: appid=3, region=APAC, businessDate=2026-06-07.
2026-06-12T10:18:20.823+09:00  INFO 17756 --- [scheduling-1] c.p.f.app.FiccSurveillanceApplication    : ------------------------------------------------------------------------------------------
2026-06-12T10:18:20.848+09:00  INFO 17756 --- [scheduling-1] c.p.f.app.FiccSurveillanceApplication    : Resolved surveillance model: appid=3, modelid=1, modelCode=FICC_WASH_TRADE, modelClass=com.portfolio.ficc.surveillance.FiccWashTradeModel, region=APAC.
2026-06-12T10:18:20.848+09:00  INFO 17756 --- [scheduling-1] c.p.f.app.FiccSurveillanceApplication    : ------------------------------------------------------------------------------------------
2026-06-12T10:18:20.874+09:00  INFO 17756 --- [scheduling-1] c.p.f.app.FiccSurveillanceApplication    : Loaded 2 trades: region=APAC, businessDate=2026-06-07.
2026-06-12T10:18:20.958+09:00  INFO 17756 --- [scheduling-1] c.p.f.app.FiccSurveillanceApplication    : ------------------------------------------------------------------------------------------
2026-06-12T10:18:20.958+09:00  INFO 17756 --- [scheduling-1] c.p.f.app.FiccSurveillanceApplication    : Evaluated surveillance model and generated 0 alerts : region=APAC, businessDate=2026-06-07.
2026-06-12T10:18:20.958+09:00  INFO 17756 --- [scheduling-1] c.p.f.app.FiccSurveillanceApplication    : ------------------------------------------------------------------------------------------
2026-06-12T10:18:20.958+09:00  INFO 17756 --- [scheduling-1] c.p.f.app.FiccSurveillanceApplication    : Completed surveillance pipeline: tradesProcessed=2, alertsGenerated=0, alertsDispatched=0, duplicateAlerts=0, appid=3, modelid=1, region=APAC, businessDate=2026-06-07.
2026-06-12T10:18:20.989+09:00  INFO 17756 --- [scheduling-1] c.p.ficc.app.FiccRunRequestWorker        : ------------------------------------------------------------------------------------------
2026-06-12T10:18:20.989+09:00  INFO 17756 --- [scheduling-1] c.p.ficc.app.FiccRunRequestWorker        : Run request 17 completed: tradesProcessed=2, alertsGenerated=0, alertsDispatched=0, duplicateAlerts=0.
2026-06-12T10:18:20.989+09:00  INFO 17756 --- [scheduling-1] c.p.ficc.app.FiccRunRequestWorker        : ------------------------------------------------------------------------------------------
2026-06-12T10:18:20.989+09:00  INFO 17756 --- [scheduling-1] c.p.ficc.app.FiccRunRequestWorker        : Finished processing claimed surveillance requests.
2026-06-12T10:18:26.011+09:00  INFO 17756 --- [scheduling-1] c.p.ficc.app.FiccRunRequestWorker        : Starting surveillance run request worker.
2026-06-12T10:18:26.059+09:00  INFO 17756 --- [scheduling-1] c.p.ficc.app.FiccRunRequestWorker        : Claimed 1 runnable surveillance request(s).
2026-06-12T10:18:26.059+09:00  INFO 17756 --- [scheduling-1] c.p.ficc.app.FiccRunRequestWorker        : ------------------------------------------------------------------------------------------
2026-06-12T10:18:26.059+09:00  INFO 17756 --- [scheduling-1] c.p.ficc.app.FiccRunRequestWorker        : Run request 18 started: appid=3, region=APAC, businessDate=2026-06-08.
2026-06-12T10:18:26.059+09:00  INFO 17756 --- [scheduling-1] c.p.f.app.FiccSurveillanceApplication    : ------------------------------------------------------------------------------------------
2026-06-12T10:18:26.059+09:00  INFO 17756 --- [scheduling-1] c.p.f.app.FiccSurveillanceApplication    : Starting surveillance pipeline: appid=3, region=APAC, businessDate=2026-06-08.
2026-06-12T10:18:26.059+09:00  INFO 17756 --- [scheduling-1] c.p.f.app.FiccSurveillanceApplication    : ------------------------------------------------------------------------------------------
2026-06-12T10:18:26.083+09:00  INFO 17756 --- [scheduling-1] c.p.f.app.FiccSurveillanceApplication    : Resolved surveillance model: appid=3, modelid=1, modelCode=FICC_WASH_TRADE, modelClass=com.portfolio.ficc.surveillance.FiccWashTradeModel, region=APAC.
2026-06-12T10:18:26.083+09:00  INFO 17756 --- [scheduling-1] c.p.f.app.FiccSurveillanceApplication    : ------------------------------------------------------------------------------------------
2026-06-12T10:18:26.090+09:00  INFO 17756 --- [scheduling-1] c.p.f.app.FiccSurveillanceApplication    : Loaded 8 trades: region=APAC, businessDate=2026-06-08.
2026-06-12T10:18:26.187+09:00  INFO 17756 --- [scheduling-1] c.p.f.app.FiccSurveillanceApplication    : ------------------------------------------------------------------------------------------
2026-06-12T10:18:26.187+09:00  INFO 17756 --- [scheduling-1] c.p.f.app.FiccSurveillanceApplication    : Evaluated surveillance model and generated 2 alerts : region=APAC, businessDate=2026-06-08.
2026-06-12T10:18:26.230+09:00  INFO 17756 --- [scheduling-1] c.p.ficc.io.AlertHistoryRepository       : Saved alert history: alertHistoryId=15, alertId=ficc_wash_alert_3, matchType=ONE_TIME_TRANSACTION, relatedTrades=2, appid=3, modelid=1, region=APAC, businessDate=2026-06-08.
2026-06-12T10:18:26.255+09:00  INFO 17756 --- [scheduling-1] c.p.ficc.io.AlertHistoryRepository       : Saved alert history: alertHistoryId=16, alertId=ficc_wash_alert_4, matchType=CUMULATIVE_TRANSACTION, relatedTrades=4, appid=3, modelid=1, region=APAC, businessDate=2026-06-08.
2026-06-12T10:18:26.256+09:00  INFO 17756 --- [scheduling-1] c.p.f.app.FiccSurveillanceApplication    : ------------------------------------------------------------------------------------------
2026-06-12T10:18:26.256+09:00  INFO 17756 --- [scheduling-1] c.p.f.app.FiccSurveillanceApplication    : Completed surveillance pipeline: tradesProcessed=8, alertsGenerated=2, alertsDispatched=2, duplicateAlerts=0, appid=3, modelid=1, region=APAC, businessDate=2026-06-08.
2026-06-12T10:18:26.276+09:00  INFO 17756 --- [scheduling-1] c.p.ficc.app.FiccRunRequestWorker        : ------------------------------------------------------------------------------------------
2026-06-12T10:18:26.276+09:00  INFO 17756 --- [scheduling-1] c.p.ficc.app.FiccRunRequestWorker        : Run request 18 completed: tradesProcessed=8, alertsGenerated=2, alertsDispatched=2, duplicateAlerts=0.
2026-06-12T10:18:26.277+09:00  INFO 17756 --- [scheduling-1] c.p.ficc.app.FiccRunRequestWorker        : ------------------------------------------------------------------------------------------
2026-06-12T10:18:26.277+09:00  INFO 17756 --- [scheduling-1] c.p.ficc.app.FiccRunRequestWorker        : Finished processing claimed surveillance requests.
2026-06-12T10:18:31.281+09:00  INFO 17756 --- [scheduling-1] c.p.ficc.app.FiccRunRequestWorker        : Starting surveillance run request worker.
2026-06-12T10:18:31.308+09:00  INFO 17756 --- [scheduling-1] c.p.ficc.app.FiccRunRequestWorker        : No pending or failed surveillance run request found.
2026-06-12T10:18:36.312+09:00  INFO 17756 --- [scheduling-1] c.p.ficc.app.FiccRunRequestWorker        : Starting surveillance run request worker.
2026-06-12T10:18:36.341+09:00  INFO 17756 --- [scheduling-1] c.p.ficc.app.FiccRunRequestWorker        : No pending or failed surveillance run request found.
2026-06-12T10:18:41.348+09:00  INFO 17756 --- [scheduling-1] c.p.ficc.app.FiccRunRequestWorker        : Starting surveillance run request worker.
2026-06-12T10:18:41.365+09:00  INFO 17756 --- [scheduling-1] c.p.ficc.app.FiccRunRequestWorker        : No pending or failed surveillance run request found.
2026-06-12T10:18:46.381+09:00  INFO 17756 --- [scheduling-1] c.p.ficc.app.FiccRunRequestWorker        : Starting surveillance run request worker.
2026-06-12T10:18:46.399+09:00  INFO 17756 --- [scheduling-1] c.p.ficc.app.FiccRunRequestWorker        : No pending or failed surveillance run request found.
2026-06-12T10:18:51.414+09:00  INFO 17756 --- [scheduling-1] c.p.ficc.app.FiccRunRequestWorker        : Starting surveillance run request worker.
2026-06-12T10:18:51.438+09:00  INFO 17756 --- [scheduling-1] c.p.ficc.app.FiccRunRequestWorker        : No pending or failed surveillance run request found.
2026-06-12T10:18:56.439+09:00  INFO 17756 --- [scheduling-1] c.p.ficc.app.FiccRunRequestWorker        : Starting surveillance run request worker.
2026-06-12T10:18:56.448+09:00  INFO 17756 --- [scheduling-1] c.p.ficc.app.FiccRunRequestWorker        : No pending or failed surveillance run request found.
2026-06-12T10:19:01.461+09:00  INFO 17756 --- [scheduling-1] c.p.ficc.app.FiccRunRequestWorker        : Starting surveillance run request worker.
2026-06-12T10:19:01.482+09:00  INFO 17756 --- [scheduling-1] c.p.ficc.app.FiccRunRequestWorker        : No pending or failed surveillance run request found.
2026-06-12T10:19:06.486+09:00  INFO 17756 --- [scheduling-1] c.p.ficc.app.FiccRunRequestWorker        : Starting surveillance run request worker.
2026-06-12T10:19:06.510+09:00  INFO 17756 --- [scheduling-1] c.p.ficc.app.FiccRunRequestWorker        : No pending or failed surveillance run request found.
2026-06-12T10:19:11.520+09:00  INFO 17756 --- [scheduling-1] c.p.ficc.app.FiccRunRequestWorker        : Starting surveillance run request worker.
2026-06-12T10:19:11.547+09:00  INFO 17756 --- [scheduling-1] c.p.ficc.app.FiccRunRequestWorker        : No pending or failed surveillance run request found.
2026-06-12T10:19:16.548+09:00  INFO 17756 --- [scheduling-1] c.p.ficc.app.FiccRunRequestWorker        : Starting surveillance run request worker.
2026-06-12T10:19:16.562+09:00  INFO 17756 --- [scheduling-1] c.p.ficc.app.FiccRunRequestWorker        : No pending or failed surveillance run request found.
2026-06-12T10:19:21.563+09:00  INFO 17756 --- [scheduling-1] c.p.ficc.app.FiccRunRequestWorker        : Starting surveillance run request worker.
2026-06-12T10:19:21.598+09:00  INFO 17756 --- [scheduling-1] c.p.ficc.app.FiccRunRequestWorker        : No pending or failed surveillance run request found.
2026-06-12T10:19:26.615+09:00  INFO 17756 --- [scheduling-1] c.p.ficc.app.FiccRunRequestWorker        : Starting surveillance run request worker.
2026-06-12T10:19:26.638+09:00  INFO 17756 --- [scheduling-1] c.p.ficc.app.FiccRunRequestWorker        : No pending or failed surveillance run request found.
2026-06-12T10:19:31.656+09:00  INFO 17756 --- [scheduling-1] c.p.ficc.app.FiccRunRequestWorker        : Starting surveillance run request worker.
2026-06-12T10:19:31.683+09:00  INFO 17756 --- [scheduling-1] c.p.ficc.app.FiccRunRequestWorker        : No pending or failed surveillance run request found.
2026-06-12T10:19:36.693+09:00  INFO 17756 --- [scheduling-1] c.p.ficc.app.FiccRunRequestWorker        : Starting surveillance run request worker.
2026-06-12T10:19:36.715+09:00  INFO 17756 --- [scheduling-1] c.p.ficc.app.FiccRunRequestWorker        : No pending or failed surveillance run request found.
2026-06-12T10:19:41.725+09:00  INFO 17756 --- [scheduling-1] c.p.ficc.app.FiccRunRequestWorker        : Starting surveillance run request worker.
2026-06-12T10:19:41.748+09:00  INFO 17756 --- [scheduling-1] c.p.ficc.app.FiccRunRequestWorker        : No pending or failed surveillance run request found.
2026-06-12T10:19:46.762+09:00  INFO 17756 --- [scheduling-1] c.p.ficc.app.FiccRunRequestWorker        : Starting surveillance run request worker.
2026-06-12T10:19:46.781+09:00  INFO 17756 --- [scheduling-1] c.p.ficc.app.FiccRunRequestWorker        : No pending or failed surveillance run request found.
2026-06-12T10:19:51.793+09:00  INFO 17756 --- [scheduling-1] c.p.ficc.app.FiccRunRequestWorker        : Starting surveillance run request worker.
2026-06-12T10:19:51.811+09:00  INFO 17756 --- [scheduling-1] c.p.ficc.app.FiccRunRequestWorker        : No pending or failed surveillance run request found.
2026-06-12T10:19:56.813+09:00  INFO 17756 --- [scheduling-1] c.p.ficc.app.FiccRunRequestWorker        : Starting surveillance run request worker.
2026-06-12T10:19:56.833+09:00  INFO 17756 --- [scheduling-1] c.p.ficc.app.FiccRunRequestWorker        : No pending or failed surveillance run request found.
2026-06-12T10:20:01.849+09:00  INFO 17756 --- [scheduling-1] c.p.ficc.app.FiccRunRequestWorker        : Starting surveillance run request worker.
2026-06-12T10:20:01.863+09:00  INFO 17756 --- [scheduling-1] c.p.ficc.app.FiccRunRequestWorker        : No pending or failed surveillance run request found.
2026-06-12T10:20:06.876+09:00  INFO 17756 --- [scheduling-1] c.p.ficc.app.FiccRunRequestWorker        : Starting surveillance run request worker.
2026-06-12T10:20:06.896+09:00  INFO 17756 --- [scheduling-1] c.p.ficc.app.FiccRunRequestWorker        : No pending or failed surveillance run request found.
2026-06-12T10:20:11.898+09:00  INFO 17756 --- [scheduling-1] c.p.ficc.app.FiccRunRequestWorker        : Starting surveillance run request worker.
2026-06-12T10:20:11.928+09:00  INFO 17756 --- [scheduling-1] c.p.ficc.app.FiccRunRequestWorker        : No pending or failed surveillance run request found.
2026-06-12T10:20:16.929+09:00  INFO 17756 --- [scheduling-1] c.p.ficc.app.FiccRunRequestWorker        : Starting surveillance run request worker.
2026-06-12T10:20:16.944+09:00  INFO 17756 --- [scheduling-1] c.p.ficc.app.FiccRunRequestWorker        : No pending or failed surveillance run request found.
2026-06-12T10:20:21.960+09:00  INFO 17756 --- [scheduling-1] c.p.ficc.app.FiccRunRequestWorker        : Starting surveillance run request worker.
2026-06-12T10:20:21.979+09:00  INFO 17756 --- [scheduling-1] c.p.ficc.app.FiccRunRequestWorker        : No pending or failed surveillance run request found.
2026-06-12T10:20:26.993+09:00  INFO 17756 --- [scheduling-1] c.p.ficc.app.FiccRunRequestWorker        : Starting surveillance run request worker.
2026-06-12T10:20:27.013+09:00  INFO 17756 --- [scheduling-1] c.p.ficc.app.FiccRunRequestWorker        : No pending or failed surveillance run request found.
2026-06-12T10:20:32.026+09:00  INFO 17756 --- [scheduling-1] c.p.ficc.app.FiccRunRequestWorker        : Starting surveillance run request worker.
2026-06-12T10:20:32.072+09:00  INFO 17756 --- [scheduling-1] c.p.ficc.app.FiccRunRequestWorker        : No pending or failed surveillance run request found.
2026-06-12T10:20:37.075+09:00  INFO 17756 --- [scheduling-1] c.p.ficc.app.FiccRunRequestWorker        : Starting surveillance run request worker.
2026-06-12T10:20:37.090+09:00  INFO 17756 --- [scheduling-1] c.p.ficc.app.FiccRunRequestWorker        : No pending or failed surveillance run request found.
2026-06-12T10:20:42.109+09:00  INFO 17756 --- [scheduling-1] c.p.ficc.app.FiccRunRequestWorker        : Starting surveillance run request worker.
2026-06-12T10:20:42.128+09:00  INFO 17756 --- [scheduling-1] c.p.ficc.app.FiccRunRequestWorker        : No pending or failed surveillance run request found.
2026-06-12T10:20:47.142+09:00  INFO 17756 --- [scheduling-1] c.p.ficc.app.FiccRunRequestWorker        : Starting surveillance run request worker.
2026-06-12T10:20:47.160+09:00  INFO 17756 --- [scheduling-1] c.p.ficc.app.FiccRunRequestWorker        : No pending or failed surveillance run request found.
2026-06-12T10:20:52.160+09:00  INFO 17756 --- [scheduling-1] c.p.ficc.app.FiccRunRequestWorker        : Starting surveillance run request worker.
2026-06-12T10:20:52.176+09:00  INFO 17756 --- [scheduling-1] c.p.ficc.app.FiccRunRequestWorker        : No pending or failed surveillance run request found.
2026-06-12T10:20:57.179+09:00  INFO 17756 --- [scheduling-1] c.p.ficc.app.FiccRunRequestWorker        : Starting surveillance run request worker.
2026-06-12T10:20:57.194+09:00  INFO 17756 --- [scheduling-1] c.p.ficc.app.FiccRunRequestWorker        : No pending or failed surveillance run request found.
2026-06-12T10:21:02.208+09:00  INFO 17756 --- [scheduling-1] c.p.ficc.app.FiccRunRequestWorker        : Starting surveillance run request worker.
2026-06-12T10:21:02.229+09:00  INFO 17756 --- [scheduling-1] c.p.ficc.app.FiccRunRequestWorker        : No pending or failed surveillance run request found.
2026-06-12T10:21:07.248+09:00  INFO 17756 --- [scheduling-1] c.p.ficc.app.FiccRunRequestWorker        : Starting surveillance run request worker.
2026-06-12T10:21:07.262+09:00  INFO 17756 --- [scheduling-1] c.p.ficc.app.FiccRunRequestWorker        : No pending or failed surveillance run request found.
2026-06-12T10:21:12.263+09:00  INFO 17756 --- [scheduling-1] c.p.ficc.app.FiccRunRequestWorker        : Starting surveillance run request worker.
2026-06-12T10:21:12.282+09:00  INFO 17756 --- [scheduling-1] c.p.ficc.app.FiccRunRequestWorker        : No pending or failed surveillance run request found.
2026-06-12T10:21:17.293+09:00  INFO 17756 --- [scheduling-1] c.p.ficc.app.FiccRunRequestWorker        : Starting surveillance run request worker.
2026-06-12T10:21:17.314+09:00  INFO 17756 --- [scheduling-1] c.p.ficc.app.FiccRunRequestWorker        : No pending or failed surveillance run request found.
2026-06-12T10:21:22.323+09:00  INFO 17756 --- [scheduling-1] c.p.ficc.app.FiccRunRequestWorker        : Starting surveillance run request worker.
2026-06-12T10:21:22.343+09:00  INFO 17756 --- [scheduling-1] c.p.ficc.app.FiccRunRequestWorker        : No pending or failed surveillance run request found.
2026-06-12T10:21:27.352+09:00  INFO 17756 --- [scheduling-1] c.p.ficc.app.FiccRunRequestWorker        : Starting surveillance run request worker.
2026-06-12T10:21:27.379+09:00  INFO 17756 --- [scheduling-1] c.p.ficc.app.FiccRunRequestWorker        : No pending or failed surveillance run request found.
2026-06-12T10:21:32.389+09:00  INFO 17756 --- [scheduling-1] c.p.ficc.app.FiccRunRequestWorker        : Starting surveillance run request worker.
2026-06-12T10:21:32.412+09:00  INFO 17756 --- [scheduling-1] c.p.ficc.app.FiccRunRequestWorker        : No pending or failed surveillance run request found.
2026-06-12T10:21:37.417+09:00  INFO 17756 --- [scheduling-1] c.p.ficc.app.FiccRunRequestWorker        : Starting surveillance run request worker.
2026-06-12T10:21:37.443+09:00  INFO 17756 --- [scheduling-1] c.p.ficc.app.FiccRunRequestWorker        : No pending or failed surveillance run request found.
2026-06-12T10:21:42.447+09:00  INFO 17756 --- [scheduling-1] c.p.ficc.app.FiccRunRequestWorker        : Starting surveillance run request worker.
2026-06-12T10:21:42.469+09:00  INFO 17756 --- [scheduling-1] c.p.ficc.app.FiccRunRequestWorker        : No pending or failed surveillance run request found.
2026-06-12T10:21:47.481+09:00  INFO 17756 --- [scheduling-1] c.p.ficc.app.FiccRunRequestWorker        : Starting surveillance run request worker.
2026-06-12T10:21:47.502+09:00  INFO 17756 --- [scheduling-1] c.p.ficc.app.FiccRunRequestWorker        : No pending or failed surveillance run request found.
2026-06-12T10:21:52.514+09:00  INFO 17756 --- [scheduling-1] c.p.ficc.app.FiccRunRequestWorker        : Starting surveillance run request worker.
2026-06-12T10:21:52.533+09:00  INFO 17756 --- [scheduling-1] c.p.ficc.app.FiccRunRequestWorker        : No pending or failed surveillance run request found.
2026-06-12T10:21:57.535+09:00  INFO 17756 --- [scheduling-1] c.p.ficc.app.FiccRunRequestWorker        : Starting surveillance run request worker.
2026-06-12T10:21:57.551+09:00  INFO 17756 --- [scheduling-1] c.p.ficc.app.FiccRunRequestWorker        : No pending or failed surveillance run request found.
2026-06-12T10:22:02.563+09:00  INFO 17756 --- [scheduling-1] c.p.ficc.app.FiccRunRequestWorker        : Starting surveillance run request worker.
2026-06-12T10:22:02.581+09:00  INFO 17756 --- [scheduling-1] c.p.ficc.app.FiccRunRequestWorker        : No pending or failed surveillance run request found.
2026-06-12T10:22:07.592+09:00  INFO 17756 --- [scheduling-1] c.p.ficc.app.FiccRunRequestWorker        : Starting surveillance run request worker.
2026-06-12T10:22:07.601+09:00  INFO 17756 --- [scheduling-1] c.p.ficc.app.FiccRunRequestWorker        : No pending or failed surveillance run request found.
2026-06-12T10:22:12.605+09:00  INFO 17756 --- [scheduling-1] c.p.ficc.app.FiccRunRequestWorker        : Starting surveillance run request worker.
2026-06-12T10:22:12.621+09:00  INFO 17756 --- [scheduling-1] c.p.ficc.app.FiccRunRequestWorker        : No pending or failed surveillance run request found.
2026-06-12T10:22:17.622+09:00  INFO 17756 --- [scheduling-1] c.p.ficc.app.FiccRunRequestWorker        : Starting surveillance run request worker.
2026-06-12T10:22:17.637+09:00  INFO 17756 --- [scheduling-1] c.p.ficc.app.FiccRunRequestWorker        : No pending or failed surveillance run request found.
2026-06-12T10:22:22.640+09:00  INFO 17756 --- [scheduling-1] c.p.ficc.app.FiccRunRequestWorker        : Starting surveillance run request worker.
2026-06-12T10:22:22.657+09:00  INFO 17756 --- [scheduling-1] c.p.ficc.app.FiccRunRequestWorker        : No pending or failed surveillance run request found.
2026-06-12T10:22:27.662+09:00  INFO 17756 --- [scheduling-1] c.p.ficc.app.FiccRunRequestWorker        : Starting surveillance run request worker.
2026-06-12T10:22:27.676+09:00  INFO 17756 --- [scheduling-1] c.p.ficc.app.FiccRunRequestWorker        : No pending or failed surveillance run request found.
2026-06-12T10:22:32.679+09:00  INFO 17756 --- [scheduling-1] c.p.ficc.app.FiccRunRequestWorker        : Starting surveillance run request worker.
2026-06-12T10:22:32.714+09:00  INFO 17756 --- [scheduling-1] c.p.ficc.app.FiccRunRequestWorker        : No pending or failed surveillance run request found.
2026-06-12T10:22:37.720+09:00  INFO 17756 --- [scheduling-1] c.p.ficc.app.FiccRunRequestWorker        : Starting surveillance run request worker.
2026-06-12T10:22:37.745+09:00  INFO 17756 --- [scheduling-1] c.p.ficc.app.FiccRunRequestWorker        : No pending or failed surveillance run request found.
2026-06-12T10:22:42.760+09:00  INFO 17756 --- [scheduling-1] c.p.ficc.app.FiccRunRequestWorker        : Starting surveillance run request worker.
2026-06-12T10:22:42.784+09:00  INFO 17756 --- [scheduling-1] c.p.ficc.app.FiccRunRequestWorker        : No pending or failed surveillance run request found.
2026-06-12T10:22:47.797+09:00  INFO 17756 --- [scheduling-1] c.p.ficc.app.FiccRunRequestWorker        : Starting surveillance run request worker.
2026-06-12T10:22:47.817+09:00  INFO 17756 --- [scheduling-1] c.p.ficc.app.FiccRunRequestWorker        : No pending or failed surveillance run request found.
2026-06-12T10:22:52.819+09:00  INFO 17756 --- [scheduling-1] c.p.ficc.app.FiccRunRequestWorker        : Starting surveillance run request worker.
2026-06-12T10:22:52.827+09:00  INFO 17756 --- [scheduling-1] c.p.ficc.app.FiccRunRequestWorker        : No pending or failed surveillance run request found.
2026-06-12T10:22:57.835+09:00  INFO 17756 --- [scheduling-1] c.p.ficc.app.FiccRunRequestWorker        : Starting surveillance run request worker.
2026-06-12T10:22:57.872+09:00  INFO 17756 --- [scheduling-1] c.p.ficc.app.FiccRunRequestWorker        : No pending or failed surveillance run request found.
2026-06-12T10:23:02.878+09:00  INFO 17756 --- [scheduling-1] c.p.ficc.app.FiccRunRequestWorker        : Starting surveillance run request worker.
2026-06-12T10:23:02.911+09:00  INFO 17756 --- [scheduling-1] c.p.ficc.app.FiccRunRequestWorker        : No pending or failed surveillance run request found.
2026-06-12T10:23:07.923+09:00  INFO 17756 --- [scheduling-1] c.p.ficc.app.FiccRunRequestWorker        : Starting surveillance run request worker.
2026-06-12T10:23:07.939+09:00  INFO 17756 --- [scheduling-1] c.p.ficc.app.FiccRunRequestWorker        : No pending or failed surveillance run request found.
2026-06-12T10:23:12.945+09:00  INFO 17756 --- [scheduling-1] c.p.ficc.app.FiccRunRequestWorker        : Starting surveillance run request worker.
2026-06-12T10:23:12.966+09:00  INFO 17756 --- [scheduling-1] c.p.ficc.app.FiccRunRequestWorker        : No pending or failed surveillance run request found.
2026-06-12T10:23:17.970+09:00  INFO 17756 --- [scheduling-1] c.p.ficc.app.FiccRunRequestWorker        : Starting surveillance run request worker.
2026-06-12T10:23:17.994+09:00  INFO 17756 --- [scheduling-1] c.p.ficc.app.FiccRunRequestWorker        : No pending or failed surveillance run request found.
2026-06-12T10:23:22.999+09:00  INFO 17756 --- [scheduling-1] c.p.ficc.app.FiccRunRequestWorker        : Starting surveillance run request worker.
2026-06-12T10:23:23.016+09:00  INFO 17756 --- [scheduling-1] c.p.ficc.app.FiccRunRequestWorker        : No pending or failed surveillance run request found.
2026-06-12T10:23:28.026+09:00  INFO 17756 --- [scheduling-1] c.p.ficc.app.FiccRunRequestWorker        : Starting surveillance run request worker.
2026-06-12T10:23:28.039+09:00  INFO 17756 --- [scheduling-1] c.p.ficc.app.FiccRunRequestWorker        : No pending or failed surveillance run request found.
2026-06-12T10:23:33.044+09:00  INFO 17756 --- [scheduling-1] c.p.ficc.app.FiccRunRequestWorker        : Starting surveillance run request worker.
2026-06-12T10:23:33.064+09:00  INFO 17756 --- [scheduling-1] c.p.ficc.app.FiccRunRequestWorker        : No pending or failed surveillance run request found.
2026-06-12T10:23:38.073+09:00  INFO 17756 --- [scheduling-1] c.p.ficc.app.FiccRunRequestWorker        : Starting surveillance run request worker.
2026-06-12T10:23:38.100+09:00  INFO 17756 --- [scheduling-1] c.p.ficc.app.FiccRunRequestWorker        : No pending or failed surveillance run request found.
2026-06-12T10:23:43.101+09:00  INFO 17756 --- [scheduling-1] c.p.ficc.app.FiccRunRequestWorker        : Starting surveillance run request worker.
2026-06-12T10:23:43.101+09:00  INFO 17756 --- [scheduling-1] c.p.ficc.app.FiccRunRequestWorker        : No pending or failed surveillance run request found.
2026-06-12T10:23:48.118+09:00  INFO 17756 --- [scheduling-1] c.p.ficc.app.FiccRunRequestWorker        : Starting surveillance run request worker.
2026-06-12T10:23:48.134+09:00  INFO 17756 --- [scheduling-1] c.p.ficc.app.FiccRunRequestWorker        : No pending or failed surveillance run request found.
2026-06-12T10:23:53.151+09:00  INFO 17756 --- [scheduling-1] c.p.ficc.app.FiccRunRequestWorker        : Starting surveillance run request worker.
2026-06-12T10:23:53.151+09:00  INFO 17756 --- [scheduling-1] c.p.ficc.app.FiccRunRequestWorker        : No pending or failed surveillance run request found.
2026-06-12T10:23:58.167+09:00  INFO 17756 --- [scheduling-1] c.p.ficc.app.FiccRunRequestWorker        : Starting surveillance run request worker.
2026-06-12T10:23:58.183+09:00  INFO 17756 --- [scheduling-1] c.p.ficc.app.FiccRunRequestWorker        : No pending or failed surveillance run request found.
2026-06-12T10:24:03.190+09:00  INFO 17756 --- [scheduling-1] c.p.ficc.app.FiccRunRequestWorker        : Starting surveillance run request worker.
2026-06-12T10:24:03.211+09:00  INFO 17756 --- [scheduling-1] c.p.ficc.app.FiccRunRequestWorker        : No pending or failed surveillance run request found.
2026-06-12T10:24:08.216+09:00  INFO 17756 --- [scheduling-1] c.p.ficc.app.FiccRunRequestWorker        : Starting surveillance run request worker.
2026-06-12T10:24:08.232+09:00  INFO 17756 --- [scheduling-1] c.p.ficc.app.FiccRunRequestWorker        : No pending or failed surveillance run request found.
2026-06-12T10:24:13.248+09:00  INFO 17756 --- [scheduling-1] c.p.ficc.app.FiccRunRequestWorker        : Starting surveillance run request worker.
2026-06-12T10:24:13.264+09:00  INFO 17756 --- [scheduling-1] c.p.ficc.app.FiccRunRequestWorker        : No pending or failed surveillance run request found.
2026-06-12T10:24:18.281+09:00  INFO 17756 --- [scheduling-1] c.p.ficc.app.FiccRunRequestWorker        : Starting surveillance run request worker.
2026-06-12T10:24:18.297+09:00  INFO 17756 --- [scheduling-1] c.p.ficc.app.FiccRunRequestWorker        : No pending or failed surveillance run request found.
2026-06-12T10:24:23.311+09:00  INFO 17756 --- [scheduling-1] c.p.ficc.app.FiccRunRequestWorker        : Starting surveillance run request worker.
2026-06-12T10:24:23.340+09:00  INFO 17756 --- [scheduling-1] c.p.ficc.app.FiccRunRequestWorker        : No pending or failed surveillance run request found.
2026-06-12T10:24:28.344+09:00  INFO 17756 --- [scheduling-1] c.p.ficc.app.FiccRunRequestWorker        : Starting surveillance run request worker.
2026-06-12T10:24:28.357+09:00  INFO 17756 --- [scheduling-1] c.p.ficc.app.FiccRunRequestWorker        : No pending or failed surveillance run request found.
2026-06-12T10:24:33.365+09:00  INFO 17756 --- [scheduling-1] c.p.ficc.app.FiccRunRequestWorker        : Starting surveillance run request worker.
2026-06-12T10:24:33.384+09:00  INFO 17756 --- [scheduling-1] c.p.ficc.app.FiccRunRequestWorker        : No pending or failed surveillance run request found.
2026-06-12T10:24:38.391+09:00  INFO 17756 --- [scheduling-1] c.p.ficc.app.FiccRunRequestWorker        : Starting surveillance run request worker.
2026-06-12T10:24:38.422+09:00  INFO 17756 --- [scheduling-1] c.p.ficc.app.FiccRunRequestWorker        : No pending or failed surveillance run request found.
2026-06-12T10:24:43.432+09:00  INFO 17756 --- [scheduling-1] c.p.ficc.app.FiccRunRequestWorker        : Starting surveillance run request worker.
2026-06-12T10:24:43.453+09:00  INFO 17756 --- [scheduling-1] c.p.ficc.app.FiccRunRequestWorker        : No pending or failed surveillance run request found.
2026-06-12T10:24:48.465+09:00  INFO 17756 --- [scheduling-1] c.p.ficc.app.FiccRunRequestWorker        : Starting surveillance run request worker.
2026-06-12T10:24:48.467+09:00  INFO 17756 --- [scheduling-1] c.p.ficc.app.FiccRunRequestWorker        : No pending or failed surveillance run request found.
2026-06-12T10:24:53.480+09:00  INFO 17756 --- [scheduling-1] c.p.ficc.app.FiccRunRequestWorker        : Starting surveillance run request worker.
2026-06-12T10:24:53.491+09:00  INFO 17756 --- [scheduling-1] c.p.ficc.app.FiccRunRequestWorker        : No pending or failed surveillance run request found.
2026-06-12T10:24:58.500+09:00  INFO 17756 --- [scheduling-1] c.p.ficc.app.FiccRunRequestWorker        : Starting surveillance run request worker.
2026-06-12T10:24:58.514+09:00  INFO 17756 --- [scheduling-1] c.p.ficc.app.FiccRunRequestWorker        : No pending or failed surveillance run request found.
2026-06-12T10:25:03.523+09:00  INFO 17756 --- [scheduling-1] c.p.ficc.app.FiccRunRequestWorker        : Starting surveillance run request worker.
2026-06-12T10:25:03.539+09:00  INFO 17756 --- [scheduling-1] c.p.ficc.app.FiccRunRequestWorker        : No pending or failed surveillance run request found.
2026-06-12T10:25:08.552+09:00  INFO 17756 --- [scheduling-1] c.p.ficc.app.FiccRunRequestWorker        : Starting surveillance run request worker.
2026-06-12T10:25:08.567+09:00  INFO 17756 --- [scheduling-1] c.p.ficc.app.FiccRunRequestWorker        : No pending or failed surveillance run request found.
2026-06-12T10:25:13.586+09:00  INFO 17756 --- [scheduling-1] c.p.ficc.app.FiccRunRequestWorker        : Starting surveillance run request worker.
2026-06-12T10:25:13.629+09:00  INFO 17756 --- [scheduling-1] c.p.ficc.app.FiccRunRequestWorker        : No pending or failed surveillance run request found.
2026-06-12T10:25:18.645+09:00  INFO 17756 --- [scheduling-1] c.p.ficc.app.FiccRunRequestWorker        : Starting surveillance run request worker.
2026-06-12T10:25:18.683+09:00  INFO 17756 --- [scheduling-1] c.p.ficc.app.FiccRunRequestWorker        : No pending or failed surveillance run request found.
2026-06-12T10:25:23.691+09:00  INFO 17756 --- [scheduling-1] c.p.ficc.app.FiccRunRequestWorker        : Starting surveillance run request worker.
2026-06-12T10:25:23.726+09:00  INFO 17756 --- [scheduling-1] c.p.ficc.app.FiccRunRequestWorker        : No pending or failed surveillance run request found.
2026-06-12T10:25:28.736+09:00  INFO 17756 --- [scheduling-1] c.p.ficc.app.FiccRunRequestWorker        : Starting surveillance run request worker.
2026-06-12T10:25:28.775+09:00  INFO 17756 --- [scheduling-1] c.p.ficc.app.FiccRunRequestWorker        : No pending or failed surveillance run request found.
2026-06-12T10:25:33.782+09:00  INFO 17756 --- [scheduling-1] c.p.ficc.app.FiccRunRequestWorker        : Starting surveillance run request worker.
2026-06-12T10:25:33.814+09:00  INFO 17756 --- [scheduling-1] c.p.ficc.app.FiccRunRequestWorker        : No pending or failed surveillance run request found.
2026-06-12T10:25:38.823+09:00  INFO 17756 --- [scheduling-1] c.p.ficc.app.FiccRunRequestWorker        : Starting surveillance run request worker.
2026-06-12T10:25:38.855+09:00  INFO 17756 --- [scheduling-1] c.p.ficc.app.FiccRunRequestWorker        : No pending or failed surveillance run request found.
2026-06-12T10:25:43.869+09:00  INFO 17756 --- [scheduling-1] c.p.ficc.app.FiccRunRequestWorker        : Starting surveillance run request worker.
2026-06-12T10:25:43.909+09:00  INFO 17756 --- [scheduling-1] c.p.ficc.app.FiccRunRequestWorker        : No pending or failed surveillance run request found.
2026-06-12T10:25:48.909+09:00  INFO 17756 --- [scheduling-1] c.p.ficc.app.FiccRunRequestWorker        : Starting surveillance run request worker.
2026-06-12T10:25:48.938+09:00  INFO 17756 --- [scheduling-1] c.p.ficc.app.FiccRunRequestWorker        : No pending or failed surveillance run request found.
2026-06-12T10:25:53.941+09:00  INFO 17756 --- [scheduling-1] c.p.ficc.app.FiccRunRequestWorker        : Starting surveillance run request worker.
2026-06-12T10:25:53.972+09:00  INFO 17756 --- [scheduling-1] c.p.ficc.app.FiccRunRequestWorker        : No pending or failed surveillance run request found.
2026-06-12T10:25:58.986+09:00  INFO 17756 --- [scheduling-1] c.p.ficc.app.FiccRunRequestWorker        : Starting surveillance run request worker.
2026-06-12T10:25:59.023+09:00  INFO 17756 --- [scheduling-1] c.p.ficc.app.FiccRunRequestWorker        : No pending or failed surveillance run request found.
2026-06-12T10:26:04.038+09:00  INFO 17756 --- [scheduling-1] c.p.ficc.app.FiccRunRequestWorker        : Starting surveillance run request worker.
2026-06-12T10:26:04.075+09:00  INFO 17756 --- [scheduling-1] c.p.ficc.app.FiccRunRequestWorker        : No pending or failed surveillance run request found.
2026-06-12T10:26:09.082+09:00  INFO 17756 --- [scheduling-1] c.p.ficc.app.FiccRunRequestWorker        : Starting surveillance run request worker.
2026-06-12T10:26:09.118+09:00  INFO 17756 --- [scheduling-1] c.p.ficc.app.FiccRunRequestWorker        : No pending or failed surveillance run request found.
2026-06-12T10:26:14.125+09:00  INFO 17756 --- [scheduling-1] c.p.ficc.app.FiccRunRequestWorker        : Starting surveillance run request worker.
2026-06-12T10:26:14.163+09:00  INFO 17756 --- [scheduling-1] c.p.ficc.app.FiccRunRequestWorker        : No pending or failed surveillance run request found.
2026-06-12T10:26:19.172+09:00  INFO 17756 --- [scheduling-1] c.p.ficc.app.FiccRunRequestWorker        : Starting surveillance run request worker.
2026-06-12T10:26:19.204+09:00  INFO 17756 --- [scheduling-1] c.p.ficc.app.FiccRunRequestWorker        : No pending or failed surveillance run request found.
2026-06-12T10:26:24.217+09:00  INFO 17756 --- [scheduling-1] c.p.ficc.app.FiccRunRequestWorker        : Starting surveillance run request worker.
2026-06-12T10:26:24.251+09:00  INFO 17756 --- [scheduling-1] c.p.ficc.app.FiccRunRequestWorker        : No pending or failed surveillance run request found.
2026-06-12T10:26:29.258+09:00  INFO 17756 --- [scheduling-1] c.p.ficc.app.FiccRunRequestWorker        : Starting surveillance run request worker.
2026-06-12T10:26:29.286+09:00  INFO 17756 --- [scheduling-1] c.p.ficc.app.FiccRunRequestWorker        : No pending or failed surveillance run request found.
2026-06-12T10:26:34.300+09:00  INFO 17756 --- [scheduling-1] c.p.ficc.app.FiccRunRequestWorker        : Starting surveillance run request worker.
2026-06-12T10:26:34.339+09:00  INFO 17756 --- [scheduling-1] c.p.ficc.app.FiccRunRequestWorker        : No pending or failed surveillance run request found.
2026-06-12T10:26:39.353+09:00  INFO 17756 --- [scheduling-1] c.p.ficc.app.FiccRunRequestWorker        : Starting surveillance run request worker.
2026-06-12T10:26:39.396+09:00  INFO 17756 --- [scheduling-1] c.p.ficc.app.FiccRunRequestWorker        : No pending or failed surveillance run request found.
2026-06-12T10:26:44.409+09:00  INFO 17756 --- [scheduling-1] c.p.ficc.app.FiccRunRequestWorker        : Starting surveillance run request worker.
2026-06-12T10:26:44.438+09:00  INFO 17756 --- [scheduling-1] c.p.ficc.app.FiccRunRequestWorker        : No pending or failed surveillance run request found.
2026-06-12T10:26:49.440+09:00  INFO 17756 --- [scheduling-1] c.p.ficc.app.FiccRunRequestWorker        : Starting surveillance run request worker.
2026-06-12T10:26:49.474+09:00  INFO 17756 --- [scheduling-1] c.p.ficc.app.FiccRunRequestWorker        : No pending or failed surveillance run request found.
2026-06-12T10:26:54.490+09:00  INFO 17756 --- [scheduling-1] c.p.ficc.app.FiccRunRequestWorker        : Starting surveillance run request worker.
2026-06-12T10:26:54.524+09:00  INFO 17756 --- [scheduling-1] c.p.ficc.app.FiccRunRequestWorker        : No pending or failed surveillance run request found.
2026-06-12T10:26:59.540+09:00  INFO 17756 --- [scheduling-1] c.p.ficc.app.FiccRunRequestWorker        : Starting surveillance run request worker.
2026-06-12T10:26:59.574+09:00  INFO 17756 --- [scheduling-1] c.p.ficc.app.FiccRunRequestWorker        : No pending or failed surveillance run request found.
2026-06-12T10:27:04.580+09:00  INFO 17756 --- [scheduling-1] c.p.ficc.app.FiccRunRequestWorker        : Starting surveillance run request worker.
2026-06-12T10:27:04.604+09:00  INFO 17756 --- [scheduling-1] c.p.ficc.app.FiccRunRequestWorker        : No pending or failed surveillance run request found.
2026-06-12T10:27:09.619+09:00  INFO 17756 --- [scheduling-1] c.p.ficc.app.FiccRunRequestWorker        : Starting surveillance run request worker.
2026-06-12T10:27:09.735+09:00  INFO 17756 --- [scheduling-1] c.p.ficc.app.FiccRunRequestWorker        : Claimed 1 runnable surveillance request(s).
2026-06-12T10:27:09.735+09:00  INFO 17756 --- [scheduling-1] c.p.ficc.app.FiccRunRequestWorker        : ------------------------------------------------------------------------------------------
2026-06-12T10:27:09.735+09:00  INFO 17756 --- [scheduling-1] c.p.ficc.app.FiccRunRequestWorker        : Run request 19 started: appid=3, region=APAC, businessDate=2026-06-07.
2026-06-12T10:27:09.735+09:00  INFO 17756 --- [scheduling-1] c.p.f.app.FiccSurveillanceApplication    : ------------------------------------------------------------------------------------------
2026-06-12T10:27:09.735+09:00  INFO 17756 --- [scheduling-1] c.p.f.app.FiccSurveillanceApplication    : Starting surveillance pipeline: appid=3, region=APAC, businessDate=2026-06-07.
2026-06-12T10:27:09.735+09:00  INFO 17756 --- [scheduling-1] c.p.f.app.FiccSurveillanceApplication    : ------------------------------------------------------------------------------------------
2026-06-12T10:27:09.769+09:00  INFO 17756 --- [scheduling-1] c.p.f.app.FiccSurveillanceApplication    : Resolved surveillance model: appid=3, modelid=1, modelCode=FICC_WASH_TRADE, modelClass=com.portfolio.ficc.surveillance.FiccWashTradeModel, region=APAC.
2026-06-12T10:27:09.769+09:00  INFO 17756 --- [scheduling-1] c.p.f.app.FiccSurveillanceApplication    : ------------------------------------------------------------------------------------------
2026-06-12T10:27:09.799+09:00  INFO 17756 --- [scheduling-1] c.p.f.app.FiccSurveillanceApplication    : Loaded 2 trades: region=APAC, businessDate=2026-06-07.
2026-06-12T10:27:09.945+09:00  INFO 17756 --- [scheduling-1] c.p.f.app.FiccSurveillanceApplication    : ------------------------------------------------------------------------------------------
2026-06-12T10:27:09.947+09:00  INFO 17756 --- [scheduling-1] c.p.f.app.FiccSurveillanceApplication    : Evaluated surveillance model and generated 0 alerts : region=APAC, businessDate=2026-06-07.
2026-06-12T10:27:09.947+09:00  INFO 17756 --- [scheduling-1] c.p.f.app.FiccSurveillanceApplication    : ------------------------------------------------------------------------------------------
2026-06-12T10:27:09.947+09:00  INFO 17756 --- [scheduling-1] c.p.f.app.FiccSurveillanceApplication    : Completed surveillance pipeline: tradesProcessed=2, alertsGenerated=0, alertsDispatched=0, duplicateAlerts=0, appid=3, modelid=1, region=APAC, businessDate=2026-06-07.
2026-06-12T10:27:09.980+09:00  INFO 17756 --- [scheduling-1] c.p.ficc.app.FiccRunRequestWorker        : ------------------------------------------------------------------------------------------
2026-06-12T10:27:09.980+09:00  INFO 17756 --- [scheduling-1] c.p.ficc.app.FiccRunRequestWorker        : Run request 19 completed: tradesProcessed=2, alertsGenerated=0, alertsDispatched=0, duplicateAlerts=0.
2026-06-12T10:27:09.980+09:00  INFO 17756 --- [scheduling-1] c.p.ficc.app.FiccRunRequestWorker        : ------------------------------------------------------------------------------------------
2026-06-12T10:27:09.980+09:00  INFO 17756 --- [scheduling-1] c.p.ficc.app.FiccRunRequestWorker        : Finished processing claimed surveillance requests.
2026-06-12T10:27:14.988+09:00  INFO 17756 --- [scheduling-1] c.p.ficc.app.FiccRunRequestWorker        : Starting surveillance run request worker.
2026-06-12T10:27:15.056+09:00  INFO 17756 --- [scheduling-1] c.p.ficc.app.FiccRunRequestWorker        : Claimed 1 runnable surveillance request(s).
2026-06-12T10:27:15.056+09:00  INFO 17756 --- [scheduling-1] c.p.ficc.app.FiccRunRequestWorker        : ------------------------------------------------------------------------------------------
2026-06-12T10:27:15.056+09:00  INFO 17756 --- [scheduling-1] c.p.ficc.app.FiccRunRequestWorker        : Run request 20 started: appid=3, region=APAC, businessDate=2026-06-08.
2026-06-12T10:27:15.056+09:00  INFO 17756 --- [scheduling-1] c.p.f.app.FiccSurveillanceApplication    : ------------------------------------------------------------------------------------------
2026-06-12T10:27:15.056+09:00  INFO 17756 --- [scheduling-1] c.p.f.app.FiccSurveillanceApplication    : Starting surveillance pipeline: appid=3, region=APAC, businessDate=2026-06-08.
2026-06-12T10:27:15.056+09:00  INFO 17756 --- [scheduling-1] c.p.f.app.FiccSurveillanceApplication    : ------------------------------------------------------------------------------------------
2026-06-12T10:27:15.086+09:00  INFO 17756 --- [scheduling-1] c.p.f.app.FiccSurveillanceApplication    : Resolved surveillance model: appid=3, modelid=1, modelCode=FICC_WASH_TRADE, modelClass=com.portfolio.ficc.surveillance.FiccWashTradeModel, region=APAC.
2026-06-12T10:27:15.086+09:00  INFO 17756 --- [scheduling-1] c.p.f.app.FiccSurveillanceApplication    : ------------------------------------------------------------------------------------------
2026-06-12T10:27:15.115+09:00  INFO 17756 --- [scheduling-1] c.p.f.app.FiccSurveillanceApplication    : Loaded 8 trades: region=APAC, businessDate=2026-06-08.
2026-06-12T10:27:15.269+09:00  INFO 17756 --- [scheduling-1] c.p.f.app.FiccSurveillanceApplication    : ------------------------------------------------------------------------------------------
2026-06-12T10:27:15.269+09:00  INFO 17756 --- [scheduling-1] c.p.f.app.FiccSurveillanceApplication    : Evaluated surveillance model and generated 2 alerts : region=APAC, businessDate=2026-06-08.
2026-06-12T10:27:15.329+09:00  INFO 17756 --- [scheduling-1] c.p.f.app.FiccSurveillanceApplication    : ------------------------------------------------------------------------------------------
2026-06-12T10:27:15.329+09:00  INFO 17756 --- [scheduling-1] c.p.f.app.FiccSurveillanceApplication    : Completed surveillance pipeline: tradesProcessed=8, alertsGenerated=2, alertsDispatched=0, duplicateAlerts=2, appid=3, modelid=1, region=APAC, businessDate=2026-06-08.
2026-06-12T10:27:15.364+09:00  INFO 17756 --- [scheduling-1] c.p.ficc.app.FiccRunRequestWorker        : ------------------------------------------------------------------------------------------
2026-06-12T10:27:15.364+09:00  INFO 17756 --- [scheduling-1] c.p.ficc.app.FiccRunRequestWorker        : Run request 20 completed: tradesProcessed=8, alertsGenerated=2, alertsDispatched=0, duplicateAlerts=2.
2026-06-12T10:27:15.364+09:00  INFO 17756 --- [scheduling-1] c.p.ficc.app.FiccRunRequestWorker        : ------------------------------------------------------------------------------------------
2026-06-12T10:27:15.364+09:00  INFO 17756 --- [scheduling-1] c.p.ficc.app.FiccRunRequestWorker        : Finished processing claimed surveillance requests.
2026-06-12T10:27:20.370+09:00  INFO 17756 --- [scheduling-1] c.p.ficc.app.FiccRunRequestWorker        : Starting surveillance run request worker.
2026-06-12T10:27:20.405+09:00  INFO 17756 --- [scheduling-1] c.p.ficc.app.FiccRunRequestWorker        : No pending or failed surveillance run request found.
2026-06-12T10:27:25.411+09:00  INFO 17756 --- [scheduling-1] c.p.ficc.app.FiccRunRequestWorker        : Starting surveillance run request worker.
2026-06-12T10:27:25.445+09:00  INFO 17756 --- [scheduling-1] c.p.ficc.app.FiccRunRequestWorker        : No pending or failed surveillance run request found.
2026-06-12T10:27:30.453+09:00  INFO 17756 --- [scheduling-1] c.p.ficc.app.FiccRunRequestWorker        : Starting surveillance run request worker.
2026-06-12T10:27:30.487+09:00  INFO 17756 --- [scheduling-1] c.p.ficc.app.FiccRunRequestWorker        : No pending or failed surveillance run request found.
2026-06-12T10:27:35.498+09:00  INFO 17756 --- [scheduling-1] c.p.ficc.app.FiccRunRequestWorker        : Starting surveillance run request worker.
2026-06-12T10:27:35.529+09:00  INFO 17756 --- [scheduling-1] c.p.ficc.app.FiccRunRequestWorker        : No pending or failed surveillance run request found.
2026-06-12T10:27:40.542+09:00  INFO 17756 --- [scheduling-1] c.p.ficc.app.FiccRunRequestWorker        : Starting surveillance run request worker.
2026-06-12T10:27:40.567+09:00  INFO 17756 --- [scheduling-1] c.p.ficc.app.FiccRunRequestWorker        : No pending or failed surveillance run request found.
2026-06-12T10:27:45.576+09:00  INFO 17756 --- [scheduling-1] c.p.ficc.app.FiccRunRequestWorker        : Starting surveillance run request worker.
2026-06-12T10:27:45.607+09:00  INFO 17756 --- [scheduling-1] c.p.ficc.app.FiccRunRequestWorker        : No pending or failed surveillance run request found.
2026-06-12T10:27:50.624+09:00  INFO 17756 --- [scheduling-1] c.p.ficc.app.FiccRunRequestWorker        : Starting surveillance run request worker.
2026-06-12T10:27:50.648+09:00  INFO 17756 --- [scheduling-1] c.p.ficc.app.FiccRunRequestWorker        : No pending or failed surveillance run request found.
2026-06-12T10:27:55.660+09:00  INFO 17756 --- [scheduling-1] c.p.ficc.app.FiccRunRequestWorker        : Starting surveillance run request worker.
2026-06-12T10:27:55.694+09:00  INFO 17756 --- [scheduling-1] c.p.ficc.app.FiccRunRequestWorker        : No pending or failed surveillance run request found.
2026-06-12T10:28:00.701+09:00  INFO 17756 --- [scheduling-1] c.p.ficc.app.FiccRunRequestWorker        : Starting surveillance run request worker.
2026-06-12T10:28:00.734+09:00  INFO 17756 --- [scheduling-1] c.p.ficc.app.FiccRunRequestWorker        : No pending or failed surveillance run request found.
2026-06-12T10:28:05.745+09:00  INFO 17756 --- [scheduling-1] c.p.ficc.app.FiccRunRequestWorker        : Starting surveillance run request worker.
2026-06-12T10:28:05.779+09:00  INFO 17756 --- [scheduling-1] c.p.ficc.app.FiccRunRequestWorker        : No pending or failed surveillance run request found.
2026-06-12T10:28:10.783+09:00  INFO 17756 --- [scheduling-1] c.p.ficc.app.FiccRunRequestWorker        : Starting surveillance run request worker.
2026-06-12T10:28:10.814+09:00  INFO 17756 --- [scheduling-1] c.p.ficc.app.FiccRunRequestWorker        : No pending or failed surveillance run request found.
2026-06-12T10:28:15.818+09:00  INFO 17756 --- [scheduling-1] c.p.ficc.app.FiccRunRequestWorker        : Starting surveillance run request worker.
2026-06-12T10:28:15.849+09:00  INFO 17756 --- [scheduling-1] c.p.ficc.app.FiccRunRequestWorker        : No pending or failed surveillance run request found.
2026-06-12T10:28:20.852+09:00  INFO 17756 --- [scheduling-1] c.p.ficc.app.FiccRunRequestWorker        : Starting surveillance run request worker.
2026-06-12T10:28:20.885+09:00  INFO 17756 --- [scheduling-1] c.p.ficc.app.FiccRunRequestWorker        : No pending or failed surveillance run request found.
2026-06-12T10:28:25.892+09:00  INFO 17756 --- [scheduling-1] c.p.ficc.app.FiccRunRequestWorker        : Starting surveillance run request worker.
2026-06-12T10:28:25.916+09:00  INFO 17756 --- [scheduling-1] c.p.ficc.app.FiccRunRequestWorker        : No pending or failed surveillance run request found.
2026-06-12T10:28:30.918+09:00  INFO 17756 --- [scheduling-1] c.p.ficc.app.FiccRunRequestWorker        : Starting surveillance run request worker.
2026-06-12T10:28:30.959+09:00  INFO 17756 --- [scheduling-1] c.p.ficc.app.FiccRunRequestWorker        : No pending or failed surveillance run request found.
2026-06-12T10:28:35.971+09:00  INFO 17756 --- [scheduling-1] c.p.ficc.app.FiccRunRequestWorker        : Starting surveillance run request worker.
2026-06-12T10:28:36.005+09:00  INFO 17756 --- [scheduling-1] c.p.ficc.app.FiccRunRequestWorker        : No pending or failed surveillance run request found.
2026-06-12T10:28:41.015+09:00  INFO 17756 --- [scheduling-1] c.p.ficc.app.FiccRunRequestWorker        : Starting surveillance run request worker.
2026-06-12T10:28:41.077+09:00  INFO 17756 --- [scheduling-1] c.p.ficc.app.FiccRunRequestWorker        : No pending or failed surveillance run request found.
2026-06-12T10:28:46.085+09:00  INFO 17756 --- [scheduling-1] c.p.ficc.app.FiccRunRequestWorker        : Starting surveillance run request worker.
2026-06-12T10:28:46.124+09:00  INFO 17756 --- [scheduling-1] c.p.ficc.app.FiccRunRequestWorker        : No pending or failed surveillance run request found.
2026-06-12T10:28:51.132+09:00  INFO 17756 --- [scheduling-1] c.p.ficc.app.FiccRunRequestWorker        : Starting surveillance run request worker.
2026-06-12T10:28:51.160+09:00  INFO 17756 --- [scheduling-1] c.p.ficc.app.FiccRunRequestWorker        : No pending or failed surveillance run request found.
2026-06-12T10:28:56.169+09:00  INFO 17756 --- [scheduling-1] c.p.ficc.app.FiccRunRequestWorker        : Starting surveillance run request worker.
2026-06-12T10:28:56.195+09:00  INFO 17756 --- [scheduling-1] c.p.ficc.app.FiccRunRequestWorker        : No pending or failed surveillance run request found.
2026-06-12T10:29:01.213+09:00  INFO 17756 --- [scheduling-1] c.p.ficc.app.FiccRunRequestWorker        : Starting surveillance run request worker.
2026-06-12T10:29:01.244+09:00  INFO 17756 --- [scheduling-1] c.p.ficc.app.FiccRunRequestWorker        : No pending or failed surveillance run request found.
2026-06-12T10:29:06.254+09:00  INFO 17756 --- [scheduling-1] c.p.ficc.app.FiccRunRequestWorker        : Starting surveillance run request worker.
2026-06-12T10:29:06.288+09:00  INFO 17756 --- [scheduling-1] c.p.ficc.app.FiccRunRequestWorker        : No pending or failed surveillance run request found.
2026-06-12T10:29:11.292+09:00  INFO 17756 --- [scheduling-1] c.p.ficc.app.FiccRunRequestWorker        : Starting surveillance run request worker.
2026-06-12T10:29:11.324+09:00  INFO 17756 --- [scheduling-1] c.p.ficc.app.FiccRunRequestWorker        : No pending or failed surveillance run request found.
2026-06-12T10:29:16.333+09:00  INFO 17756 --- [scheduling-1] c.p.ficc.app.FiccRunRequestWorker        : Starting surveillance run request worker.
2026-06-12T10:29:16.367+09:00  INFO 17756 --- [scheduling-1] c.p.ficc.app.FiccRunRequestWorker        : No pending or failed surveillance run request found.
2026-06-12T10:29:21.383+09:00  INFO 17756 --- [scheduling-1] c.p.ficc.app.FiccRunRequestWorker        : Starting surveillance run request worker.
2026-06-12T10:29:21.409+09:00  INFO 17756 --- [scheduling-1] c.p.ficc.app.FiccRunRequestWorker        : No pending or failed surveillance run request found.
2026-06-12T10:29:26.424+09:00  INFO 17756 --- [scheduling-1] c.p.ficc.app.FiccRunRequestWorker        : Starting surveillance run request worker.
2026-06-12T10:29:26.456+09:00  INFO 17756 --- [scheduling-1] c.p.ficc.app.FiccRunRequestWorker        : No pending or failed surveillance run request found.
2026-06-12T10:29:31.460+09:00  INFO 17756 --- [scheduling-1] c.p.ficc.app.FiccRunRequestWorker        : Starting surveillance run request worker.
2026-06-12T10:29:31.491+09:00  INFO 17756 --- [scheduling-1] c.p.ficc.app.FiccRunRequestWorker        : No pending or failed surveillance run request found.
2026-06-12T10:29:36.497+09:00  INFO 17756 --- [scheduling-1] c.p.ficc.app.FiccRunRequestWorker        : Starting surveillance run request worker.
2026-06-12T10:29:36.531+09:00  INFO 17756 --- [scheduling-1] c.p.ficc.app.FiccRunRequestWorker        : No pending or failed surveillance run request found.
2026-06-12T10:29:41.533+09:00  INFO 17756 --- [scheduling-1] c.p.ficc.app.FiccRunRequestWorker        : Starting surveillance run request worker.
2026-06-12T10:29:41.552+09:00  INFO 17756 --- [scheduling-1] c.p.ficc.app.FiccRunRequestWorker        : No pending or failed surveillance run request found.
2026-06-12T10:29:46.575+09:00  INFO 17756 --- [scheduling-1] c.p.ficc.app.FiccRunRequestWorker        : Starting surveillance run request worker.
2026-06-12T10:29:46.607+09:00  INFO 17756 --- [scheduling-1] c.p.ficc.app.FiccRunRequestWorker        : No pending or failed surveillance run request found.
2026-06-12T10:29:51.622+09:00  INFO 17756 --- [scheduling-1] c.p.ficc.app.FiccRunRequestWorker        : Starting surveillance run request worker.
2026-06-12T10:29:51.654+09:00  INFO 17756 --- [scheduling-1] c.p.ficc.app.FiccRunRequestWorker        : No pending or failed surveillance run request found.
2026-06-12T10:29:56.656+09:00  INFO 17756 --- [scheduling-1] c.p.ficc.app.FiccRunRequestWorker        : Starting surveillance run request worker.
2026-06-12T10:29:56.688+09:00  INFO 17756 --- [scheduling-1] c.p.ficc.app.FiccRunRequestWorker        : No pending or failed surveillance run request found.
2026-06-12T10:30:01.696+09:00  INFO 17756 --- [scheduling-1] c.p.ficc.app.FiccRunRequestWorker        : Starting surveillance run request worker.
2026-06-12T10:30:01.726+09:00  INFO 17756 --- [scheduling-1] c.p.ficc.app.FiccRunRequestWorker        : No pending or failed surveillance run request found.
2026-06-12T10:30:06.738+09:00  INFO 17756 --- [scheduling-1] c.p.ficc.app.FiccRunRequestWorker        : Starting surveillance run request worker.
2026-06-12T10:30:06.773+09:00  INFO 17756 --- [scheduling-1] c.p.ficc.app.FiccRunRequestWorker        : No pending or failed surveillance run request found.
2026-06-12T10:30:11.788+09:00  INFO 17756 --- [scheduling-1] c.p.ficc.app.FiccRunRequestWorker        : Starting surveillance run request worker.
2026-06-12T10:30:11.819+09:00  INFO 17756 --- [scheduling-1] c.p.ficc.app.FiccRunRequestWorker        : No pending or failed surveillance run request found.
2026-06-12T10:30:16.824+09:00  INFO 17756 --- [scheduling-1] c.p.ficc.app.FiccRunRequestWorker        : Starting surveillance run request worker.
2026-06-12T10:30:16.850+09:00  INFO 17756 --- [scheduling-1] c.p.ficc.app.FiccRunRequestWorker        : No pending or failed surveillance run request found.
2026-06-12T10:30:21.865+09:00  INFO 17756 --- [scheduling-1] c.p.ficc.app.FiccRunRequestWorker        : Starting surveillance run request worker.
2026-06-12T10:30:21.899+09:00  INFO 17756 --- [scheduling-1] c.p.ficc.app.FiccRunRequestWorker        : No pending or failed surveillance run request found.
2026-06-12T10:30:26.900+09:00  INFO 17756 --- [scheduling-1] c.p.ficc.app.FiccRunRequestWorker        : Starting surveillance run request worker.
2026-06-12T10:30:26.932+09:00  INFO 17756 --- [scheduling-1] c.p.ficc.app.FiccRunRequestWorker        : No pending or failed surveillance run request found.
2026-06-12T10:30:31.939+09:00  INFO 17756 --- [scheduling-1] c.p.ficc.app.FiccRunRequestWorker        : Starting surveillance run request worker.
2026-06-12T10:30:31.971+09:00  INFO 17756 --- [scheduling-1] c.p.ficc.app.FiccRunRequestWorker        : No pending or failed surveillance run request found.
2026-06-12T10:30:36.980+09:00  INFO 17756 --- [scheduling-1] c.p.ficc.app.FiccRunRequestWorker        : Starting surveillance run request worker.
2026-06-12T10:30:37.010+09:00  INFO 17756 --- [scheduling-1] c.p.ficc.app.FiccRunRequestWorker        : No pending or failed surveillance run request found.
2026-06-12T10:30:42.013+09:00  INFO 17756 --- [scheduling-1] c.p.ficc.app.FiccRunRequestWorker        : Starting surveillance run request worker.
2026-06-12T10:30:42.037+09:00  INFO 17756 --- [scheduling-1] c.p.ficc.app.FiccRunRequestWorker        : No pending or failed surveillance run request found.
2026-06-12T10:30:47.050+09:00  INFO 17756 --- [scheduling-1] c.p.ficc.app.FiccRunRequestWorker        : Starting surveillance run request worker.
2026-06-12T10:30:47.082+09:00  INFO 17756 --- [scheduling-1] c.p.ficc.app.FiccRunRequestWorker        : No pending or failed surveillance run request found.
2026-06-12T10:30:52.099+09:00  INFO 17756 --- [scheduling-1] c.p.ficc.app.FiccRunRequestWorker        : Starting surveillance run request worker.
2026-06-12T10:30:52.132+09:00  INFO 17756 --- [scheduling-1] c.p.ficc.app.FiccRunRequestWorker        : No pending or failed surveillance run request found.
2026-06-12T10:30:57.137+09:00  INFO 17756 --- [scheduling-1] c.p.ficc.app.FiccRunRequestWorker        : Starting surveillance run request worker.
2026-06-12T10:30:57.170+09:00  INFO 17756 --- [scheduling-1] c.p.ficc.app.FiccRunRequestWorker        : No pending or failed surveillance run request found.
2026-06-12T10:31:02.195+09:00  INFO 17756 --- [scheduling-1] c.p.ficc.app.FiccRunRequestWorker        : Starting surveillance run request worker.
2026-06-12T10:31:02.225+09:00  INFO 17756 --- [scheduling-1] c.p.ficc.app.FiccRunRequestWorker        : No pending or failed surveillance run request found.
2026-06-12T10:31:07.231+09:00  INFO 17756 --- [scheduling-1] c.p.ficc.app.FiccRunRequestWorker        : Starting surveillance run request worker.
2026-06-12T10:31:07.263+09:00  INFO 17756 --- [scheduling-1] c.p.ficc.app.FiccRunRequestWorker        : No pending or failed surveillance run request found.
2026-06-12T10:31:12.273+09:00  INFO 17756 --- [scheduling-1] c.p.ficc.app.FiccRunRequestWorker        : Starting surveillance run request worker.
2026-06-12T10:31:12.304+09:00  INFO 17756 --- [scheduling-1] c.p.ficc.app.FiccRunRequestWorker        : No pending or failed surveillance run request found.
2026-06-12T10:31:17.316+09:00  INFO 17756 --- [scheduling-1] c.p.ficc.app.FiccRunRequestWorker        : Starting surveillance run request worker.
2026-06-12T10:31:17.348+09:00  INFO 17756 --- [scheduling-1] c.p.ficc.app.FiccRunRequestWorker        : No pending or failed surveillance run request found.
2026-06-12T10:31:22.362+09:00  INFO 17756 --- [scheduling-1] c.p.ficc.app.FiccRunRequestWorker        : Starting surveillance run request worker.
2026-06-12T10:31:22.406+09:00  INFO 17756 --- [scheduling-1] c.p.ficc.app.FiccRunRequestWorker        : No pending or failed surveillance run request found.
2026-06-12T10:31:27.414+09:00  INFO 17756 --- [scheduling-1] c.p.ficc.app.FiccRunRequestWorker        : Starting surveillance run request worker.
2026-06-12T10:31:27.447+09:00  INFO 17756 --- [scheduling-1] c.p.ficc.app.FiccRunRequestWorker        : No pending or failed surveillance run request found.
2026-06-12T10:31:32.460+09:00  INFO 17756 --- [scheduling-1] c.p.ficc.app.FiccRunRequestWorker        : Starting surveillance run request worker.
2026-06-12T10:31:32.491+09:00  INFO 17756 --- [scheduling-1] c.p.ficc.app.FiccRunRequestWorker        : No pending or failed surveillance run request found.
2026-06-12T10:31:37.497+09:00  INFO 17756 --- [scheduling-1] c.p.ficc.app.FiccRunRequestWorker        : Starting surveillance run request worker.
2026-06-12T10:31:37.537+09:00  INFO 17756 --- [scheduling-1] c.p.ficc.app.FiccRunRequestWorker        : No pending or failed surveillance run request found.
2026-06-12T10:31:42.543+09:00  INFO 17756 --- [scheduling-1] c.p.ficc.app.FiccRunRequestWorker        : Starting surveillance run request worker.
2026-06-12T10:31:42.565+09:00  INFO 17756 --- [scheduling-1] c.p.ficc.app.FiccRunRequestWorker        : No pending or failed surveillance run request found.
2026-06-12T10:31:47.577+09:00  INFO 17756 --- [scheduling-1] c.p.ficc.app.FiccRunRequestWorker        : Starting surveillance run request worker.
2026-06-12T10:31:47.606+09:00  INFO 17756 --- [scheduling-1] c.p.ficc.app.FiccRunRequestWorker        : No pending or failed surveillance run request found.
2026-06-12T10:31:52.616+09:00  INFO 17756 --- [scheduling-1] c.p.ficc.app.FiccRunRequestWorker        : Starting surveillance run request worker.
2026-06-12T10:31:52.647+09:00  INFO 17756 --- [scheduling-1] c.p.ficc.app.FiccRunRequestWorker        : No pending or failed surveillance run request found.
2026-06-12T10:31:57.665+09:00  INFO 17756 --- [scheduling-1] c.p.ficc.app.FiccRunRequestWorker        : Starting surveillance run request worker.
2026-06-12T10:31:57.689+09:00  INFO 17756 --- [scheduling-1] c.p.ficc.app.FiccRunRequestWorker        : No pending or failed surveillance run request found.
2026-06-12T10:32:02.695+09:00  INFO 17756 --- [scheduling-1] c.p.ficc.app.FiccRunRequestWorker        : Starting surveillance run request worker.
2026-06-12T10:32:02.718+09:00  INFO 17756 --- [scheduling-1] c.p.ficc.app.FiccRunRequestWorker        : No pending or failed surveillance run request found.
2026-06-12T10:32:07.723+09:00  INFO 17756 --- [scheduling-1] c.p.ficc.app.FiccRunRequestWorker        : Starting surveillance run request worker.
2026-06-12T10:32:07.742+09:00  INFO 17756 --- [scheduling-1] c.p.ficc.app.FiccRunRequestWorker        : No pending or failed surveillance run request found.
2026-06-12T10:32:12.749+09:00  INFO 17756 --- [scheduling-1] c.p.ficc.app.FiccRunRequestWorker        : Starting surveillance run request worker.
2026-06-12T10:32:12.789+09:00  INFO 17756 --- [scheduling-1] c.p.ficc.app.FiccRunRequestWorker        : No pending or failed surveillance run request found.
2026-06-12T10:32:17.802+09:00  INFO 17756 --- [scheduling-1] c.p.ficc.app.FiccRunRequestWorker        : Starting surveillance run request worker.
2026-06-12T10:32:17.834+09:00  INFO 17756 --- [scheduling-1] c.p.ficc.app.FiccRunRequestWorker        : No pending or failed surveillance run request found.
2026-06-12T10:32:22.840+09:00  INFO 17756 --- [scheduling-1] c.p.ficc.app.FiccRunRequestWorker        : Starting surveillance run request worker.
2026-06-12T10:32:22.874+09:00  INFO 17756 --- [scheduling-1] c.p.ficc.app.FiccRunRequestWorker        : No pending or failed surveillance run request found.
2026-06-12T10:32:27.884+09:00  INFO 17756 --- [scheduling-1] c.p.ficc.app.FiccRunRequestWorker        : Starting surveillance run request worker.
2026-06-12T10:32:27.912+09:00  INFO 17756 --- [scheduling-1] c.p.ficc.app.FiccRunRequestWorker        : No pending or failed surveillance run request found.
2026-06-12T10:32:32.918+09:00  INFO 17756 --- [scheduling-1] c.p.ficc.app.FiccRunRequestWorker        : Starting surveillance run request worker.
2026-06-12T10:32:32.947+09:00  INFO 17756 --- [scheduling-1] c.p.ficc.app.FiccRunRequestWorker        : No pending or failed surveillance run request found.
2026-06-12T10:32:37.954+09:00  INFO 17756 --- [scheduling-1] c.p.ficc.app.FiccRunRequestWorker        : Starting surveillance run request worker.
2026-06-12T10:32:38.014+09:00  INFO 17756 --- [scheduling-1] c.p.ficc.app.FiccRunRequestWorker        : No pending or failed surveillance run request found.
2026-06-12T10:32:43.022+09:00  INFO 17756 --- [scheduling-1] c.p.ficc.app.FiccRunRequestWorker        : Starting surveillance run request worker.
2026-06-12T10:32:43.053+09:00  INFO 17756 --- [scheduling-1] c.p.ficc.app.FiccRunRequestWorker        : No pending or failed surveillance run request found.
2026-06-12T10:32:48.068+09:00  INFO 17756 --- [scheduling-1] c.p.ficc.app.FiccRunRequestWorker        : Starting surveillance run request worker.
2026-06-12T10:32:48.094+09:00  INFO 17756 --- [scheduling-1] c.p.ficc.app.FiccRunRequestWorker        : No pending or failed surveillance run request found.
2026-06-12T10:32:53.108+09:00  INFO 17756 --- [scheduling-1] c.p.ficc.app.FiccRunRequestWorker        : Starting surveillance run request worker.
2026-06-12T10:32:53.136+09:00  INFO 17756 --- [scheduling-1] c.p.ficc.app.FiccRunRequestWorker        : No pending or failed surveillance run request found.
2026-06-12T10:32:58.139+09:00  INFO 17756 --- [scheduling-1] c.p.ficc.app.FiccRunRequestWorker        : Starting surveillance run request worker.
2026-06-12T10:32:58.169+09:00  INFO 17756 --- [scheduling-1] c.p.ficc.app.FiccRunRequestWorker        : No pending or failed surveillance run request found.
2026-06-12T10:33:03.181+09:00  INFO 17756 --- [scheduling-1] c.p.ficc.app.FiccRunRequestWorker        : Starting surveillance run request worker.
2026-06-12T10:33:03.222+09:00  INFO 17756 --- [scheduling-1] c.p.ficc.app.FiccRunRequestWorker        : No pending or failed surveillance run request found.
2026-06-12T10:33:08.233+09:00  INFO 17756 --- [scheduling-1] c.p.ficc.app.FiccRunRequestWorker        : Starting surveillance run request worker.
2026-06-12T10:33:08.270+09:00  INFO 17756 --- [scheduling-1] c.p.ficc.app.FiccRunRequestWorker        : No pending or failed surveillance run request found.
2026-06-12T10:33:13.280+09:00  INFO 17756 --- [scheduling-1] c.p.ficc.app.FiccRunRequestWorker        : Starting surveillance run request worker.
2026-06-12T10:33:13.311+09:00  INFO 17756 --- [scheduling-1] c.p.ficc.app.FiccRunRequestWorker        : No pending or failed surveillance run request found.
2026-06-12T10:33:18.333+09:00  INFO 17756 --- [scheduling-1] c.p.ficc.app.FiccRunRequestWorker        : Starting surveillance run request worker.
2026-06-12T10:33:18.369+09:00  INFO 17756 --- [scheduling-1] c.p.ficc.app.FiccRunRequestWorker        : No pending or failed surveillance run request found.
2026-06-12T10:33:23.374+09:00  INFO 17756 --- [scheduling-1] c.p.ficc.app.FiccRunRequestWorker        : Starting surveillance run request worker.
2026-06-12T10:33:23.406+09:00  INFO 17756 --- [scheduling-1] c.p.ficc.app.FiccRunRequestWorker        : No pending or failed surveillance run request found.
2026-06-12T10:33:28.415+09:00  INFO 17756 --- [scheduling-1] c.p.ficc.app.FiccRunRequestWorker        : Starting surveillance run request worker.
2026-06-12T10:33:28.447+09:00  INFO 17756 --- [scheduling-1] c.p.ficc.app.FiccRunRequestWorker        : No pending or failed surveillance run request found.
2026-06-12T10:33:33.462+09:00  INFO 17756 --- [scheduling-1] c.p.ficc.app.FiccRunRequestWorker        : Starting surveillance run request worker.
2026-06-12T10:33:33.494+09:00  INFO 17756 --- [scheduling-1] c.p.ficc.app.FiccRunRequestWorker        : No pending or failed surveillance run request found.
2026-06-12T10:33:38.509+09:00  INFO 17756 --- [scheduling-1] c.p.ficc.app.FiccRunRequestWorker        : Starting surveillance run request worker.
2026-06-12T10:33:38.539+09:00  INFO 17756 --- [scheduling-1] c.p.ficc.app.FiccRunRequestWorker        : No pending or failed surveillance run request found.
2026-06-12T10:33:43.556+09:00  INFO 17756 --- [scheduling-1] c.p.ficc.app.FiccRunRequestWorker        : Starting surveillance run request worker.
2026-06-12T10:33:43.587+09:00  INFO 17756 --- [scheduling-1] c.p.ficc.app.FiccRunRequestWorker        : No pending or failed surveillance run request found.
2026-06-12T10:33:48.591+09:00  INFO 17756 --- [scheduling-1] c.p.ficc.app.FiccRunRequestWorker        : Starting surveillance run request worker.
2026-06-12T10:33:48.632+09:00  INFO 17756 --- [scheduling-1] c.p.ficc.app.FiccRunRequestWorker        : No pending or failed surveillance run request found.
2026-06-12T10:33:53.647+09:00  INFO 17756 --- [scheduling-1] c.p.ficc.app.FiccRunRequestWorker        : Starting surveillance run request worker.
2026-06-12T10:33:53.680+09:00  INFO 17756 --- [scheduling-1] c.p.ficc.app.FiccRunRequestWorker        : No pending or failed surveillance run request found.
2026-06-12T10:33:58.694+09:00  INFO 17756 --- [scheduling-1] c.p.ficc.app.FiccRunRequestWorker        : Starting surveillance run request worker.
2026-06-12T10:33:58.721+09:00  INFO 17756 --- [scheduling-1] c.p.ficc.app.FiccRunRequestWorker        : No pending or failed surveillance run request found.
2026-06-12T10:34:03.740+09:00  INFO 17756 --- [scheduling-1] c.p.ficc.app.FiccRunRequestWorker        : Starting surveillance run request worker.
2026-06-12T10:34:03.770+09:00  INFO 17756 --- [scheduling-1] c.p.ficc.app.FiccRunRequestWorker        : No pending or failed surveillance run request found.
2026-06-12T10:34:08.787+09:00  INFO 17756 --- [scheduling-1] c.p.ficc.app.FiccRunRequestWorker        : Starting surveillance run request worker.
2026-06-12T10:34:08.816+09:00  INFO 17756 --- [scheduling-1] c.p.ficc.app.FiccRunRequestWorker        : No pending or failed surveillance run request found.
2026-06-12T10:34:13.827+09:00  INFO 17756 --- [scheduling-1] c.p.ficc.app.FiccRunRequestWorker        : Starting surveillance run request worker.
2026-06-12T10:34:13.858+09:00  INFO 17756 --- [scheduling-1] c.p.ficc.app.FiccRunRequestWorker        : No pending or failed surveillance run request found.
2026-06-12T10:34:18.872+09:00  INFO 17756 --- [scheduling-1] c.p.ficc.app.FiccRunRequestWorker        : Starting surveillance run request worker.
2026-06-12T10:34:18.910+09:00  INFO 17756 --- [scheduling-1] c.p.ficc.app.FiccRunRequestWorker        : No pending or failed surveillance run request found.
2026-06-12T10:34:23.918+09:00  INFO 17756 --- [scheduling-1] c.p.ficc.app.FiccRunRequestWorker        : Starting surveillance run request worker.
2026-06-12T10:34:23.984+09:00  INFO 17756 --- [scheduling-1] c.p.ficc.app.FiccRunRequestWorker        : No pending or failed surveillance run request found.
2026-06-12T10:34:28.998+09:00  INFO 17756 --- [scheduling-1] c.p.ficc.app.FiccRunRequestWorker        : Starting surveillance run request worker.
2026-06-12T10:34:29.028+09:00  INFO 17756 --- [scheduling-1] c.p.ficc.app.FiccRunRequestWorker        : No pending or failed surveillance run request found.
2026-06-12T10:34:34.040+09:00  INFO 17756 --- [scheduling-1] c.p.ficc.app.FiccRunRequestWorker        : Starting surveillance run request worker.
2026-06-12T10:34:34.071+09:00  INFO 17756 --- [scheduling-1] c.p.ficc.app.FiccRunRequestWorker        : No pending or failed surveillance run request found.
2026-06-12T10:34:39.084+09:00  INFO 17756 --- [scheduling-1] c.p.ficc.app.FiccRunRequestWorker        : Starting surveillance run request worker.
2026-06-12T10:34:39.120+09:00  INFO 17756 --- [scheduling-1] c.p.ficc.app.FiccRunRequestWorker        : No pending or failed surveillance run request found.
2026-06-12T10:34:44.123+09:00  INFO 17756 --- [scheduling-1] c.p.ficc.app.FiccRunRequestWorker        : Starting surveillance run request worker.
2026-06-12T10:34:44.148+09:00  INFO 17756 --- [scheduling-1] c.p.ficc.app.FiccRunRequestWorker        : No pending or failed surveillance run request found.
2026-06-12T10:34:49.167+09:00  INFO 17756 --- [scheduling-1] c.p.ficc.app.FiccRunRequestWorker        : Starting surveillance run request worker.
2026-06-12T10:34:49.198+09:00  INFO 17756 --- [scheduling-1] c.p.ficc.app.FiccRunRequestWorker        : No pending or failed surveillance run request found.
2026-06-12T10:34:54.202+09:00  INFO 17756 --- [scheduling-1] c.p.ficc.app.FiccRunRequestWorker        : Starting surveillance run request worker.
2026-06-12T10:34:54.237+09:00  INFO 17756 --- [scheduling-1] c.p.ficc.app.FiccRunRequestWorker        : No pending or failed surveillance run request found.
2026-06-12T10:34:59.245+09:00  INFO 17756 --- [scheduling-1] c.p.ficc.app.FiccRunRequestWorker        : Starting surveillance run request worker.
2026-06-12T10:34:59.277+09:00  INFO 17756 --- [scheduling-1] c.p.ficc.app.FiccRunRequestWorker        : No pending or failed surveillance run request found.
2026-06-12T10:35:04.281+09:00  INFO 17756 --- [scheduling-1] c.p.ficc.app.FiccRunRequestWorker        : Starting surveillance run request worker.
2026-06-12T10:35:04.313+09:00  INFO 17756 --- [scheduling-1] c.p.ficc.app.FiccRunRequestWorker        : No pending or failed surveillance run request found.
2026-06-12T10:35:09.317+09:00  INFO 17756 --- [scheduling-1] c.p.ficc.app.FiccRunRequestWorker        : Starting surveillance run request worker.
2026-06-12T10:35:09.349+09:00  INFO 17756 --- [scheduling-1] c.p.ficc.app.FiccRunRequestWorker        : No pending or failed surveillance run request found.
2026-06-12T10:35:14.359+09:00  INFO 17756 --- [scheduling-1] c.p.ficc.app.FiccRunRequestWorker        : Starting surveillance run request worker.
2026-06-12T10:35:14.398+09:00  INFO 17756 --- [scheduling-1] c.p.ficc.app.FiccRunRequestWorker        : No pending or failed surveillance run request found.
2026-06-12T10:35:19.399+09:00  INFO 17756 --- [scheduling-1] c.p.ficc.app.FiccRunRequestWorker        : Starting surveillance run request worker.
2026-06-12T10:35:19.433+09:00  INFO 17756 --- [scheduling-1] c.p.ficc.app.FiccRunRequestWorker        : No pending or failed surveillance run request found.
2026-06-12T10:35:24.444+09:00  INFO 17756 --- [scheduling-1] c.p.ficc.app.FiccRunRequestWorker        : Starting surveillance run request worker.
2026-06-12T10:35:24.475+09:00  INFO 17756 --- [scheduling-1] c.p.ficc.app.FiccRunRequestWorker        : No pending or failed surveillance run request found.
2026-06-12T10:35:29.483+09:00  INFO 17756 --- [scheduling-1] c.p.ficc.app.FiccRunRequestWorker        : Starting surveillance run request worker.
2026-06-12T10:35:29.516+09:00  INFO 17756 --- [scheduling-1] c.p.ficc.app.FiccRunRequestWorker        : No pending or failed surveillance run request found.
2026-06-12T10:35:34.524+09:00  INFO 17756 --- [scheduling-1] c.p.ficc.app.FiccRunRequestWorker        : Starting surveillance run request worker.
2026-06-12T10:35:34.563+09:00  INFO 17756 --- [scheduling-1] c.p.ficc.app.FiccRunRequestWorker        : No pending or failed surveillance run request found.
2026-06-12T10:35:39.580+09:00  INFO 17756 --- [scheduling-1] c.p.ficc.app.FiccRunRequestWorker        : Starting surveillance run request worker.
2026-06-12T10:35:39.614+09:00  INFO 17756 --- [scheduling-1] c.p.ficc.app.FiccRunRequestWorker        : No pending or failed surveillance run request found.
2026-06-12T10:35:44.616+09:00  INFO 17756 --- [scheduling-1] c.p.ficc.app.FiccRunRequestWorker        : Starting surveillance run request worker.
2026-06-12T10:35:44.652+09:00  INFO 17756 --- [scheduling-1] c.p.ficc.app.FiccRunRequestWorker        : No pending or failed surveillance run request found.
2026-06-12T10:35:49.654+09:00  INFO 17756 --- [scheduling-1] c.p.ficc.app.FiccRunRequestWorker        : Starting surveillance run request worker.
2026-06-12T10:35:49.683+09:00  INFO 17756 --- [scheduling-1] c.p.ficc.app.FiccRunRequestWorker        : No pending or failed surveillance run request found.
2026-06-12T10:35:54.698+09:00  INFO 17756 --- [scheduling-1] c.p.ficc.app.FiccRunRequestWorker        : Starting surveillance run request worker.
2026-06-12T10:35:54.738+09:00  INFO 17756 --- [scheduling-1] c.p.ficc.app.FiccRunRequestWorker        : No pending or failed surveillance run request found.
2026-06-12T10:35:59.742+09:00  INFO 17756 --- [scheduling-1] c.p.ficc.app.FiccRunRequestWorker        : Starting surveillance run request worker.
2026-06-12T10:35:59.772+09:00  INFO 17756 --- [scheduling-1] c.p.ficc.app.FiccRunRequestWorker        : No pending or failed surveillance run request found.
2026-06-12T10:36:04.785+09:00  INFO 17756 --- [scheduling-1] c.p.ficc.app.FiccRunRequestWorker        : Starting surveillance run request worker.
2026-06-12T10:36:04.809+09:00  INFO 17756 --- [scheduling-1] c.p.ficc.app.FiccRunRequestWorker        : No pending or failed surveillance run request found.
2026-06-12T10:36:09.818+09:00  INFO 17756 --- [scheduling-1] c.p.ficc.app.FiccRunRequestWorker        : Starting surveillance run request worker.
2026-06-12T10:36:09.845+09:00  INFO 17756 --- [scheduling-1] c.p.ficc.app.FiccRunRequestWorker        : No pending or failed surveillance run request found.
2026-06-12T10:36:14.847+09:00  INFO 17756 --- [scheduling-1] c.p.ficc.app.FiccRunRequestWorker        : Starting surveillance run request worker.
2026-06-12T10:36:14.871+09:00  INFO 17756 --- [scheduling-1] c.p.ficc.app.FiccRunRequestWorker        : No pending or failed surveillance run request found.
2026-06-12T10:36:19.880+09:00  INFO 17756 --- [scheduling-1] c.p.ficc.app.FiccRunRequestWorker        : Starting surveillance run request worker.
2026-06-12T10:36:19.907+09:00  INFO 17756 --- [scheduling-1] c.p.ficc.app.FiccRunRequestWorker        : No pending or failed surveillance run request found.
2026-06-12T10:36:24.911+09:00  INFO 17756 --- [scheduling-1] c.p.ficc.app.FiccRunRequestWorker        : Starting surveillance run request worker.
2026-06-12T10:36:24.936+09:00  INFO 17756 --- [scheduling-1] c.p.ficc.app.FiccRunRequestWorker        : No pending or failed surveillance run request found.
2026-06-12T10:36:29.940+09:00  INFO 17756 --- [scheduling-1] c.p.ficc.app.FiccRunRequestWorker        : Starting surveillance run request worker.
2026-06-12T10:36:29.971+09:00  INFO 17756 --- [scheduling-1] c.p.ficc.app.FiccRunRequestWorker        : No pending or failed surveillance run request found.
2026-06-12T10:36:34.976+09:00  INFO 17756 --- [scheduling-1] c.p.ficc.app.FiccRunRequestWorker        : Starting surveillance run request worker.
2026-06-12T10:36:35.003+09:00  INFO 17756 --- [scheduling-1] c.p.ficc.app.FiccRunRequestWorker        : No pending or failed surveillance run request found.
2026-06-12T10:36:40.008+09:00  INFO 17756 --- [scheduling-1] c.p.ficc.app.FiccRunRequestWorker        : Starting surveillance run request worker.
2026-06-12T10:36:40.033+09:00  INFO 17756 --- [scheduling-1] c.p.ficc.app.FiccRunRequestWorker        : No pending or failed surveillance run request found.
2026-06-12T10:36:45.038+09:00  INFO 17756 --- [scheduling-1] c.p.ficc.app.FiccRunRequestWorker        : Starting surveillance run request worker.
2026-06-12T10:36:45.059+09:00  INFO 17756 --- [scheduling-1] c.p.ficc.app.FiccRunRequestWorker        : No pending or failed surveillance run request found.
2026-06-12T10:36:50.075+09:00  INFO 17756 --- [scheduling-1] c.p.ficc.app.FiccRunRequestWorker        : Starting surveillance run request worker.
2026-06-12T10:36:50.101+09:00  INFO 17756 --- [scheduling-1] c.p.ficc.app.FiccRunRequestWorker        : No pending or failed surveillance run request found.
2026-06-12T10:36:55.102+09:00  INFO 17756 --- [scheduling-1] c.p.ficc.app.FiccRunRequestWorker        : Starting surveillance run request worker.
2026-06-12T10:36:55.122+09:00  INFO 17756 --- [scheduling-1] c.p.ficc.app.FiccRunRequestWorker        : No pending or failed surveillance run request found.
2026-06-12T10:37:00.123+09:00  INFO 17756 --- [scheduling-1] c.p.ficc.app.FiccRunRequestWorker        : Starting surveillance run request worker.
2026-06-12T10:37:00.158+09:00  INFO 17756 --- [scheduling-1] c.p.ficc.app.FiccRunRequestWorker        : No pending or failed surveillance run request found.
2026-06-12T10:37:05.164+09:00  INFO 17756 --- [scheduling-1] c.p.ficc.app.FiccRunRequestWorker        : Starting surveillance run request worker.
2026-06-12T10:37:05.196+09:00  INFO 17756 --- [scheduling-1] c.p.ficc.app.FiccRunRequestWorker        : No pending or failed surveillance run request found.
2026-06-12T10:37:10.199+09:00  INFO 17756 --- [scheduling-1] c.p.ficc.app.FiccRunRequestWorker        : Starting surveillance run request worker.
2026-06-12T10:37:10.229+09:00  INFO 17756 --- [scheduling-1] c.p.ficc.app.FiccRunRequestWorker        : No pending or failed surveillance run request found.
2026-06-12T10:37:15.237+09:00  INFO 17756 --- [scheduling-1] c.p.ficc.app.FiccRunRequestWorker        : Starting surveillance run request worker.
2026-06-12T10:37:15.270+09:00  INFO 17756 --- [scheduling-1] c.p.ficc.app.FiccRunRequestWorker        : No pending or failed surveillance run request found.
2026-06-12T10:37:20.279+09:00  INFO 17756 --- [scheduling-1] c.p.ficc.app.FiccRunRequestWorker        : Starting surveillance run request worker.
2026-06-12T10:37:20.312+09:00  INFO 17756 --- [scheduling-1] c.p.ficc.app.FiccRunRequestWorker        : No pending or failed surveillance run request found.
2026-06-12T10:37:25.327+09:00  INFO 17756 --- [scheduling-1] c.p.ficc.app.FiccRunRequestWorker        : Starting surveillance run request worker.
2026-06-12T10:37:25.359+09:00  INFO 17756 --- [scheduling-1] c.p.ficc.app.FiccRunRequestWorker        : No pending or failed surveillance run request found.
2026-06-12T10:37:30.365+09:00  INFO 17756 --- [scheduling-1] c.p.ficc.app.FiccRunRequestWorker        : Starting surveillance run request worker.
2026-06-12T10:37:30.391+09:00  INFO 17756 --- [scheduling-1] c.p.ficc.app.FiccRunRequestWorker        : No pending or failed surveillance run request found.
2026-06-12T10:37:35.405+09:00  INFO 17756 --- [scheduling-1] c.p.ficc.app.FiccRunRequestWorker        : Starting surveillance run request worker.
2026-06-12T10:37:35.436+09:00  INFO 17756 --- [scheduling-1] c.p.ficc.app.FiccRunRequestWorker        : No pending or failed surveillance run request found.
2026-06-12T10:37:40.439+09:00  INFO 17756 --- [scheduling-1] c.p.ficc.app.FiccRunRequestWorker        : Starting surveillance run request worker.
2026-06-12T10:37:40.471+09:00  INFO 17756 --- [scheduling-1] c.p.ficc.app.FiccRunRequestWorker        : No pending or failed surveillance run request found.
2026-06-12T10:37:45.475+09:00  INFO 17756 --- [scheduling-1] c.p.ficc.app.FiccRunRequestWorker        : Starting surveillance run request worker.
2026-06-12T10:37:45.506+09:00  INFO 17756 --- [scheduling-1] c.p.ficc.app.FiccRunRequestWorker        : No pending or failed surveillance run request found.
2026-06-12T10:37:46.304+09:00  WARN 17756 --- [http-nio-8080-exec-9] .w.s.m.s.DefaultHandlerExceptionResolver : Resolved [org.springframework.web.bind.MissingServletRequestParameterException: Required request parameter 'appId' for method parameter type int is not present]
2026-06-12T10:37:50.512+09:00  INFO 17756 --- [scheduling-1] c.p.ficc.app.FiccRunRequestWorker        : Starting surveillance run request worker.
2026-06-12T10:37:50.545+09:00  INFO 17756 --- [scheduling-1] c.p.ficc.app.FiccRunRequestWorker        : No pending or failed surveillance run request found.
2026-06-12T10:37:55.548+09:00  INFO 17756 --- [scheduling-1] c.p.ficc.app.FiccRunRequestWorker        : Starting surveillance run request worker.
2026-06-12T10:37:55.574+09:00  INFO 17756 --- [scheduling-1] c.p.ficc.app.FiccRunRequestWorker        : No pending or failed surveillance run request found.
2026-06-12T10:38:00.590+09:00  INFO 17756 --- [scheduling-1] c.p.ficc.app.FiccRunRequestWorker        : Starting surveillance run request worker.
2026-06-12T10:38:00.613+09:00  INFO 17756 --- [scheduling-1] c.p.ficc.app.FiccRunRequestWorker        : No pending or failed surveillance run request found.
2026-06-12T10:38:05.616+09:00  INFO 17756 --- [scheduling-1] c.p.ficc.app.FiccRunRequestWorker        : Starting surveillance run request worker.
2026-06-12T10:38:05.648+09:00  INFO 17756 --- [scheduling-1] c.p.ficc.app.FiccRunRequestWorker        : No pending or failed surveillance run request found.
2026-06-12T10:38:10.649+09:00  INFO 17756 --- [scheduling-1] c.p.ficc.app.FiccRunRequestWorker        : Starting surveillance run request worker.
2026-06-12T10:38:10.681+09:00  INFO 17756 --- [scheduling-1] c.p.ficc.app.FiccRunRequestWorker        : No pending or failed surveillance run request found.
2026-06-12T10:38:15.684+09:00  INFO 17756 --- [scheduling-1] c.p.ficc.app.FiccRunRequestWorker        : Starting surveillance run request worker.
2026-06-12T10:38:15.707+09:00  INFO 17756 --- [scheduling-1] c.p.ficc.app.FiccRunRequestWorker        : No pending or failed surveillance run request found.
2026-06-12T10:38:20.716+09:00  INFO 17756 --- [scheduling-1] c.p.ficc.app.FiccRunRequestWorker        : Starting surveillance run request worker.
2026-06-12T10:38:20.753+09:00  INFO 17756 --- [scheduling-1] c.p.ficc.app.FiccRunRequestWorker        : No pending or failed surveillance run request found.
2026-06-12T10:38:25.763+09:00  INFO 17756 --- [scheduling-1] c.p.ficc.app.FiccRunRequestWorker        : Starting surveillance run request worker.
2026-06-12T10:38:25.787+09:00  INFO 17756 --- [scheduling-1] c.p.ficc.app.FiccRunRequestWorker        : No pending or failed surveillance run request found.
2026-06-12T10:38:30.795+09:00  INFO 17756 --- [scheduling-1] c.p.ficc.app.FiccRunRequestWorker        : Starting surveillance run request worker.
2026-06-12T10:38:30.829+09:00  INFO 17756 --- [scheduling-1] c.p.ficc.app.FiccRunRequestWorker        : No pending or failed surveillance run request found.
2026-06-12T10:38:35.830+09:00  INFO 17756 --- [scheduling-1] c.p.ficc.app.FiccRunRequestWorker        : Starting surveillance run request worker.
2026-06-12T10:38:35.863+09:00  INFO 17756 --- [scheduling-1] c.p.ficc.app.FiccRunRequestWorker        : No pending or failed surveillance run request found.
2026-06-12T10:38:40.876+09:00  INFO 17756 --- [scheduling-1] c.p.ficc.app.FiccRunRequestWorker        : Starting surveillance run request worker.
2026-06-12T10:38:40.907+09:00  INFO 17756 --- [scheduling-1] c.p.ficc.app.FiccRunRequestWorker        : No pending or failed surveillance run request found.
2026-06-12T10:38:45.913+09:00  INFO 17756 --- [scheduling-1] c.p.ficc.app.FiccRunRequestWorker        : Starting surveillance run request worker.
2026-06-12T10:38:45.946+09:00  INFO 17756 --- [scheduling-1] c.p.ficc.app.FiccRunRequestWorker        : No pending or failed surveillance run request found.
2026-06-12T10:38:50.963+09:00  INFO 17756 --- [scheduling-1] c.p.ficc.app.FiccRunRequestWorker        : Starting surveillance run request worker.
2026-06-12T10:38:50.995+09:00  INFO 17756 --- [scheduling-1] c.p.ficc.app.FiccRunRequestWorker        : No pending or failed surveillance run request found.
2026-06-12T10:38:56.003+09:00  INFO 17756 --- [scheduling-1] c.p.ficc.app.FiccRunRequestWorker        : Starting surveillance run request worker.
2026-06-12T10:38:56.035+09:00  INFO 17756 --- [scheduling-1] c.p.ficc.app.FiccRunRequestWorker        : No pending or failed surveillance run request found.
2026-06-12T10:39:01.037+09:00  INFO 17756 --- [scheduling-1] c.p.ficc.app.FiccRunRequestWorker        : Starting surveillance run request worker.
2026-06-12T10:39:01.069+09:00  INFO 17756 --- [scheduling-1] c.p.ficc.app.FiccRunRequestWorker        : No pending or failed surveillance run request found.
2026-06-12T10:39:05.719+09:00  WARN 17756 --- [http-nio-8080-exec-1] .w.s.m.s.DefaultHandlerExceptionResolver : Resolved [org.springframework.web.bind.MissingServletRequestParameterException: Required request parameter 'appId' for method parameter type int is not present]
2026-06-12T10:39:06.079+09:00  INFO 17756 --- [scheduling-1] c.p.ficc.app.FiccRunRequestWorker        : Starting surveillance run request worker.
2026-06-12T10:39:06.110+09:00  INFO 17756 --- [scheduling-1] c.p.ficc.app.FiccRunRequestWorker        : No pending or failed surveillance run request found.
2026-06-12T10:39:11.122+09:00  INFO 17756 --- [scheduling-1] c.p.ficc.app.FiccRunRequestWorker        : Starting surveillance run request worker.
2026-06-12T10:39:11.153+09:00  INFO 17756 --- [scheduling-1] c.p.ficc.app.FiccRunRequestWorker        : No pending or failed surveillance run request found.
2026-06-12T10:39:16.161+09:00  INFO 17756 --- [scheduling-1] c.p.ficc.app.FiccRunRequestWorker        : Starting surveillance run request worker.
2026-06-12T10:39:16.192+09:00  INFO 17756 --- [scheduling-1] c.p.ficc.app.FiccRunRequestWorker        : No pending or failed surveillance run request found.
2026-06-12T10:39:21.200+09:00  INFO 17756 --- [scheduling-1] c.p.ficc.app.FiccRunRequestWorker        : Starting surveillance run request worker.
2026-06-12T10:39:21.233+09:00  INFO 17756 --- [scheduling-1] c.p.ficc.app.FiccRunRequestWorker        : No pending or failed surveillance run request found.
2026-06-12T10:39:26.248+09:00  INFO 17756 --- [scheduling-1] c.p.ficc.app.FiccRunRequestWorker        : Starting surveillance run request worker.
2026-06-12T10:39:26.283+09:00  INFO 17756 --- [scheduling-1] c.p.ficc.app.FiccRunRequestWorker        : No pending or failed surveillance run request found.
2026-06-12T10:39:31.298+09:00  INFO 17756 --- [scheduling-1] c.p.ficc.app.FiccRunRequestWorker        : Starting surveillance run request worker.
2026-06-12T10:39:31.330+09:00  INFO 17756 --- [scheduling-1] c.p.ficc.app.FiccRunRequestWorker        : No pending or failed surveillance run request found.
2026-06-12T10:39:36.334+09:00  INFO 17756 --- [scheduling-1] c.p.ficc.app.FiccRunRequestWorker        : Starting surveillance run request worker.
2026-06-12T10:39:36.366+09:00  INFO 17756 --- [scheduling-1] c.p.ficc.app.FiccRunRequestWorker        : No pending or failed surveillance run request found.
2026-06-12T10:39:41.373+09:00  INFO 17756 --- [scheduling-1] c.p.ficc.app.FiccRunRequestWorker        : Starting surveillance run request worker.
2026-06-12T10:39:41.405+09:00  INFO 17756 --- [scheduling-1] c.p.ficc.app.FiccRunRequestWorker        : No pending or failed surveillance run request found.
2026-06-12T10:39:46.411+09:00  INFO 17756 --- [scheduling-1] c.p.ficc.app.FiccRunRequestWorker        : Starting surveillance run request worker.
2026-06-12T10:39:46.441+09:00  INFO 17756 --- [scheduling-1] c.p.ficc.app.FiccRunRequestWorker        : No pending or failed surveillance run request found.
2026-06-12T10:39:51.442+09:00  INFO 17756 --- [scheduling-1] c.p.ficc.app.FiccRunRequestWorker        : Starting surveillance run request worker.
2026-06-12T10:39:51.475+09:00  INFO 17756 --- [scheduling-1] c.p.ficc.app.FiccRunRequestWorker        : No pending or failed surveillance run request found.
2026-06-12T10:39:56.482+09:00  INFO 17756 --- [scheduling-1] c.p.ficc.app.FiccRunRequestWorker        : Starting surveillance run request worker.
2026-06-12T10:39:56.511+09:00  INFO 17756 --- [scheduling-1] c.p.ficc.app.FiccRunRequestWorker        : No pending or failed surveillance run request found.
2026-06-12T10:40:01.516+09:00  INFO 17756 --- [scheduling-1] c.p.ficc.app.FiccRunRequestWorker        : Starting surveillance run request worker.
2026-06-12T10:40:01.545+09:00  INFO 17756 --- [scheduling-1] c.p.ficc.app.FiccRunRequestWorker        : No pending or failed surveillance run request found.
2026-06-12T10:40:06.555+09:00  INFO 17756 --- [scheduling-1] c.p.ficc.app.FiccRunRequestWorker        : Starting surveillance run request worker.
2026-06-12T10:40:06.589+09:00  INFO 17756 --- [scheduling-1] c.p.ficc.app.FiccRunRequestWorker        : No pending or failed surveillance run request found.
2026-06-12T10:40:11.597+09:00  INFO 17756 --- [scheduling-1] c.p.ficc.app.FiccRunRequestWorker        : Starting surveillance run request worker.
2026-06-12T10:40:11.621+09:00  INFO 17756 --- [scheduling-1] c.p.ficc.app.FiccRunRequestWorker        : No pending or failed surveillance run request found.
2026-06-12T10:40:16.628+09:00  INFO 17756 --- [scheduling-1] c.p.ficc.app.FiccRunRequestWorker        : Starting surveillance run request worker.
2026-06-12T10:40:16.664+09:00  INFO 17756 --- [scheduling-1] c.p.ficc.app.FiccRunRequestWorker        : No pending or failed surveillance run request found.
2026-06-12T10:40:21.664+09:00  INFO 17756 --- [scheduling-1] c.p.ficc.app.FiccRunRequestWorker        : Starting surveillance run request worker.
2026-06-12T10:40:21.717+09:00  INFO 17756 --- [scheduling-1] c.p.ficc.app.FiccRunRequestWorker        : No pending or failed surveillance run request found.
2026-06-12T10:40:26.734+09:00  INFO 17756 --- [scheduling-1] c.p.ficc.app.FiccRunRequestWorker        : Starting surveillance run request worker.
2026-06-12T10:40:26.766+09:00  INFO 17756 --- [scheduling-1] c.p.ficc.app.FiccRunRequestWorker        : No pending or failed surveillance run request found.
2026-06-12T10:40:31.770+09:00  INFO 17756 --- [scheduling-1] c.p.ficc.app.FiccRunRequestWorker        : Starting surveillance run request worker.
2026-06-12T10:40:31.811+09:00  INFO 17756 --- [scheduling-1] c.p.ficc.app.FiccRunRequestWorker        : No pending or failed surveillance run request found.
2026-06-12T10:40:36.814+09:00  INFO 17756 --- [scheduling-1] c.p.ficc.app.FiccRunRequestWorker        : Starting surveillance run request worker.
2026-06-12T10:40:36.846+09:00  INFO 17756 --- [scheduling-1] c.p.ficc.app.FiccRunRequestWorker        : No pending or failed surveillance run request found.
2026-06-12T10:40:41.852+09:00  INFO 17756 --- [scheduling-1] c.p.ficc.app.FiccRunRequestWorker        : Starting surveillance run request worker.
2026-06-12T10:40:41.893+09:00  INFO 17756 --- [scheduling-1] c.p.ficc.app.FiccRunRequestWorker        : No pending or failed surveillance run request found.
2026-06-12T10:40:46.900+09:00  INFO 17756 --- [scheduling-1] c.p.ficc.app.FiccRunRequestWorker        : Starting surveillance run request worker.
2026-06-12T10:40:46.928+09:00  INFO 17756 --- [scheduling-1] c.p.ficc.app.FiccRunRequestWorker        : No pending or failed surveillance run request found.
2026-06-12T10:40:51.938+09:00  INFO 17756 --- [scheduling-1] c.p.ficc.app.FiccRunRequestWorker        : Starting surveillance run request worker.
2026-06-12T10:40:51.998+09:00  INFO 17756 --- [scheduling-1] c.p.ficc.app.FiccRunRequestWorker        : No pending or failed surveillance run request found.
2026-06-12T10:40:56.999+09:00  INFO 17756 --- [scheduling-1] c.p.ficc.app.FiccRunRequestWorker        : Starting surveillance run request worker.
2026-06-12T10:40:57.032+09:00  INFO 17756 --- [scheduling-1] c.p.ficc.app.FiccRunRequestWorker        : No pending or failed surveillance run request found.
2026-06-12T10:41:02.037+09:00  INFO 17756 --- [scheduling-1] c.p.ficc.app.FiccRunRequestWorker        : Starting surveillance run request worker.
2026-06-12T10:41:02.062+09:00  INFO 17756 --- [scheduling-1] c.p.ficc.app.FiccRunRequestWorker        : No pending or failed surveillance run request found.
2026-06-12T10:41:07.074+09:00  INFO 17756 --- [scheduling-1] c.p.ficc.app.FiccRunRequestWorker        : Starting surveillance run request worker.
2026-06-12T10:41:07.102+09:00  INFO 17756 --- [scheduling-1] c.p.ficc.app.FiccRunRequestWorker        : No pending or failed surveillance run request found.
2026-06-12T10:41:12.105+09:00  INFO 17756 --- [scheduling-1] c.p.ficc.app.FiccRunRequestWorker        : Starting surveillance run request worker.
2026-06-12T10:41:12.133+09:00  INFO 17756 --- [scheduling-1] c.p.ficc.app.FiccRunRequestWorker        : No pending or failed surveillance run request found.
2026-06-12T10:41:17.138+09:00  INFO 17756 --- [scheduling-1] c.p.ficc.app.FiccRunRequestWorker        : Starting surveillance run request worker.
2026-06-12T10:41:17.164+09:00  INFO 17756 --- [scheduling-1] c.p.ficc.app.FiccRunRequestWorker        : No pending or failed surveillance run request found.
2026-06-12T10:41:22.179+09:00  INFO 17756 --- [scheduling-1] c.p.ficc.app.FiccRunRequestWorker        : Starting surveillance run request worker.
2026-06-12T10:41:22.211+09:00  INFO 17756 --- [scheduling-1] c.p.ficc.app.FiccRunRequestWorker        : No pending or failed surveillance run request found.
2026-06-12T10:41:27.224+09:00  INFO 17756 --- [scheduling-1] c.p.ficc.app.FiccRunRequestWorker        : Starting surveillance run request worker.
2026-06-12T10:41:27.247+09:00  INFO 17756 --- [scheduling-1] c.p.ficc.app.FiccRunRequestWorker        : No pending or failed surveillance run request found.
2026-06-12T10:41:32.249+09:00  INFO 17756 --- [scheduling-1] c.p.ficc.app.FiccRunRequestWorker        : Starting surveillance run request worker.
2026-06-12T10:41:32.278+09:00  INFO 17756 --- [scheduling-1] c.p.ficc.app.FiccRunRequestWorker        : No pending or failed surveillance run request found.
2026-06-12T10:41:37.293+09:00  INFO 17756 --- [scheduling-1] c.p.ficc.app.FiccRunRequestWorker        : Starting surveillance run request worker.
2026-06-12T10:41:37.318+09:00  INFO 17756 --- [scheduling-1] c.p.ficc.app.FiccRunRequestWorker        : No pending or failed surveillance run request found.
2026-06-12T10:41:42.320+09:00  INFO 17756 --- [scheduling-1] c.p.ficc.app.FiccRunRequestWorker        : Starting surveillance run request worker.
2026-06-12T10:41:42.343+09:00  INFO 17756 --- [scheduling-1] c.p.ficc.app.FiccRunRequestWorker        : No pending or failed surveillance run request found.
2026-06-12T10:41:47.345+09:00  INFO 17756 --- [scheduling-1] c.p.ficc.app.FiccRunRequestWorker        : Starting surveillance run request worker.
2026-06-12T10:41:47.378+09:00  INFO 17756 --- [scheduling-1] c.p.ficc.app.FiccRunRequestWorker        : No pending or failed surveillance run request found.
2026-06-12T10:41:52.383+09:00  INFO 17756 --- [scheduling-1] c.p.ficc.app.FiccRunRequestWorker        : Starting surveillance run request worker.
2026-06-12T10:41:52.413+09:00  INFO 17756 --- [scheduling-1] c.p.ficc.app.FiccRunRequestWorker        : No pending or failed surveillance run request found.
2026-06-12T10:41:57.416+09:00  INFO 17756 --- [scheduling-1] c.p.ficc.app.FiccRunRequestWorker        : Starting surveillance run request worker.
2026-06-12T10:41:57.439+09:00  INFO 17756 --- [scheduling-1] c.p.ficc.app.FiccRunRequestWorker        : No pending or failed surveillance run request found.
2026-06-12T10:42:02.450+09:00  INFO 17756 --- [scheduling-1] c.p.ficc.app.FiccRunRequestWorker        : Starting surveillance run request worker.
2026-06-12T10:42:02.476+09:00  INFO 17756 --- [scheduling-1] c.p.ficc.app.FiccRunRequestWorker        : No pending or failed surveillance run request found.
2026-06-12T10:42:07.491+09:00  INFO 17756 --- [scheduling-1] c.p.ficc.app.FiccRunRequestWorker        : Starting surveillance run request worker.
2026-06-12T10:42:07.525+09:00  INFO 17756 --- [scheduling-1] c.p.ficc.app.FiccRunRequestWorker        : No pending or failed surveillance run request found.
2026-06-12T10:42:12.531+09:00  INFO 17756 --- [scheduling-1] c.p.ficc.app.FiccRunRequestWorker        : Starting surveillance run request worker.
2026-06-12T10:42:12.565+09:00  INFO 17756 --- [scheduling-1] c.p.ficc.app.FiccRunRequestWorker        : No pending or failed surveillance run request found.
2026-06-12T10:42:17.580+09:00  INFO 17756 --- [scheduling-1] c.p.ficc.app.FiccRunRequestWorker        : Starting surveillance run request worker.
2026-06-12T10:42:17.612+09:00  INFO 17756 --- [scheduling-1] c.p.ficc.app.FiccRunRequestWorker        : No pending or failed surveillance run request found.
2026-06-12T10:42:22.619+09:00  INFO 17756 --- [scheduling-1] c.p.ficc.app.FiccRunRequestWorker        : Starting surveillance run request worker.
2026-06-12T10:42:22.654+09:00  INFO 17756 --- [scheduling-1] c.p.ficc.app.FiccRunRequestWorker        : No pending or failed surveillance run request found.
2026-06-12T10:42:27.667+09:00  INFO 17756 --- [scheduling-1] c.p.ficc.app.FiccRunRequestWorker        : Starting surveillance run request worker.
2026-06-12T10:42:27.683+09:00  INFO 17756 --- [scheduling-1] c.p.ficc.app.FiccRunRequestWorker        : No pending or failed surveillance run request found.
2026-06-12T10:42:32.710+09:00  INFO 17756 --- [scheduling-1] c.p.ficc.app.FiccRunRequestWorker        : Starting surveillance run request worker.
2026-06-12T10:42:32.733+09:00  INFO 17756 --- [scheduling-1] c.p.ficc.app.FiccRunRequestWorker        : No pending or failed surveillance run request found.
2026-06-12T10:42:37.754+09:00  INFO 17756 --- [scheduling-1] c.p.ficc.app.FiccRunRequestWorker        : Starting surveillance run request worker.
2026-06-12T10:42:37.778+09:00  INFO 17756 --- [scheduling-1] c.p.ficc.app.FiccRunRequestWorker        : No pending or failed surveillance run request found.
2026-06-12T10:42:42.783+09:00  INFO 17756 --- [scheduling-1] c.p.ficc.app.FiccRunRequestWorker        : Starting surveillance run request worker.
2026-06-12T10:42:42.814+09:00  INFO 17756 --- [scheduling-1] c.p.ficc.app.FiccRunRequestWorker        : No pending or failed surveillance run request found.
2026-06-12T10:42:47.819+09:00  INFO 17756 --- [scheduling-1] c.p.ficc.app.FiccRunRequestWorker        : Starting surveillance run request worker.
2026-06-12T10:42:47.857+09:00  INFO 17756 --- [scheduling-1] c.p.ficc.app.FiccRunRequestWorker        : No pending or failed surveillance run request found.
2026-06-12T10:42:52.861+09:00  INFO 17756 --- [scheduling-1] c.p.ficc.app.FiccRunRequestWorker        : Starting surveillance run request worker.
2026-06-12T10:42:52.891+09:00  INFO 17756 --- [scheduling-1] c.p.ficc.app.FiccRunRequestWorker        : No pending or failed surveillance run request found.
2026-06-12T10:42:57.899+09:00  INFO 17756 --- [scheduling-1] c.p.ficc.app.FiccRunRequestWorker        : Starting surveillance run request worker.
2026-06-12T10:42:57.933+09:00  INFO 17756 --- [scheduling-1] c.p.ficc.app.FiccRunRequestWorker        : No pending or failed surveillance run request found.
2026-06-12T10:43:02.935+09:00  INFO 17756 --- [scheduling-1] c.p.ficc.app.FiccRunRequestWorker        : Starting surveillance run request worker.
2026-06-12T10:43:02.967+09:00  INFO 17756 --- [scheduling-1] c.p.ficc.app.FiccRunRequestWorker        : No pending or failed surveillance run request found.
2026-06-12T10:43:07.975+09:00  INFO 17756 --- [scheduling-1] c.p.ficc.app.FiccRunRequestWorker        : Starting surveillance run request worker.
2026-06-12T10:43:07.997+09:00  INFO 17756 --- [scheduling-1] c.p.ficc.app.FiccRunRequestWorker        : No pending or failed surveillance run request found.
2026-06-12T10:43:12.999+09:00  INFO 17756 --- [scheduling-1] c.p.ficc.app.FiccRunRequestWorker        : Starting surveillance run request worker.
2026-06-12T10:43:13.019+09:00  INFO 17756 --- [scheduling-1] c.p.ficc.app.FiccRunRequestWorker        : No pending or failed surveillance run request found.
2026-06-12T10:43:18.023+09:00  INFO 17756 --- [scheduling-1] c.p.ficc.app.FiccRunRequestWorker        : Starting surveillance run request worker.
2026-06-12T10:43:18.054+09:00  INFO 17756 --- [scheduling-1] c.p.ficc.app.FiccRunRequestWorker        : No pending or failed surveillance run request found.
2026-06-12T10:43:23.062+09:00  INFO 17756 --- [scheduling-1] c.p.ficc.app.FiccRunRequestWorker        : Starting surveillance run request worker.
2026-06-12T10:43:23.097+09:00  INFO 17756 --- [scheduling-1] c.p.ficc.app.FiccRunRequestWorker        : No pending or failed surveillance run request found.
2026-06-12T10:43:28.108+09:00  INFO 17756 --- [scheduling-1] c.p.ficc.app.FiccRunRequestWorker        : Starting surveillance run request worker.
2026-06-12T10:43:28.132+09:00  INFO 17756 --- [scheduling-1] c.p.ficc.app.FiccRunRequestWorker        : No pending or failed surveillance run request found.
2026-06-12T10:43:33.135+09:00  INFO 17756 --- [scheduling-1] c.p.ficc.app.FiccRunRequestWorker        : Starting surveillance run request worker.
2026-06-12T10:43:33.152+09:00  INFO 17756 --- [scheduling-1] c.p.ficc.app.FiccRunRequestWorker        : No pending or failed surveillance run request found.
2026-06-12T10:43:38.153+09:00  INFO 17756 --- [scheduling-1] c.p.ficc.app.FiccRunRequestWorker        : Starting surveillance run request worker.
2026-06-12T10:43:38.180+09:00  INFO 17756 --- [scheduling-1] c.p.ficc.app.FiccRunRequestWorker        : No pending or failed surveillance run request found.
2026-06-12T10:43:43.182+09:00  INFO 17756 --- [scheduling-1] c.p.ficc.app.FiccRunRequestWorker        : Starting surveillance run request worker.
2026-06-12T10:43:43.199+09:00  INFO 17756 --- [scheduling-1] c.p.ficc.app.FiccRunRequestWorker        : No pending or failed surveillance run request found.
2026-06-12T10:43:48.202+09:00  INFO 17756 --- [scheduling-1] c.p.ficc.app.FiccRunRequestWorker        : Starting surveillance run request worker.
2026-06-12T10:43:48.226+09:00  INFO 17756 --- [scheduling-1] c.p.ficc.app.FiccRunRequestWorker        : No pending or failed surveillance run request found.
2026-06-12T10:43:53.227+09:00  INFO 17756 --- [scheduling-1] c.p.ficc.app.FiccRunRequestWorker        : Starting surveillance run request worker.
2026-06-12T10:43:53.260+09:00  INFO 17756 --- [scheduling-1] c.p.ficc.app.FiccRunRequestWorker        : No pending or failed surveillance run request found.
2026-06-12T10:43:58.261+09:00  INFO 17756 --- [scheduling-1] c.p.ficc.app.FiccRunRequestWorker        : Starting surveillance run request worker.
2026-06-12T10:43:58.280+09:00  INFO 17756 --- [scheduling-1] c.p.ficc.app.FiccRunRequestWorker        : No pending or failed surveillance run request found.
2026-06-12T10:44:03.284+09:00  INFO 17756 --- [scheduling-1] c.p.ficc.app.FiccRunRequestWorker        : Starting surveillance run request worker.
2026-06-12T10:44:03.300+09:00  INFO 17756 --- [scheduling-1] c.p.ficc.app.FiccRunRequestWorker        : No pending or failed surveillance run request found.
2026-06-12T10:44:08.320+09:00  INFO 17756 --- [scheduling-1] c.p.ficc.app.FiccRunRequestWorker        : Starting surveillance run request worker.
2026-06-12T10:44:08.349+09:00  INFO 17756 --- [scheduling-1] c.p.ficc.app.FiccRunRequestWorker        : No pending or failed surveillance run request found.
2026-06-12T10:44:13.356+09:00  INFO 17756 --- [scheduling-1] c.p.ficc.app.FiccRunRequestWorker        : Starting surveillance run request worker.
2026-06-12T10:44:13.391+09:00  INFO 17756 --- [scheduling-1] c.p.ficc.app.FiccRunRequestWorker        : No pending or failed surveillance run request found.
2026-06-12T10:44:18.401+09:00  INFO 17756 --- [scheduling-1] c.p.ficc.app.FiccRunRequestWorker        : Starting surveillance run request worker.
2026-06-12T10:44:18.428+09:00  INFO 17756 --- [scheduling-1] c.p.ficc.app.FiccRunRequestWorker        : No pending or failed surveillance run request found.
2026-06-12T10:44:23.433+09:00  INFO 17756 --- [scheduling-1] c.p.ficc.app.FiccRunRequestWorker        : Starting surveillance run request worker.
2026-06-12T10:44:23.452+09:00  INFO 17756 --- [scheduling-1] c.p.ficc.app.FiccRunRequestWorker        : No pending or failed surveillance run request found.
2026-06-12T10:44:28.454+09:00  INFO 17756 --- [scheduling-1] c.p.ficc.app.FiccRunRequestWorker        : Starting surveillance run request worker.
2026-06-12T10:44:28.490+09:00  INFO 17756 --- [scheduling-1] c.p.ficc.app.FiccRunRequestWorker        : No pending or failed surveillance run request found.
2026-06-12T10:44:33.502+09:00  INFO 17756 --- [scheduling-1] c.p.ficc.app.FiccRunRequestWorker        : Starting surveillance run request worker.
2026-06-12T10:44:33.527+09:00  INFO 17756 --- [scheduling-1] c.p.ficc.app.FiccRunRequestWorker        : No pending or failed surveillance run request found.
2026-06-12T10:44:38.541+09:00  INFO 17756 --- [scheduling-1] c.p.ficc.app.FiccRunRequestWorker        : Starting surveillance run request worker.
2026-06-12T10:44:38.572+09:00  INFO 17756 --- [scheduling-1] c.p.ficc.app.FiccRunRequestWorker        : No pending or failed surveillance run request found.
2026-06-12T10:44:43.579+09:00  INFO 17756 --- [scheduling-1] c.p.ficc.app.FiccRunRequestWorker        : Starting surveillance run request worker.
2026-06-12T10:44:43.617+09:00  INFO 17756 --- [scheduling-1] c.p.ficc.app.FiccRunRequestWorker        : No pending or failed surveillance run request found.
2026-06-12T10:44:48.617+09:00  INFO 17756 --- [scheduling-1] c.p.ficc.app.FiccRunRequestWorker        : Starting surveillance run request worker.
2026-06-12T10:44:48.645+09:00  INFO 17756 --- [scheduling-1] c.p.ficc.app.FiccRunRequestWorker        : No pending or failed surveillance run request found.
2026-06-12T10:44:53.652+09:00  INFO 17756 --- [scheduling-1] c.p.ficc.app.FiccRunRequestWorker        : Starting surveillance run request worker.
2026-06-12T10:44:53.685+09:00  INFO 17756 --- [scheduling-1] c.p.ficc.app.FiccRunRequestWorker        : No pending or failed surveillance run request found.
2026-06-12T10:44:58.701+09:00  INFO 17756 --- [scheduling-1] c.p.ficc.app.FiccRunRequestWorker        : Starting surveillance run request worker.
2026-06-12T10:44:58.724+09:00  INFO 17756 --- [scheduling-1] c.p.ficc.app.FiccRunRequestWorker        : No pending or failed surveillance run request found.
2026-06-12T10:45:03.734+09:00  INFO 17756 --- [scheduling-1] c.p.ficc.app.FiccRunRequestWorker        : Starting surveillance run request worker.
2026-06-12T10:45:03.758+09:00  INFO 17756 --- [scheduling-1] c.p.ficc.app.FiccRunRequestWorker        : No pending or failed surveillance run request found.
2026-06-12T10:45:08.779+09:00  INFO 17756 --- [scheduling-1] c.p.ficc.app.FiccRunRequestWorker        : Starting surveillance run request worker.
2026-06-12T10:45:08.811+09:00  INFO 17756 --- [scheduling-1] c.p.ficc.app.FiccRunRequestWorker        : No pending or failed surveillance run request found.
2026-06-12T10:45:13.816+09:00  INFO 17756 --- [scheduling-1] c.p.ficc.app.FiccRunRequestWorker        : Starting surveillance run request worker.
2026-06-12T10:45:13.857+09:00  INFO 17756 --- [scheduling-1] c.p.ficc.app.FiccRunRequestWorker        : No pending or failed surveillance run request found.
2026-06-12T10:45:18.859+09:00  INFO 17756 --- [scheduling-1] c.p.ficc.app.FiccRunRequestWorker        : Starting surveillance run request worker.
2026-06-12T10:45:18.875+09:00  INFO 17756 --- [scheduling-1] c.p.ficc.app.FiccRunRequestWorker        : No pending or failed surveillance run request found.
2026-06-12T10:45:23.887+09:00  INFO 17756 --- [scheduling-1] c.p.ficc.app.FiccRunRequestWorker        : Starting surveillance run request worker.
2026-06-12T10:45:23.921+09:00  INFO 17756 --- [scheduling-1] c.p.ficc.app.FiccRunRequestWorker        : No pending or failed surveillance run request found.
2026-06-12T10:45:28.939+09:00  INFO 17756 --- [scheduling-1] c.p.ficc.app.FiccRunRequestWorker        : Starting surveillance run request worker.
2026-06-12T10:45:28.968+09:00  INFO 17756 --- [scheduling-1] c.p.ficc.app.FiccRunRequestWorker        : No pending or failed surveillance run request found.
2026-06-12T10:45:33.990+09:00  INFO 17756 --- [scheduling-1] c.p.ficc.app.FiccRunRequestWorker        : Starting surveillance run request worker.
2026-06-12T10:45:34.020+09:00  INFO 17756 --- [scheduling-1] c.p.ficc.app.FiccRunRequestWorker        : No pending or failed surveillance run request found.
2026-06-12T10:45:39.032+09:00  INFO 17756 --- [scheduling-1] c.p.ficc.app.FiccRunRequestWorker        : Starting surveillance run request worker.
2026-06-12T10:45:39.047+09:00  INFO 17756 --- [scheduling-1] c.p.ficc.app.FiccRunRequestWorker        : No pending or failed surveillance run request found.
2026-06-12T10:45:44.074+09:00  INFO 17756 --- [scheduling-1] c.p.ficc.app.FiccRunRequestWorker        : Starting surveillance run request worker.
2026-06-12T10:45:44.091+09:00  INFO 17756 --- [scheduling-1] c.p.ficc.app.FiccRunRequestWorker        : No pending or failed surveillance run request found.
2026-06-12T10:45:49.096+09:00  INFO 17756 --- [scheduling-1] c.p.ficc.app.FiccRunRequestWorker        : Starting surveillance run request worker.
2026-06-12T10:45:49.129+09:00  INFO 17756 --- [scheduling-1] c.p.ficc.app.FiccRunRequestWorker        : No pending or failed surveillance run request found.
2026-06-12T10:45:54.136+09:00  INFO 17756 --- [scheduling-1] c.p.ficc.app.FiccRunRequestWorker        : Starting surveillance run request worker.
2026-06-12T10:45:54.165+09:00  INFO 17756 --- [scheduling-1] c.p.ficc.app.FiccRunRequestWorker        : No pending or failed surveillance run request found.
2026-06-12T10:45:59.175+09:00  INFO 17756 --- [scheduling-1] c.p.ficc.app.FiccRunRequestWorker        : Starting surveillance run request worker.
2026-06-12T10:45:59.207+09:00  INFO 17756 --- [scheduling-1] c.p.ficc.app.FiccRunRequestWorker        : No pending or failed surveillance run request found.
2026-06-12T10:46:04.218+09:00  INFO 17756 --- [scheduling-1] c.p.ficc.app.FiccRunRequestWorker        : Starting surveillance run request worker.
2026-06-12T10:46:04.250+09:00  INFO 17756 --- [scheduling-1] c.p.ficc.app.FiccRunRequestWorker        : No pending or failed surveillance run request found.
2026-06-12T10:46:09.251+09:00  INFO 17756 --- [scheduling-1] c.p.ficc.app.FiccRunRequestWorker        : Starting surveillance run request worker.
2026-06-12T10:46:09.278+09:00  INFO 17756 --- [scheduling-1] c.p.ficc.app.FiccRunRequestWorker        : No pending or failed surveillance run request found.
2026-06-12T10:46:14.289+09:00  INFO 17756 --- [scheduling-1] c.p.ficc.app.FiccRunRequestWorker        : Starting surveillance run request worker.
2026-06-12T10:46:14.305+09:00  INFO 17756 --- [scheduling-1] c.p.ficc.app.FiccRunRequestWorker        : No pending or failed surveillance run request found.
2026-06-12T10:46:19.333+09:00  INFO 17756 --- [scheduling-1] c.p.ficc.app.FiccRunRequestWorker        : Starting surveillance run request worker.
2026-06-12T10:46:19.359+09:00  INFO 17756 --- [scheduling-1] c.p.ficc.app.FiccRunRequestWorker        : No pending or failed surveillance run request found.
2026-06-12T10:46:24.363+09:00  INFO 17756 --- [scheduling-1] c.p.ficc.app.FiccRunRequestWorker        : Starting surveillance run request worker.
2026-06-12T10:46:24.392+09:00  INFO 17756 --- [scheduling-1] c.p.ficc.app.FiccRunRequestWorker        : No pending or failed surveillance run request found.
2026-06-12T10:46:29.394+09:00  INFO 17756 --- [scheduling-1] c.p.ficc.app.FiccRunRequestWorker        : Starting surveillance run request worker.
2026-06-12T10:46:29.430+09:00  INFO 17756 --- [scheduling-1] c.p.ficc.app.FiccRunRequestWorker        : No pending or failed surveillance run request found.
2026-06-12T10:46:34.443+09:00  INFO 17756 --- [scheduling-1] c.p.ficc.app.FiccRunRequestWorker        : Starting surveillance run request worker.
2026-06-12T10:46:34.476+09:00  INFO 17756 --- [scheduling-1] c.p.ficc.app.FiccRunRequestWorker        : No pending or failed surveillance run request found.
2026-06-12T10:46:34.677+09:00  INFO 17756 --- [RMI TCP Connection(60)-127.0.0.1] inMXBeanRegistrar$SpringApplicationAdmin : Application shutdown requested.
2026-06-12T11:07:54.510+09:00  INFO 16804 --- [main] c.p.ficc.FiccWashModelApplication        : Starting FiccWashModelApplication using Java 21.0.10 with PID 16804 (C:\Users\GRAVITY\eclipse-workspace\FICC_Wash_Model\target\classes started by GRAVITY in C:\Users\GRAVITY\eclipse-workspace\FICC_Wash_Model)
2026-06-12T11:07:54.512+09:00  INFO 16804 --- [main] c.p.ficc.FiccWashModelApplication        : No active profile set, falling back to 1 default profile: "default"
2026-06-12T11:07:55.526+09:00  INFO 16804 --- [main] o.s.b.w.embedded.tomcat.TomcatWebServer  : Tomcat initialized with port 8080 (http)
2026-06-12T11:07:55.541+09:00  INFO 16804 --- [main] o.apache.catalina.core.StandardService   : Starting service [Tomcat]
2026-06-12T11:07:55.542+09:00  INFO 16804 --- [main] o.apache.catalina.core.StandardEngine    : Starting Servlet engine: [Apache Tomcat/10.1.31]
2026-06-12T11:07:55.582+09:00  INFO 16804 --- [main] o.a.c.c.C.[Tomcat].[localhost].[/]       : Initializing Spring embedded WebApplicationContext
2026-06-12T11:07:55.583+09:00  INFO 16804 --- [main] w.s.c.ServletWebServerApplicationContext : Root WebApplicationContext: initialization completed in 1034 ms
2026-06-12T11:07:55.920+09:00  INFO 16804 --- [main] o.s.b.w.embedded.tomcat.TomcatWebServer  : Tomcat started on port 8080 (http) with context path '/'
2026-06-12T11:07:55.932+09:00  INFO 16804 --- [main] c.p.ficc.FiccWashModelApplication        : Started FiccWashModelApplication in 1.777 seconds (process running for 2.428)
2026-06-12T11:07:58.946+09:00  INFO 16804 --- [scheduling-1] c.p.ficc.app.FiccRunRequestWorker        : Starting surveillance run request worker.
2026-06-12T11:07:59.278+09:00  INFO 16804 --- [scheduling-1] c.p.ficc.app.FiccRunRequestWorker        : No pending or failed surveillance run request found.
2026-06-12T11:08:04.287+09:00  INFO 16804 --- [scheduling-1] c.p.ficc.app.FiccRunRequestWorker        : Starting surveillance run request worker.
2026-06-12T11:08:04.318+09:00  INFO 16804 --- [scheduling-1] c.p.ficc.app.FiccRunRequestWorker        : No pending or failed surveillance run request found.
2026-06-12T11:08:09.332+09:00  INFO 16804 --- [scheduling-1] c.p.ficc.app.FiccRunRequestWorker        : Starting surveillance run request worker.
2026-06-12T11:08:09.363+09:00  INFO 16804 --- [scheduling-1] c.p.ficc.app.FiccRunRequestWorker        : No pending or failed surveillance run request found.
2026-06-12T11:08:14.379+09:00  INFO 16804 --- [scheduling-1] c.p.ficc.app.FiccRunRequestWorker        : Starting surveillance run request worker.
2026-06-12T11:08:14.419+09:00  INFO 16804 --- [scheduling-1] c.p.ficc.app.FiccRunRequestWorker        : No pending or failed surveillance run request found.
2026-06-12T11:08:19.432+09:00  INFO 16804 --- [scheduling-1] c.p.ficc.app.FiccRunRequestWorker        : Starting surveillance run request worker.
2026-06-12T11:08:19.479+09:00  INFO 16804 --- [scheduling-1] c.p.ficc.app.FiccRunRequestWorker        : No pending or failed surveillance run request found.
2026-06-12T11:08:24.500+09:00  INFO 16804 --- [scheduling-1] c.p.ficc.app.FiccRunRequestWorker        : Starting surveillance run request worker.
2026-06-12T11:08:24.959+09:00  INFO 16804 --- [scheduling-1] c.p.ficc.app.FiccRunRequestWorker        : Claimed 15 runnable surveillance request(s).
2026-06-12T11:08:24.959+09:00  INFO 16804 --- [scheduling-1] c.p.ficc.app.FiccRunRequestWorker        : ------------------------------------------------------------------------------------------
2026-06-12T11:08:24.975+09:00  INFO 16804 --- [scheduling-1] c.p.ficc.app.FiccRunRequestWorker        : Run request 1 started: appid=1, region=NAMR, businessDate=2026-06-04.
2026-06-12T11:08:24.975+09:00  INFO 16804 --- [scheduling-1] c.p.f.app.FiccSurveillanceApplication    : ------------------------------------------------------------------------------------------
2026-06-12T11:08:24.975+09:00  INFO 16804 --- [scheduling-1] c.p.f.app.FiccSurveillanceApplication    : Starting surveillance pipeline: appid=1, region=NAMR, businessDate=2026-06-04.
2026-06-12T11:08:24.975+09:00  INFO 16804 --- [scheduling-1] c.p.f.app.FiccSurveillanceApplication    : ------------------------------------------------------------------------------------------
2026-06-12T11:08:24.990+09:00  INFO 16804 --- [scheduling-1] c.p.f.app.FiccSurveillanceApplication    : Resolved surveillance model: appid=1, modelid=1, modelCode=FICC_WASH_TRADE, modelClass=com.portfolio.ficc.surveillance.FiccWashTradeModel, region=NAMR.
2026-06-12T11:08:24.990+09:00  INFO 16804 --- [scheduling-1] c.p.f.app.FiccSurveillanceApplication    : ------------------------------------------------------------------------------------------
2026-06-12T11:08:25.038+09:00  INFO 16804 --- [scheduling-1] c.p.f.app.FiccSurveillanceApplication    : Loaded 9 trades: region=NAMR, businessDate=2026-06-04.
2026-06-12T11:08:25.137+09:00  INFO 16804 --- [scheduling-1] c.p.f.app.FiccSurveillanceApplication    : ------------------------------------------------------------------------------------------
2026-06-12T11:08:25.137+09:00  INFO 16804 --- [scheduling-1] c.p.f.app.FiccSurveillanceApplication    : Evaluated surveillance model and generated 2 alerts : region=NAMR, businessDate=2026-06-04.
2026-06-12T11:08:25.212+09:00  INFO 16804 --- [scheduling-1] c.p.ficc.io.AlertHistoryRepository       : Saved alert history: alertHistoryId=1, alertId=ficc_wash_alert_1, matchType=ONE_TIME_TRANSACTION, relatedTrades=2, appid=1, modelid=1, region=NAMR, businessDate=2026-06-04.
2026-06-12T11:08:25.260+09:00  INFO 16804 --- [scheduling-1] c.p.ficc.io.AlertHistoryRepository       : Saved alert history: alertHistoryId=2, alertId=ficc_wash_alert_2, matchType=CUMULATIVE_TRANSACTION, relatedTrades=4, appid=1, modelid=1, region=NAMR, businessDate=2026-06-04.
2026-06-12T11:08:25.260+09:00  INFO 16804 --- [scheduling-1] c.p.f.app.FiccSurveillanceApplication    : ------------------------------------------------------------------------------------------
2026-06-12T11:08:25.260+09:00  INFO 16804 --- [scheduling-1] c.p.f.app.FiccSurveillanceApplication    : Completed surveillance pipeline: tradesProcessed=9, alertsGenerated=2, alertsDispatched=2, duplicateAlerts=0, appid=1, modelid=1, region=NAMR, businessDate=2026-06-04.
2026-06-12T11:08:25.307+09:00  INFO 16804 --- [scheduling-1] c.p.ficc.app.FiccRunRequestWorker        : ------------------------------------------------------------------------------------------
2026-06-12T11:08:25.307+09:00  INFO 16804 --- [scheduling-1] c.p.ficc.app.FiccRunRequestWorker        : Run request 1 completed: tradesProcessed=9, alertsGenerated=2, alertsDispatched=2, duplicateAlerts=0.
2026-06-12T11:08:25.307+09:00  INFO 16804 --- [scheduling-1] c.p.ficc.app.FiccRunRequestWorker        : ------------------------------------------------------------------------------------------
2026-06-12T11:08:25.307+09:00  INFO 16804 --- [scheduling-1] c.p.ficc.app.FiccRunRequestWorker        : Run request 2 started: appid=1, region=NAMR, businessDate=2026-06-05.
2026-06-12T11:08:25.307+09:00  INFO 16804 --- [scheduling-1] c.p.f.app.FiccSurveillanceApplication    : ------------------------------------------------------------------------------------------
2026-06-12T11:08:25.307+09:00  INFO 16804 --- [scheduling-1] c.p.f.app.FiccSurveillanceApplication    : Starting surveillance pipeline: appid=1, region=NAMR, businessDate=2026-06-05.
2026-06-12T11:08:25.307+09:00  INFO 16804 --- [scheduling-1] c.p.f.app.FiccSurveillanceApplication    : ------------------------------------------------------------------------------------------
2026-06-12T11:08:25.339+09:00  INFO 16804 --- [scheduling-1] c.p.f.app.FiccSurveillanceApplication    : Resolved surveillance model: appid=1, modelid=1, modelCode=FICC_WASH_TRADE, modelClass=com.portfolio.ficc.surveillance.FiccWashTradeModel, region=NAMR.
2026-06-12T11:08:25.339+09:00  INFO 16804 --- [scheduling-1] c.p.f.app.FiccSurveillanceApplication    : ------------------------------------------------------------------------------------------
2026-06-12T11:08:25.357+09:00  INFO 16804 --- [scheduling-1] c.p.f.app.FiccSurveillanceApplication    : Loaded 18 trades: region=NAMR, businessDate=2026-06-05.
2026-06-12T11:08:25.451+09:00  INFO 16804 --- [scheduling-1] c.p.f.app.FiccSurveillanceApplication    : ------------------------------------------------------------------------------------------
2026-06-12T11:08:25.451+09:00  INFO 16804 --- [scheduling-1] c.p.f.app.FiccSurveillanceApplication    : Evaluated surveillance model and generated 2 alerts : region=NAMR, businessDate=2026-06-05.
2026-06-12T11:08:25.497+09:00  INFO 16804 --- [scheduling-1] c.p.ficc.io.AlertHistoryRepository       : Saved alert history: alertHistoryId=3, alertId=ficc_wash_alert_3, matchType=ONE_TIME_TRANSACTION, relatedTrades=2, appid=1, modelid=1, region=NAMR, businessDate=2026-06-05.
2026-06-12T11:08:25.537+09:00  INFO 16804 --- [scheduling-1] c.p.ficc.io.AlertHistoryRepository       : Saved alert history: alertHistoryId=4, alertId=ficc_wash_alert_4, matchType=CUMULATIVE_TRANSACTION, relatedTrades=4, appid=1, modelid=1, region=NAMR, businessDate=2026-06-05.
2026-06-12T11:08:25.537+09:00  INFO 16804 --- [scheduling-1] c.p.f.app.FiccSurveillanceApplication    : ------------------------------------------------------------------------------------------
2026-06-12T11:08:25.537+09:00  INFO 16804 --- [scheduling-1] c.p.f.app.FiccSurveillanceApplication    : Completed surveillance pipeline: tradesProcessed=18, alertsGenerated=2, alertsDispatched=2, duplicateAlerts=0, appid=1, modelid=1, region=NAMR, businessDate=2026-06-05.
2026-06-12T11:08:25.560+09:00  INFO 16804 --- [scheduling-1] c.p.ficc.app.FiccRunRequestWorker        : ------------------------------------------------------------------------------------------
2026-06-12T11:08:25.560+09:00  INFO 16804 --- [scheduling-1] c.p.ficc.app.FiccRunRequestWorker        : Run request 2 completed: tradesProcessed=18, alertsGenerated=2, alertsDispatched=2, duplicateAlerts=0.
2026-06-12T11:08:25.560+09:00  INFO 16804 --- [scheduling-1] c.p.ficc.app.FiccRunRequestWorker        : ------------------------------------------------------------------------------------------
2026-06-12T11:08:25.560+09:00  INFO 16804 --- [scheduling-1] c.p.ficc.app.FiccRunRequestWorker        : Run request 3 started: appid=1, region=NAMR, businessDate=2026-06-06.
2026-06-12T11:08:25.560+09:00  INFO 16804 --- [scheduling-1] c.p.f.app.FiccSurveillanceApplication    : ------------------------------------------------------------------------------------------
2026-06-12T11:08:25.560+09:00  INFO 16804 --- [scheduling-1] c.p.f.app.FiccSurveillanceApplication    : Starting surveillance pipeline: appid=1, region=NAMR, businessDate=2026-06-06.
2026-06-12T11:08:25.560+09:00  INFO 16804 --- [scheduling-1] c.p.f.app.FiccSurveillanceApplication    : ------------------------------------------------------------------------------------------
2026-06-12T11:08:25.575+09:00  INFO 16804 --- [scheduling-1] c.p.f.app.FiccSurveillanceApplication    : Resolved surveillance model: appid=1, modelid=1, modelCode=FICC_WASH_TRADE, modelClass=com.portfolio.ficc.surveillance.FiccWashTradeModel, region=NAMR.
2026-06-12T11:08:25.575+09:00  INFO 16804 --- [scheduling-1] c.p.f.app.FiccSurveillanceApplication    : ------------------------------------------------------------------------------------------
2026-06-12T11:08:25.591+09:00  INFO 16804 --- [scheduling-1] c.p.f.app.FiccSurveillanceApplication    : Loaded 27 trades: region=NAMR, businessDate=2026-06-06.
2026-06-12T11:08:25.702+09:00  INFO 16804 --- [scheduling-1] c.p.f.app.FiccSurveillanceApplication    : ------------------------------------------------------------------------------------------
2026-06-12T11:08:25.702+09:00  INFO 16804 --- [scheduling-1] c.p.f.app.FiccSurveillanceApplication    : Evaluated surveillance model and generated 2 alerts : region=NAMR, businessDate=2026-06-06.
2026-06-12T11:08:25.733+09:00  INFO 16804 --- [scheduling-1] c.p.ficc.io.AlertHistoryRepository       : Saved alert history: alertHistoryId=5, alertId=ficc_wash_alert_5, matchType=ONE_TIME_TRANSACTION, relatedTrades=2, appid=1, modelid=1, region=NAMR, businessDate=2026-06-06.
2026-06-12T11:08:25.775+09:00  INFO 16804 --- [scheduling-1] c.p.ficc.io.AlertHistoryRepository       : Saved alert history: alertHistoryId=6, alertId=ficc_wash_alert_6, matchType=CUMULATIVE_TRANSACTION, relatedTrades=4, appid=1, modelid=1, region=NAMR, businessDate=2026-06-06.
2026-06-12T11:08:25.775+09:00  INFO 16804 --- [scheduling-1] c.p.f.app.FiccSurveillanceApplication    : ------------------------------------------------------------------------------------------
2026-06-12T11:08:25.775+09:00  INFO 16804 --- [scheduling-1] c.p.f.app.FiccSurveillanceApplication    : Completed surveillance pipeline: tradesProcessed=27, alertsGenerated=2, alertsDispatched=2, duplicateAlerts=0, appid=1, modelid=1, region=NAMR, businessDate=2026-06-06.
2026-06-12T11:08:25.797+09:00  INFO 16804 --- [scheduling-1] c.p.ficc.app.FiccRunRequestWorker        : ------------------------------------------------------------------------------------------
2026-06-12T11:08:25.797+09:00  INFO 16804 --- [scheduling-1] c.p.ficc.app.FiccRunRequestWorker        : Run request 3 completed: tradesProcessed=27, alertsGenerated=2, alertsDispatched=2, duplicateAlerts=0.
2026-06-12T11:08:25.797+09:00  INFO 16804 --- [scheduling-1] c.p.ficc.app.FiccRunRequestWorker        : ------------------------------------------------------------------------------------------
2026-06-12T11:08:25.797+09:00  INFO 16804 --- [scheduling-1] c.p.ficc.app.FiccRunRequestWorker        : Run request 4 started: appid=1, region=NAMR, businessDate=2026-06-07.
2026-06-12T11:08:25.797+09:00  INFO 16804 --- [scheduling-1] c.p.f.app.FiccSurveillanceApplication    : ------------------------------------------------------------------------------------------
2026-06-12T11:08:25.797+09:00  INFO 16804 --- [scheduling-1] c.p.f.app.FiccSurveillanceApplication    : Starting surveillance pipeline: appid=1, region=NAMR, businessDate=2026-06-07.
2026-06-12T11:08:25.797+09:00  INFO 16804 --- [scheduling-1] c.p.f.app.FiccSurveillanceApplication    : ------------------------------------------------------------------------------------------
2026-06-12T11:08:25.813+09:00  INFO 16804 --- [scheduling-1] c.p.f.app.FiccSurveillanceApplication    : Resolved surveillance model: appid=1, modelid=1, modelCode=FICC_WASH_TRADE, modelClass=com.portfolio.ficc.surveillance.FiccWashTradeModel, region=NAMR.
2026-06-12T11:08:25.813+09:00  INFO 16804 --- [scheduling-1] c.p.f.app.FiccSurveillanceApplication    : ------------------------------------------------------------------------------------------
2026-06-12T11:08:25.837+09:00  INFO 16804 --- [scheduling-1] c.p.f.app.FiccSurveillanceApplication    : Loaded 34 trades: region=NAMR, businessDate=2026-06-07.
2026-06-12T11:08:25.940+09:00  INFO 16804 --- [scheduling-1] c.p.f.app.FiccSurveillanceApplication    : ------------------------------------------------------------------------------------------
2026-06-12T11:08:25.940+09:00  INFO 16804 --- [scheduling-1] c.p.f.app.FiccSurveillanceApplication    : Evaluated surveillance model and generated 2 alerts : region=NAMR, businessDate=2026-06-07.
2026-06-12T11:08:25.971+09:00  INFO 16804 --- [scheduling-1] c.p.ficc.io.AlertHistoryRepository       : Saved alert history: alertHistoryId=7, alertId=ficc_wash_alert_7, matchType=ONE_TIME_TRANSACTION, relatedTrades=2, appid=1, modelid=1, region=NAMR, businessDate=2026-06-07.
2026-06-12T11:08:26.000+09:00  INFO 16804 --- [scheduling-1] c.p.ficc.io.AlertHistoryRepository       : Saved alert history: alertHistoryId=8, alertId=ficc_wash_alert_8, matchType=CUMULATIVE_TRANSACTION, relatedTrades=4, appid=1, modelid=1, region=NAMR, businessDate=2026-06-07.
2026-06-12T11:08:26.001+09:00  INFO 16804 --- [scheduling-1] c.p.f.app.FiccSurveillanceApplication    : ------------------------------------------------------------------------------------------
2026-06-12T11:08:26.001+09:00  INFO 16804 --- [scheduling-1] c.p.f.app.FiccSurveillanceApplication    : Completed surveillance pipeline: tradesProcessed=34, alertsGenerated=2, alertsDispatched=2, duplicateAlerts=0, appid=1, modelid=1, region=NAMR, businessDate=2026-06-07.
2026-06-12T11:08:26.020+09:00  INFO 16804 --- [scheduling-1] c.p.ficc.app.FiccRunRequestWorker        : ------------------------------------------------------------------------------------------
2026-06-12T11:08:26.020+09:00  INFO 16804 --- [scheduling-1] c.p.ficc.app.FiccRunRequestWorker        : Run request 4 completed: tradesProcessed=34, alertsGenerated=2, alertsDispatched=2, duplicateAlerts=0.
2026-06-12T11:08:26.020+09:00  INFO 16804 --- [scheduling-1] c.p.ficc.app.FiccRunRequestWorker        : ------------------------------------------------------------------------------------------
2026-06-12T11:08:26.020+09:00  INFO 16804 --- [scheduling-1] c.p.ficc.app.FiccRunRequestWorker        : Run request 5 started: appid=1, region=NAMR, businessDate=2026-06-08.
2026-06-12T11:08:26.021+09:00  INFO 16804 --- [scheduling-1] c.p.f.app.FiccSurveillanceApplication    : ------------------------------------------------------------------------------------------
2026-06-12T11:08:26.021+09:00  INFO 16804 --- [scheduling-1] c.p.f.app.FiccSurveillanceApplication    : Starting surveillance pipeline: appid=1, region=NAMR, businessDate=2026-06-08.
2026-06-12T11:08:26.022+09:00  INFO 16804 --- [scheduling-1] c.p.f.app.FiccSurveillanceApplication    : ------------------------------------------------------------------------------------------
2026-06-12T11:08:26.033+09:00  INFO 16804 --- [scheduling-1] c.p.f.app.FiccSurveillanceApplication    : Resolved surveillance model: appid=1, modelid=1, modelCode=FICC_WASH_TRADE, modelClass=com.portfolio.ficc.surveillance.FiccWashTradeModel, region=NAMR.
2026-06-12T11:08:26.033+09:00  INFO 16804 --- [scheduling-1] c.p.f.app.FiccSurveillanceApplication    : ------------------------------------------------------------------------------------------
2026-06-12T11:08:26.044+09:00  INFO 16804 --- [scheduling-1] c.p.f.app.FiccSurveillanceApplication    : Loaded 40 trades: region=NAMR, businessDate=2026-06-08.
2026-06-12T11:08:26.103+09:00  INFO 16804 --- [scheduling-1] c.p.f.app.FiccSurveillanceApplication    : ------------------------------------------------------------------------------------------
2026-06-12T11:08:26.104+09:00  INFO 16804 --- [scheduling-1] c.p.f.app.FiccSurveillanceApplication    : Evaluated surveillance model and generated 2 alerts : region=NAMR, businessDate=2026-06-08.
2026-06-12T11:08:26.127+09:00  INFO 16804 --- [scheduling-1] c.p.ficc.io.AlertHistoryRepository       : Saved alert history: alertHistoryId=9, alertId=ficc_wash_alert_9, matchType=ONE_TIME_TRANSACTION, relatedTrades=2, appid=1, modelid=1, region=NAMR, businessDate=2026-06-08.
2026-06-12T11:08:26.153+09:00  INFO 16804 --- [scheduling-1] c.p.ficc.io.AlertHistoryRepository       : Saved alert history: alertHistoryId=10, alertId=ficc_wash_alert_10, matchType=CUMULATIVE_TRANSACTION, relatedTrades=4, appid=1, modelid=1, region=NAMR, businessDate=2026-06-08.
2026-06-12T11:08:26.154+09:00  INFO 16804 --- [scheduling-1] c.p.f.app.FiccSurveillanceApplication    : ------------------------------------------------------------------------------------------
2026-06-12T11:08:26.155+09:00  INFO 16804 --- [scheduling-1] c.p.f.app.FiccSurveillanceApplication    : Completed surveillance pipeline: tradesProcessed=40, alertsGenerated=2, alertsDispatched=2, duplicateAlerts=0, appid=1, modelid=1, region=NAMR, businessDate=2026-06-08.
2026-06-12T11:08:26.172+09:00  INFO 16804 --- [scheduling-1] c.p.ficc.app.FiccRunRequestWorker        : ------------------------------------------------------------------------------------------
2026-06-12T11:08:26.172+09:00  INFO 16804 --- [scheduling-1] c.p.ficc.app.FiccRunRequestWorker        : Run request 5 completed: tradesProcessed=40, alertsGenerated=2, alertsDispatched=2, duplicateAlerts=0.
2026-06-12T11:08:26.172+09:00  INFO 16804 --- [scheduling-1] c.p.ficc.app.FiccRunRequestWorker        : ------------------------------------------------------------------------------------------
2026-06-12T11:08:26.172+09:00  INFO 16804 --- [scheduling-1] c.p.ficc.app.FiccRunRequestWorker        : Run request 6 started: appid=2, region=EMEA, businessDate=2026-06-04.
2026-06-12T11:08:26.172+09:00  INFO 16804 --- [scheduling-1] c.p.f.app.FiccSurveillanceApplication    : ------------------------------------------------------------------------------------------
2026-06-12T11:08:26.172+09:00  INFO 16804 --- [scheduling-1] c.p.f.app.FiccSurveillanceApplication    : Starting surveillance pipeline: appid=2, region=EMEA, businessDate=2026-06-04.
2026-06-12T11:08:26.172+09:00  INFO 16804 --- [scheduling-1] c.p.f.app.FiccSurveillanceApplication    : ------------------------------------------------------------------------------------------
2026-06-12T11:08:26.184+09:00  INFO 16804 --- [scheduling-1] c.p.f.app.FiccSurveillanceApplication    : Resolved surveillance model: appid=2, modelid=1, modelCode=FICC_WASH_TRADE, modelClass=com.portfolio.ficc.surveillance.FiccWashTradeModel, region=EMEA.
2026-06-12T11:08:26.184+09:00  INFO 16804 --- [scheduling-1] c.p.f.app.FiccSurveillanceApplication    : ------------------------------------------------------------------------------------------
2026-06-12T11:08:26.195+09:00  INFO 16804 --- [scheduling-1] c.p.f.app.FiccSurveillanceApplication    : Loaded 0 trades: region=EMEA, businessDate=2026-06-04.
2026-06-12T11:08:26.195+09:00  INFO 16804 --- [scheduling-1] c.p.f.app.FiccSurveillanceApplication    : ------------------------------------------------------------------------------------------
2026-06-12T11:08:26.196+09:00  INFO 16804 --- [scheduling-1] c.p.f.app.FiccSurveillanceApplication    : Evaluated surveillance model and generated 0 alerts : region=EMEA, businessDate=2026-06-04.
2026-06-12T11:08:26.196+09:00  INFO 16804 --- [scheduling-1] c.p.f.app.FiccSurveillanceApplication    : ------------------------------------------------------------------------------------------
2026-06-12T11:08:26.196+09:00  INFO 16804 --- [scheduling-1] c.p.f.app.FiccSurveillanceApplication    : Completed surveillance pipeline: tradesProcessed=0, alertsGenerated=0, alertsDispatched=0, duplicateAlerts=0, appid=2, modelid=1, region=EMEA, businessDate=2026-06-04.
2026-06-12T11:08:26.212+09:00  INFO 16804 --- [scheduling-1] c.p.ficc.app.FiccRunRequestWorker        : ------------------------------------------------------------------------------------------
2026-06-12T11:08:26.212+09:00  INFO 16804 --- [scheduling-1] c.p.ficc.app.FiccRunRequestWorker        : Run request 6 completed: tradesProcessed=0, alertsGenerated=0, alertsDispatched=0, duplicateAlerts=0.
2026-06-12T11:08:26.212+09:00  INFO 16804 --- [scheduling-1] c.p.ficc.app.FiccRunRequestWorker        : ------------------------------------------------------------------------------------------
2026-06-12T11:08:26.212+09:00  INFO 16804 --- [scheduling-1] c.p.ficc.app.FiccRunRequestWorker        : Run request 7 started: appid=2, region=EMEA, businessDate=2026-06-05.
2026-06-12T11:08:26.213+09:00  INFO 16804 --- [scheduling-1] c.p.f.app.FiccSurveillanceApplication    : ------------------------------------------------------------------------------------------
2026-06-12T11:08:26.213+09:00  INFO 16804 --- [scheduling-1] c.p.f.app.FiccSurveillanceApplication    : Starting surveillance pipeline: appid=2, region=EMEA, businessDate=2026-06-05.
2026-06-12T11:08:26.213+09:00  INFO 16804 --- [scheduling-1] c.p.f.app.FiccSurveillanceApplication    : ------------------------------------------------------------------------------------------
2026-06-12T11:08:26.227+09:00  INFO 16804 --- [scheduling-1] c.p.f.app.FiccSurveillanceApplication    : Resolved surveillance model: appid=2, modelid=1, modelCode=FICC_WASH_TRADE, modelClass=com.portfolio.ficc.surveillance.FiccWashTradeModel, region=EMEA.
2026-06-12T11:08:26.227+09:00  INFO 16804 --- [scheduling-1] c.p.f.app.FiccSurveillanceApplication    : ------------------------------------------------------------------------------------------
2026-06-12T11:08:26.238+09:00  INFO 16804 --- [scheduling-1] c.p.f.app.FiccSurveillanceApplication    : Loaded 0 trades: region=EMEA, businessDate=2026-06-05.
2026-06-12T11:08:26.238+09:00  INFO 16804 --- [scheduling-1] c.p.f.app.FiccSurveillanceApplication    : ------------------------------------------------------------------------------------------
2026-06-12T11:08:26.238+09:00  INFO 16804 --- [scheduling-1] c.p.f.app.FiccSurveillanceApplication    : Evaluated surveillance model and generated 0 alerts : region=EMEA, businessDate=2026-06-05.
2026-06-12T11:08:26.238+09:00  INFO 16804 --- [scheduling-1] c.p.f.app.FiccSurveillanceApplication    : ------------------------------------------------------------------------------------------
2026-06-12T11:08:26.238+09:00  INFO 16804 --- [scheduling-1] c.p.f.app.FiccSurveillanceApplication    : Completed surveillance pipeline: tradesProcessed=0, alertsGenerated=0, alertsDispatched=0, duplicateAlerts=0, appid=2, modelid=1, region=EMEA, businessDate=2026-06-05.
2026-06-12T11:08:26.255+09:00  INFO 16804 --- [scheduling-1] c.p.ficc.app.FiccRunRequestWorker        : ------------------------------------------------------------------------------------------
2026-06-12T11:08:26.257+09:00  INFO 16804 --- [scheduling-1] c.p.ficc.app.FiccRunRequestWorker        : Run request 7 completed: tradesProcessed=0, alertsGenerated=0, alertsDispatched=0, duplicateAlerts=0.
2026-06-12T11:08:26.257+09:00  INFO 16804 --- [scheduling-1] c.p.ficc.app.FiccRunRequestWorker        : ------------------------------------------------------------------------------------------
2026-06-12T11:08:26.257+09:00  INFO 16804 --- [scheduling-1] c.p.ficc.app.FiccRunRequestWorker        : Run request 8 started: appid=2, region=EMEA, businessDate=2026-06-06.
2026-06-12T11:08:26.258+09:00  INFO 16804 --- [scheduling-1] c.p.f.app.FiccSurveillanceApplication    : ------------------------------------------------------------------------------------------
2026-06-12T11:08:26.258+09:00  INFO 16804 --- [scheduling-1] c.p.f.app.FiccSurveillanceApplication    : Starting surveillance pipeline: appid=2, region=EMEA, businessDate=2026-06-06.
2026-06-12T11:08:26.258+09:00  INFO 16804 --- [scheduling-1] c.p.f.app.FiccSurveillanceApplication    : ------------------------------------------------------------------------------------------
2026-06-12T11:08:26.270+09:00  INFO 16804 --- [scheduling-1] c.p.f.app.FiccSurveillanceApplication    : Resolved surveillance model: appid=2, modelid=1, modelCode=FICC_WASH_TRADE, modelClass=com.portfolio.ficc.surveillance.FiccWashTradeModel, region=EMEA.
2026-06-12T11:08:26.270+09:00  INFO 16804 --- [scheduling-1] c.p.f.app.FiccSurveillanceApplication    : ------------------------------------------------------------------------------------------
2026-06-12T11:08:26.281+09:00  INFO 16804 --- [scheduling-1] c.p.f.app.FiccSurveillanceApplication    : Loaded 0 trades: region=EMEA, businessDate=2026-06-06.
2026-06-12T11:08:26.281+09:00  INFO 16804 --- [scheduling-1] c.p.f.app.FiccSurveillanceApplication    : ------------------------------------------------------------------------------------------
2026-06-12T11:08:26.281+09:00  INFO 16804 --- [scheduling-1] c.p.f.app.FiccSurveillanceApplication    : Evaluated surveillance model and generated 0 alerts : region=EMEA, businessDate=2026-06-06.
2026-06-12T11:08:26.281+09:00  INFO 16804 --- [scheduling-1] c.p.f.app.FiccSurveillanceApplication    : ------------------------------------------------------------------------------------------
2026-06-12T11:08:26.281+09:00  INFO 16804 --- [scheduling-1] c.p.f.app.FiccSurveillanceApplication    : Completed surveillance pipeline: tradesProcessed=0, alertsGenerated=0, alertsDispatched=0, duplicateAlerts=0, appid=2, modelid=1, region=EMEA, businessDate=2026-06-06.
2026-06-12T11:08:26.298+09:00  INFO 16804 --- [scheduling-1] c.p.ficc.app.FiccRunRequestWorker        : ------------------------------------------------------------------------------------------
2026-06-12T11:08:26.298+09:00  INFO 16804 --- [scheduling-1] c.p.ficc.app.FiccRunRequestWorker        : Run request 8 completed: tradesProcessed=0, alertsGenerated=0, alertsDispatched=0, duplicateAlerts=0.
2026-06-12T11:08:26.299+09:00  INFO 16804 --- [scheduling-1] c.p.ficc.app.FiccRunRequestWorker        : ------------------------------------------------------------------------------------------
2026-06-12T11:08:26.299+09:00  INFO 16804 --- [scheduling-1] c.p.ficc.app.FiccRunRequestWorker        : Run request 9 started: appid=2, region=EMEA, businessDate=2026-06-07.
2026-06-12T11:08:26.299+09:00  INFO 16804 --- [scheduling-1] c.p.f.app.FiccSurveillanceApplication    : ------------------------------------------------------------------------------------------
2026-06-12T11:08:26.299+09:00  INFO 16804 --- [scheduling-1] c.p.f.app.FiccSurveillanceApplication    : Starting surveillance pipeline: appid=2, region=EMEA, businessDate=2026-06-07.
2026-06-12T11:08:26.299+09:00  INFO 16804 --- [scheduling-1] c.p.f.app.FiccSurveillanceApplication    : ------------------------------------------------------------------------------------------
2026-06-12T11:08:26.312+09:00  INFO 16804 --- [scheduling-1] c.p.f.app.FiccSurveillanceApplication    : Resolved surveillance model: appid=2, modelid=1, modelCode=FICC_WASH_TRADE, modelClass=com.portfolio.ficc.surveillance.FiccWashTradeModel, region=EMEA.
2026-06-12T11:08:26.312+09:00  INFO 16804 --- [scheduling-1] c.p.f.app.FiccSurveillanceApplication    : ------------------------------------------------------------------------------------------
2026-06-12T11:08:26.328+09:00  INFO 16804 --- [scheduling-1] c.p.f.app.FiccSurveillanceApplication    : Loaded 0 trades: region=EMEA, businessDate=2026-06-07.
2026-06-12T11:08:26.328+09:00  INFO 16804 --- [scheduling-1] c.p.f.app.FiccSurveillanceApplication    : ------------------------------------------------------------------------------------------
2026-06-12T11:08:26.328+09:00  INFO 16804 --- [scheduling-1] c.p.f.app.FiccSurveillanceApplication    : Evaluated surveillance model and generated 0 alerts : region=EMEA, businessDate=2026-06-07.
2026-06-12T11:08:26.328+09:00  INFO 16804 --- [scheduling-1] c.p.f.app.FiccSurveillanceApplication    : ------------------------------------------------------------------------------------------
2026-06-12T11:08:26.328+09:00  INFO 16804 --- [scheduling-1] c.p.f.app.FiccSurveillanceApplication    : Completed surveillance pipeline: tradesProcessed=0, alertsGenerated=0, alertsDispatched=0, duplicateAlerts=0, appid=2, modelid=1, region=EMEA, businessDate=2026-06-07.
2026-06-12T11:08:26.344+09:00  INFO 16804 --- [scheduling-1] c.p.ficc.app.FiccRunRequestWorker        : ------------------------------------------------------------------------------------------
2026-06-12T11:08:26.344+09:00  INFO 16804 --- [scheduling-1] c.p.ficc.app.FiccRunRequestWorker        : Run request 9 completed: tradesProcessed=0, alertsGenerated=0, alertsDispatched=0, duplicateAlerts=0.
2026-06-12T11:08:26.345+09:00  INFO 16804 --- [scheduling-1] c.p.ficc.app.FiccRunRequestWorker        : ------------------------------------------------------------------------------------------
2026-06-12T11:08:26.345+09:00  INFO 16804 --- [scheduling-1] c.p.ficc.app.FiccRunRequestWorker        : Run request 10 started: appid=2, region=EMEA, businessDate=2026-06-08.
2026-06-12T11:08:26.345+09:00  INFO 16804 --- [scheduling-1] c.p.f.app.FiccSurveillanceApplication    : ------------------------------------------------------------------------------------------
2026-06-12T11:08:26.345+09:00  INFO 16804 --- [scheduling-1] c.p.f.app.FiccSurveillanceApplication    : Starting surveillance pipeline: appid=2, region=EMEA, businessDate=2026-06-08.
2026-06-12T11:08:26.345+09:00  INFO 16804 --- [scheduling-1] c.p.f.app.FiccSurveillanceApplication    : ------------------------------------------------------------------------------------------
2026-06-12T11:08:26.357+09:00  INFO 16804 --- [scheduling-1] c.p.f.app.FiccSurveillanceApplication    : Resolved surveillance model: appid=2, modelid=1, modelCode=FICC_WASH_TRADE, modelClass=com.portfolio.ficc.surveillance.FiccWashTradeModel, region=EMEA.
2026-06-12T11:08:26.357+09:00  INFO 16804 --- [scheduling-1] c.p.f.app.FiccSurveillanceApplication    : ------------------------------------------------------------------------------------------
2026-06-12T11:08:26.367+09:00  INFO 16804 --- [scheduling-1] c.p.f.app.FiccSurveillanceApplication    : Loaded 0 trades: region=EMEA, businessDate=2026-06-08.
2026-06-12T11:08:26.368+09:00  INFO 16804 --- [scheduling-1] c.p.f.app.FiccSurveillanceApplication    : ------------------------------------------------------------------------------------------
2026-06-12T11:08:26.368+09:00  INFO 16804 --- [scheduling-1] c.p.f.app.FiccSurveillanceApplication    : Evaluated surveillance model and generated 0 alerts : region=EMEA, businessDate=2026-06-08.
2026-06-12T11:08:26.368+09:00  INFO 16804 --- [scheduling-1] c.p.f.app.FiccSurveillanceApplication    : ------------------------------------------------------------------------------------------
2026-06-12T11:08:26.368+09:00  INFO 16804 --- [scheduling-1] c.p.f.app.FiccSurveillanceApplication    : Completed surveillance pipeline: tradesProcessed=0, alertsGenerated=0, alertsDispatched=0, duplicateAlerts=0, appid=2, modelid=1, region=EMEA, businessDate=2026-06-08.
2026-06-12T11:08:26.387+09:00  INFO 16804 --- [scheduling-1] c.p.ficc.app.FiccRunRequestWorker        : ------------------------------------------------------------------------------------------
2026-06-12T11:08:26.387+09:00  INFO 16804 --- [scheduling-1] c.p.ficc.app.FiccRunRequestWorker        : Run request 10 completed: tradesProcessed=0, alertsGenerated=0, alertsDispatched=0, duplicateAlerts=0.
2026-06-12T11:08:26.387+09:00  INFO 16804 --- [scheduling-1] c.p.ficc.app.FiccRunRequestWorker        : ------------------------------------------------------------------------------------------
2026-06-12T11:08:26.387+09:00  INFO 16804 --- [scheduling-1] c.p.ficc.app.FiccRunRequestWorker        : Run request 11 started: appid=3, region=APAC, businessDate=2026-06-04.
2026-06-12T11:08:26.387+09:00  INFO 16804 --- [scheduling-1] c.p.f.app.FiccSurveillanceApplication    : ------------------------------------------------------------------------------------------
2026-06-12T11:08:26.387+09:00  INFO 16804 --- [scheduling-1] c.p.f.app.FiccSurveillanceApplication    : Starting surveillance pipeline: appid=3, region=APAC, businessDate=2026-06-04.
2026-06-12T11:08:26.387+09:00  INFO 16804 --- [scheduling-1] c.p.f.app.FiccSurveillanceApplication    : ------------------------------------------------------------------------------------------
2026-06-12T11:08:26.397+09:00  INFO 16804 --- [scheduling-1] c.p.f.app.FiccSurveillanceApplication    : Resolved surveillance model: appid=3, modelid=1, modelCode=FICC_WASH_TRADE, modelClass=com.portfolio.ficc.surveillance.FiccWashTradeModel, region=APAC.
2026-06-12T11:08:26.397+09:00  INFO 16804 --- [scheduling-1] c.p.f.app.FiccSurveillanceApplication    : ------------------------------------------------------------------------------------------
2026-06-12T11:08:26.406+09:00  INFO 16804 --- [scheduling-1] c.p.f.app.FiccSurveillanceApplication    : Loaded 0 trades: region=APAC, businessDate=2026-06-04.
2026-06-12T11:08:26.406+09:00  INFO 16804 --- [scheduling-1] c.p.f.app.FiccSurveillanceApplication    : ------------------------------------------------------------------------------------------
2026-06-12T11:08:26.406+09:00  INFO 16804 --- [scheduling-1] c.p.f.app.FiccSurveillanceApplication    : Evaluated surveillance model and generated 0 alerts : region=APAC, businessDate=2026-06-04.
2026-06-12T11:08:26.406+09:00  INFO 16804 --- [scheduling-1] c.p.f.app.FiccSurveillanceApplication    : ------------------------------------------------------------------------------------------
2026-06-12T11:08:26.407+09:00  INFO 16804 --- [scheduling-1] c.p.f.app.FiccSurveillanceApplication    : Completed surveillance pipeline: tradesProcessed=0, alertsGenerated=0, alertsDispatched=0, duplicateAlerts=0, appid=3, modelid=1, region=APAC, businessDate=2026-06-04.
2026-06-12T11:08:26.422+09:00  INFO 16804 --- [scheduling-1] c.p.ficc.app.FiccRunRequestWorker        : ------------------------------------------------------------------------------------------
2026-06-12T11:08:26.422+09:00  INFO 16804 --- [scheduling-1] c.p.ficc.app.FiccRunRequestWorker        : Run request 11 completed: tradesProcessed=0, alertsGenerated=0, alertsDispatched=0, duplicateAlerts=0.
2026-06-12T11:08:26.423+09:00  INFO 16804 --- [scheduling-1] c.p.ficc.app.FiccRunRequestWorker        : ------------------------------------------------------------------------------------------
2026-06-12T11:08:26.423+09:00  INFO 16804 --- [scheduling-1] c.p.ficc.app.FiccRunRequestWorker        : Run request 12 started: appid=3, region=APAC, businessDate=2026-06-05.
2026-06-12T11:08:26.423+09:00  INFO 16804 --- [scheduling-1] c.p.f.app.FiccSurveillanceApplication    : ------------------------------------------------------------------------------------------
2026-06-12T11:08:26.423+09:00  INFO 16804 --- [scheduling-1] c.p.f.app.FiccSurveillanceApplication    : Starting surveillance pipeline: appid=3, region=APAC, businessDate=2026-06-05.
2026-06-12T11:08:26.423+09:00  INFO 16804 --- [scheduling-1] c.p.f.app.FiccSurveillanceApplication    : ------------------------------------------------------------------------------------------
2026-06-12T11:08:26.433+09:00  INFO 16804 --- [scheduling-1] c.p.f.app.FiccSurveillanceApplication    : Resolved surveillance model: appid=3, modelid=1, modelCode=FICC_WASH_TRADE, modelClass=com.portfolio.ficc.surveillance.FiccWashTradeModel, region=APAC.
2026-06-12T11:08:26.433+09:00  INFO 16804 --- [scheduling-1] c.p.f.app.FiccSurveillanceApplication    : ------------------------------------------------------------------------------------------
2026-06-12T11:08:26.442+09:00  INFO 16804 --- [scheduling-1] c.p.f.app.FiccSurveillanceApplication    : Loaded 0 trades: region=APAC, businessDate=2026-06-05.
2026-06-12T11:08:26.442+09:00  INFO 16804 --- [scheduling-1] c.p.f.app.FiccSurveillanceApplication    : ------------------------------------------------------------------------------------------
2026-06-12T11:08:26.442+09:00  INFO 16804 --- [scheduling-1] c.p.f.app.FiccSurveillanceApplication    : Evaluated surveillance model and generated 0 alerts : region=APAC, businessDate=2026-06-05.
2026-06-12T11:08:26.442+09:00  INFO 16804 --- [scheduling-1] c.p.f.app.FiccSurveillanceApplication    : ------------------------------------------------------------------------------------------
2026-06-12T11:08:26.442+09:00  INFO 16804 --- [scheduling-1] c.p.f.app.FiccSurveillanceApplication    : Completed surveillance pipeline: tradesProcessed=0, alertsGenerated=0, alertsDispatched=0, duplicateAlerts=0, appid=3, modelid=1, region=APAC, businessDate=2026-06-05.
2026-06-12T11:08:26.456+09:00  INFO 16804 --- [scheduling-1] c.p.ficc.app.FiccRunRequestWorker        : ------------------------------------------------------------------------------------------
2026-06-12T11:08:26.457+09:00  INFO 16804 --- [scheduling-1] c.p.ficc.app.FiccRunRequestWorker        : Run request 12 completed: tradesProcessed=0, alertsGenerated=0, alertsDispatched=0, duplicateAlerts=0.
2026-06-12T11:08:26.457+09:00  INFO 16804 --- [scheduling-1] c.p.ficc.app.FiccRunRequestWorker        : ------------------------------------------------------------------------------------------
2026-06-12T11:08:26.457+09:00  INFO 16804 --- [scheduling-1] c.p.ficc.app.FiccRunRequestWorker        : Run request 13 started: appid=3, region=APAC, businessDate=2026-06-06.
2026-06-12T11:08:26.457+09:00  INFO 16804 --- [scheduling-1] c.p.f.app.FiccSurveillanceApplication    : ------------------------------------------------------------------------------------------
2026-06-12T11:08:26.457+09:00  INFO 16804 --- [scheduling-1] c.p.f.app.FiccSurveillanceApplication    : Starting surveillance pipeline: appid=3, region=APAC, businessDate=2026-06-06.
2026-06-12T11:08:26.457+09:00  INFO 16804 --- [scheduling-1] c.p.f.app.FiccSurveillanceApplication    : ------------------------------------------------------------------------------------------
2026-06-12T11:08:26.468+09:00  INFO 16804 --- [scheduling-1] c.p.f.app.FiccSurveillanceApplication    : Resolved surveillance model: appid=3, modelid=1, modelCode=FICC_WASH_TRADE, modelClass=com.portfolio.ficc.surveillance.FiccWashTradeModel, region=APAC.
2026-06-12T11:08:26.468+09:00  INFO 16804 --- [scheduling-1] c.p.f.app.FiccSurveillanceApplication    : ------------------------------------------------------------------------------------------
2026-06-12T11:08:26.480+09:00  INFO 16804 --- [scheduling-1] c.p.f.app.FiccSurveillanceApplication    : Loaded 1 trades: region=APAC, businessDate=2026-06-06.
2026-06-12T11:08:26.532+09:00  INFO 16804 --- [scheduling-1] c.p.f.app.FiccSurveillanceApplication    : ------------------------------------------------------------------------------------------
2026-06-12T11:08:26.532+09:00  INFO 16804 --- [scheduling-1] c.p.f.app.FiccSurveillanceApplication    : Evaluated surveillance model and generated 0 alerts : region=APAC, businessDate=2026-06-06.
2026-06-12T11:08:26.532+09:00  INFO 16804 --- [scheduling-1] c.p.f.app.FiccSurveillanceApplication    : ------------------------------------------------------------------------------------------
2026-06-12T11:08:26.532+09:00  INFO 16804 --- [scheduling-1] c.p.f.app.FiccSurveillanceApplication    : Completed surveillance pipeline: tradesProcessed=1, alertsGenerated=0, alertsDispatched=0, duplicateAlerts=0, appid=3, modelid=1, region=APAC, businessDate=2026-06-06.
2026-06-12T11:08:26.551+09:00  INFO 16804 --- [scheduling-1] c.p.ficc.app.FiccRunRequestWorker        : ------------------------------------------------------------------------------------------
2026-06-12T11:08:26.551+09:00  INFO 16804 --- [scheduling-1] c.p.ficc.app.FiccRunRequestWorker        : Run request 13 completed: tradesProcessed=1, alertsGenerated=0, alertsDispatched=0, duplicateAlerts=0.
2026-06-12T11:08:26.552+09:00  INFO 16804 --- [scheduling-1] c.p.ficc.app.FiccRunRequestWorker        : ------------------------------------------------------------------------------------------
2026-06-12T11:08:26.552+09:00  INFO 16804 --- [scheduling-1] c.p.ficc.app.FiccRunRequestWorker        : Run request 14 started: appid=3, region=APAC, businessDate=2026-06-07.
2026-06-12T11:08:26.552+09:00  INFO 16804 --- [scheduling-1] c.p.f.app.FiccSurveillanceApplication    : ------------------------------------------------------------------------------------------
2026-06-12T11:08:26.552+09:00  INFO 16804 --- [scheduling-1] c.p.f.app.FiccSurveillanceApplication    : Starting surveillance pipeline: appid=3, region=APAC, businessDate=2026-06-07.
2026-06-12T11:08:26.552+09:00  INFO 16804 --- [scheduling-1] c.p.f.app.FiccSurveillanceApplication    : ------------------------------------------------------------------------------------------
2026-06-12T11:08:26.564+09:00  INFO 16804 --- [scheduling-1] c.p.f.app.FiccSurveillanceApplication    : Resolved surveillance model: appid=3, modelid=1, modelCode=FICC_WASH_TRADE, modelClass=com.portfolio.ficc.surveillance.FiccWashTradeModel, region=APAC.
2026-06-12T11:08:26.564+09:00  INFO 16804 --- [scheduling-1] c.p.f.app.FiccSurveillanceApplication    : ------------------------------------------------------------------------------------------
2026-06-12T11:08:26.574+09:00  INFO 16804 --- [scheduling-1] c.p.f.app.FiccSurveillanceApplication    : Loaded 2 trades: region=APAC, businessDate=2026-06-07.
2026-06-12T11:08:26.620+09:00  INFO 16804 --- [scheduling-1] c.p.f.app.FiccSurveillanceApplication    : ------------------------------------------------------------------------------------------
2026-06-12T11:08:26.620+09:00  INFO 16804 --- [scheduling-1] c.p.f.app.FiccSurveillanceApplication    : Evaluated surveillance model and generated 0 alerts : region=APAC, businessDate=2026-06-07.
2026-06-12T11:08:26.620+09:00  INFO 16804 --- [scheduling-1] c.p.f.app.FiccSurveillanceApplication    : ------------------------------------------------------------------------------------------
2026-06-12T11:08:26.620+09:00  INFO 16804 --- [scheduling-1] c.p.f.app.FiccSurveillanceApplication    : Completed surveillance pipeline: tradesProcessed=2, alertsGenerated=0, alertsDispatched=0, duplicateAlerts=0, appid=3, modelid=1, region=APAC, businessDate=2026-06-07.
2026-06-12T11:08:26.634+09:00  INFO 16804 --- [scheduling-1] c.p.ficc.app.FiccRunRequestWorker        : ------------------------------------------------------------------------------------------
2026-06-12T11:08:26.634+09:00  INFO 16804 --- [scheduling-1] c.p.ficc.app.FiccRunRequestWorker        : Run request 14 completed: tradesProcessed=2, alertsGenerated=0, alertsDispatched=0, duplicateAlerts=0.
2026-06-12T11:08:26.635+09:00  INFO 16804 --- [scheduling-1] c.p.ficc.app.FiccRunRequestWorker        : ------------------------------------------------------------------------------------------
2026-06-12T11:08:26.635+09:00  INFO 16804 --- [scheduling-1] c.p.ficc.app.FiccRunRequestWorker        : Run request 15 started: appid=3, region=APAC, businessDate=2026-06-08.
2026-06-12T11:08:26.635+09:00  INFO 16804 --- [scheduling-1] c.p.f.app.FiccSurveillanceApplication    : ------------------------------------------------------------------------------------------
2026-06-12T11:08:26.635+09:00  INFO 16804 --- [scheduling-1] c.p.f.app.FiccSurveillanceApplication    : Starting surveillance pipeline: appid=3, region=APAC, businessDate=2026-06-08.
2026-06-12T11:08:26.635+09:00  INFO 16804 --- [scheduling-1] c.p.f.app.FiccSurveillanceApplication    : ------------------------------------------------------------------------------------------
2026-06-12T11:08:26.643+09:00  INFO 16804 --- [scheduling-1] c.p.f.app.FiccSurveillanceApplication    : Resolved surveillance model: appid=3, modelid=1, modelCode=FICC_WASH_TRADE, modelClass=com.portfolio.ficc.surveillance.FiccWashTradeModel, region=APAC.
2026-06-12T11:08:26.643+09:00  INFO 16804 --- [scheduling-1] c.p.f.app.FiccSurveillanceApplication    : ------------------------------------------------------------------------------------------
2026-06-12T11:08:26.653+09:00  INFO 16804 --- [scheduling-1] c.p.f.app.FiccSurveillanceApplication    : Loaded 8 trades: region=APAC, businessDate=2026-06-08.
2026-06-12T11:08:26.695+09:00  INFO 16804 --- [scheduling-1] c.p.f.app.FiccSurveillanceApplication    : ------------------------------------------------------------------------------------------
2026-06-12T11:08:26.695+09:00  INFO 16804 --- [scheduling-1] c.p.f.app.FiccSurveillanceApplication    : Evaluated surveillance model and generated 2 alerts : region=APAC, businessDate=2026-06-08.
2026-06-12T11:08:26.717+09:00  INFO 16804 --- [scheduling-1] c.p.ficc.io.AlertHistoryRepository       : Saved alert history: alertHistoryId=11, alertId=ficc_wash_alert_11, matchType=ONE_TIME_TRANSACTION, relatedTrades=2, appid=3, modelid=1, region=APAC, businessDate=2026-06-08.
2026-06-12T11:08:26.744+09:00  INFO 16804 --- [scheduling-1] c.p.ficc.io.AlertHistoryRepository       : Saved alert history: alertHistoryId=12, alertId=ficc_wash_alert_12, matchType=CUMULATIVE_TRANSACTION, relatedTrades=4, appid=3, modelid=1, region=APAC, businessDate=2026-06-08.
2026-06-12T11:08:26.745+09:00  INFO 16804 --- [scheduling-1] c.p.f.app.FiccSurveillanceApplication    : ------------------------------------------------------------------------------------------
2026-06-12T11:08:26.745+09:00  INFO 16804 --- [scheduling-1] c.p.f.app.FiccSurveillanceApplication    : Completed surveillance pipeline: tradesProcessed=8, alertsGenerated=2, alertsDispatched=2, duplicateAlerts=0, appid=3, modelid=1, region=APAC, businessDate=2026-06-08.
2026-06-12T11:08:26.763+09:00  INFO 16804 --- [scheduling-1] c.p.ficc.app.FiccRunRequestWorker        : ------------------------------------------------------------------------------------------
2026-06-12T11:08:26.763+09:00  INFO 16804 --- [scheduling-1] c.p.ficc.app.FiccRunRequestWorker        : Run request 15 completed: tradesProcessed=8, alertsGenerated=2, alertsDispatched=2, duplicateAlerts=0.
2026-06-12T11:08:26.763+09:00  INFO 16804 --- [scheduling-1] c.p.ficc.app.FiccRunRequestWorker        : ------------------------------------------------------------------------------------------
2026-06-12T11:08:26.764+09:00  INFO 16804 --- [scheduling-1] c.p.ficc.app.FiccRunRequestWorker        : Finished processing claimed surveillance requests.
2026-06-12T11:08:31.420+09:00  INFO 16804 --- [http-nio-8080-exec-3] o.a.c.c.C.[Tomcat].[localhost].[/]       : Initializing Spring DispatcherServlet 'dispatcherServlet'
2026-06-12T11:08:31.420+09:00  INFO 16804 --- [http-nio-8080-exec-3] o.s.web.servlet.DispatcherServlet        : Initializing Servlet 'dispatcherServlet'
2026-06-12T11:08:31.435+09:00  INFO 16804 --- [http-nio-8080-exec-3] o.s.web.servlet.DispatcherServlet        : Completed initialization in 0 ms
2026-06-12T11:08:31.765+09:00  INFO 16804 --- [scheduling-1] c.p.ficc.app.FiccRunRequestWorker        : Starting surveillance run request worker.
2026-06-12T11:08:31.780+09:00  INFO 16804 --- [scheduling-1] c.p.ficc.app.FiccRunRequestWorker        : No pending or failed surveillance run request found.
2026-06-12T11:08:36.798+09:00  INFO 16804 --- [scheduling-1] c.p.ficc.app.FiccRunRequestWorker        : Starting surveillance run request worker.
2026-06-12T11:08:36.827+09:00  INFO 16804 --- [scheduling-1] c.p.ficc.app.FiccRunRequestWorker        : No pending or failed surveillance run request found.
2026-06-12T11:08:41.833+09:00  INFO 16804 --- [scheduling-1] c.p.ficc.app.FiccRunRequestWorker        : Starting surveillance run request worker.
2026-06-12T11:08:41.864+09:00  INFO 16804 --- [scheduling-1] c.p.ficc.app.FiccRunRequestWorker        : No pending or failed surveillance run request found.
2026-06-12T11:08:46.870+09:00  INFO 16804 --- [scheduling-1] c.p.ficc.app.FiccRunRequestWorker        : Starting surveillance run request worker.
2026-06-12T11:08:46.895+09:00  INFO 16804 --- [scheduling-1] c.p.ficc.app.FiccRunRequestWorker        : No pending or failed surveillance run request found.
2026-06-12T11:08:51.899+09:00  INFO 16804 --- [scheduling-1] c.p.ficc.app.FiccRunRequestWorker        : Starting surveillance run request worker.
2026-06-12T11:08:51.926+09:00  INFO 16804 --- [scheduling-1] c.p.ficc.app.FiccRunRequestWorker        : No pending or failed surveillance run request found.
2026-06-12T11:08:56.935+09:00  INFO 16804 --- [scheduling-1] c.p.ficc.app.FiccRunRequestWorker        : Starting surveillance run request worker.
2026-06-12T11:08:57.057+09:00  INFO 16804 --- [scheduling-1] c.p.ficc.app.FiccRunRequestWorker        : No pending or failed surveillance run request found.
2026-06-12T11:09:02.069+09:00  INFO 16804 --- [scheduling-1] c.p.ficc.app.FiccRunRequestWorker        : Starting surveillance run request worker.
2026-06-12T11:09:02.097+09:00  INFO 16804 --- [scheduling-1] c.p.ficc.app.FiccRunRequestWorker        : No pending or failed surveillance run request found.
2026-06-12T11:09:07.099+09:00  INFO 16804 --- [scheduling-1] c.p.ficc.app.FiccRunRequestWorker        : Starting surveillance run request worker.
2026-06-12T11:09:07.121+09:00  INFO 16804 --- [scheduling-1] c.p.ficc.app.FiccRunRequestWorker        : No pending or failed surveillance run request found.
2026-06-12T11:09:12.132+09:00  INFO 16804 --- [scheduling-1] c.p.ficc.app.FiccRunRequestWorker        : Starting surveillance run request worker.
2026-06-12T11:09:12.149+09:00  INFO 16804 --- [scheduling-1] c.p.ficc.app.FiccRunRequestWorker        : No pending or failed surveillance run request found.
2026-06-12T11:09:17.161+09:00  INFO 16804 --- [scheduling-1] c.p.ficc.app.FiccRunRequestWorker        : Starting surveillance run request worker.
2026-06-12T11:09:17.187+09:00  INFO 16804 --- [scheduling-1] c.p.ficc.app.FiccRunRequestWorker        : No pending or failed surveillance run request found.
2026-06-12T11:09:22.191+09:00  INFO 16804 --- [scheduling-1] c.p.ficc.app.FiccRunRequestWorker        : Starting surveillance run request worker.
2026-06-12T11:09:22.216+09:00  INFO 16804 --- [scheduling-1] c.p.ficc.app.FiccRunRequestWorker        : No pending or failed surveillance run request found.
2026-06-12T11:09:27.222+09:00  INFO 16804 --- [scheduling-1] c.p.ficc.app.FiccRunRequestWorker        : Starting surveillance run request worker.
2026-06-12T11:09:27.241+09:00  INFO 16804 --- [scheduling-1] c.p.ficc.app.FiccRunRequestWorker        : No pending or failed surveillance run request found.
2026-06-12T11:09:32.248+09:00  INFO 16804 --- [scheduling-1] c.p.ficc.app.FiccRunRequestWorker        : Starting surveillance run request worker.
2026-06-12T11:09:32.264+09:00  INFO 16804 --- [scheduling-1] c.p.ficc.app.FiccRunRequestWorker        : No pending or failed surveillance run request found.
2026-06-12T11:09:37.265+09:00  INFO 16804 --- [scheduling-1] c.p.ficc.app.FiccRunRequestWorker        : Starting surveillance run request worker.
2026-06-12T11:09:37.284+09:00  INFO 16804 --- [scheduling-1] c.p.ficc.app.FiccRunRequestWorker        : No pending or failed surveillance run request found.
2026-06-12T11:09:42.298+09:00  INFO 16804 --- [scheduling-1] c.p.ficc.app.FiccRunRequestWorker        : Starting surveillance run request worker.
2026-06-12T11:09:42.321+09:00  INFO 16804 --- [scheduling-1] c.p.ficc.app.FiccRunRequestWorker        : No pending or failed surveillance run request found.
2026-06-12T11:09:47.331+09:00  INFO 16804 --- [scheduling-1] c.p.ficc.app.FiccRunRequestWorker        : Starting surveillance run request worker.
2026-06-12T11:09:47.350+09:00  INFO 16804 --- [scheduling-1] c.p.ficc.app.FiccRunRequestWorker        : No pending or failed surveillance run request found.
2026-06-12T11:09:52.357+09:00  INFO 16804 --- [scheduling-1] c.p.ficc.app.FiccRunRequestWorker        : Starting surveillance run request worker.
2026-06-12T11:09:52.380+09:00  INFO 16804 --- [scheduling-1] c.p.ficc.app.FiccRunRequestWorker        : No pending or failed surveillance run request found.
2026-06-12T11:09:57.403+09:00  INFO 16804 --- [scheduling-1] c.p.ficc.app.FiccRunRequestWorker        : Starting surveillance run request worker.
2026-06-12T11:09:57.421+09:00  INFO 16804 --- [scheduling-1] c.p.ficc.app.FiccRunRequestWorker        : No pending or failed surveillance run request found.
2026-06-12T11:10:02.427+09:00  INFO 16804 --- [scheduling-1] c.p.ficc.app.FiccRunRequestWorker        : Starting surveillance run request worker.
2026-06-12T11:10:02.442+09:00  INFO 16804 --- [scheduling-1] c.p.ficc.app.FiccRunRequestWorker        : No pending or failed surveillance run request found.
2026-06-12T11:10:07.452+09:00  INFO 16804 --- [scheduling-1] c.p.ficc.app.FiccRunRequestWorker        : Starting surveillance run request worker.
2026-06-12T11:10:07.472+09:00  INFO 16804 --- [scheduling-1] c.p.ficc.app.FiccRunRequestWorker        : No pending or failed surveillance run request found.
2026-06-12T11:10:12.476+09:00  INFO 16804 --- [scheduling-1] c.p.ficc.app.FiccRunRequestWorker        : Starting surveillance run request worker.
2026-06-12T11:10:12.503+09:00  INFO 16804 --- [scheduling-1] c.p.ficc.app.FiccRunRequestWorker        : No pending or failed surveillance run request found.
2026-06-12T11:10:17.508+09:00  INFO 16804 --- [scheduling-1] c.p.ficc.app.FiccRunRequestWorker        : Starting surveillance run request worker.
2026-06-12T11:10:17.523+09:00  INFO 16804 --- [scheduling-1] c.p.ficc.app.FiccRunRequestWorker        : No pending or failed surveillance run request found.
2026-06-12T11:10:22.532+09:00  INFO 16804 --- [scheduling-1] c.p.ficc.app.FiccRunRequestWorker        : Starting surveillance run request worker.
2026-06-12T11:10:22.555+09:00  INFO 16804 --- [scheduling-1] c.p.ficc.app.FiccRunRequestWorker        : No pending or failed surveillance run request found.
2026-06-12T11:10:27.558+09:00  INFO 16804 --- [scheduling-1] c.p.ficc.app.FiccRunRequestWorker        : Starting surveillance run request worker.
2026-06-12T11:10:27.577+09:00  INFO 16804 --- [scheduling-1] c.p.ficc.app.FiccRunRequestWorker        : No pending or failed surveillance run request found.
2026-06-12T11:10:32.592+09:00  INFO 16804 --- [scheduling-1] c.p.ficc.app.FiccRunRequestWorker        : Starting surveillance run request worker.
2026-06-12T11:10:32.611+09:00  INFO 16804 --- [scheduling-1] c.p.ficc.app.FiccRunRequestWorker        : No pending or failed surveillance run request found.
2026-06-12T11:10:37.626+09:00  INFO 16804 --- [scheduling-1] c.p.ficc.app.FiccRunRequestWorker        : Starting surveillance run request worker.
2026-06-12T11:10:37.641+09:00  INFO 16804 --- [scheduling-1] c.p.ficc.app.FiccRunRequestWorker        : No pending or failed surveillance run request found.
2026-06-12T11:10:42.658+09:00  INFO 16804 --- [scheduling-1] c.p.ficc.app.FiccRunRequestWorker        : Starting surveillance run request worker.
2026-06-12T11:10:42.674+09:00  INFO 16804 --- [scheduling-1] c.p.ficc.app.FiccRunRequestWorker        : No pending or failed surveillance run request found.
2026-06-12T11:10:47.681+09:00  INFO 16804 --- [scheduling-1] c.p.ficc.app.FiccRunRequestWorker        : Starting surveillance run request worker.
2026-06-12T11:10:47.702+09:00  INFO 16804 --- [scheduling-1] c.p.ficc.app.FiccRunRequestWorker        : No pending or failed surveillance run request found.
2026-06-12T11:10:52.711+09:00  INFO 16804 --- [scheduling-1] c.p.ficc.app.FiccRunRequestWorker        : Starting surveillance run request worker.
2026-06-12T11:10:52.727+09:00  INFO 16804 --- [scheduling-1] c.p.ficc.app.FiccRunRequestWorker        : No pending or failed surveillance run request found.
2026-06-12T11:10:57.744+09:00  INFO 16804 --- [scheduling-1] c.p.ficc.app.FiccRunRequestWorker        : Starting surveillance run request worker.
2026-06-12T11:10:57.761+09:00  INFO 16804 --- [scheduling-1] c.p.ficc.app.FiccRunRequestWorker        : No pending or failed surveillance run request found.
2026-06-12T11:11:02.778+09:00  INFO 16804 --- [scheduling-1] c.p.ficc.app.FiccRunRequestWorker        : Starting surveillance run request worker.
2026-06-12T11:11:02.795+09:00  INFO 16804 --- [scheduling-1] c.p.ficc.app.FiccRunRequestWorker        : No pending or failed surveillance run request found.
2026-06-12T11:11:07.801+09:00  INFO 16804 --- [scheduling-1] c.p.ficc.app.FiccRunRequestWorker        : Starting surveillance run request worker.
2026-06-12T11:11:07.818+09:00  INFO 16804 --- [scheduling-1] c.p.ficc.app.FiccRunRequestWorker        : No pending or failed surveillance run request found.
2026-06-12T11:11:12.826+09:00  INFO 16804 --- [scheduling-1] c.p.ficc.app.FiccRunRequestWorker        : Starting surveillance run request worker.
2026-06-12T11:11:12.848+09:00  INFO 16804 --- [scheduling-1] c.p.ficc.app.FiccRunRequestWorker        : No pending or failed surveillance run request found.
2026-06-12T11:11:17.858+09:00  INFO 16804 --- [scheduling-1] c.p.ficc.app.FiccRunRequestWorker        : Starting surveillance run request worker.
2026-06-12T11:11:17.880+09:00  INFO 16804 --- [scheduling-1] c.p.ficc.app.FiccRunRequestWorker        : No pending or failed surveillance run request found.
2026-06-12T11:11:22.881+09:00  INFO 16804 --- [scheduling-1] c.p.ficc.app.FiccRunRequestWorker        : Starting surveillance run request worker.
2026-06-12T11:11:22.897+09:00  INFO 16804 --- [scheduling-1] c.p.ficc.app.FiccRunRequestWorker        : No pending or failed surveillance run request found.
2026-06-12T11:11:27.909+09:00  INFO 16804 --- [scheduling-1] c.p.ficc.app.FiccRunRequestWorker        : Starting surveillance run request worker.
2026-06-12T11:11:27.925+09:00  INFO 16804 --- [scheduling-1] c.p.ficc.app.FiccRunRequestWorker        : No pending or failed surveillance run request found.
2026-06-12T11:11:32.944+09:00  INFO 16804 --- [scheduling-1] c.p.ficc.app.FiccRunRequestWorker        : Starting surveillance run request worker.
2026-06-12T11:11:32.960+09:00  INFO 16804 --- [scheduling-1] c.p.ficc.app.FiccRunRequestWorker        : No pending or failed surveillance run request found.
2026-06-12T11:11:37.978+09:00  INFO 16804 --- [scheduling-1] c.p.ficc.app.FiccRunRequestWorker        : Starting surveillance run request worker.
2026-06-12T11:11:37.994+09:00  INFO 16804 --- [scheduling-1] c.p.ficc.app.FiccRunRequestWorker        : No pending or failed surveillance run request found.
2026-06-12T11:11:43.007+09:00  INFO 16804 --- [scheduling-1] c.p.ficc.app.FiccRunRequestWorker        : Starting surveillance run request worker.
2026-06-12T11:11:43.023+09:00  INFO 16804 --- [scheduling-1] c.p.ficc.app.FiccRunRequestWorker        : No pending or failed surveillance run request found.
2026-06-12T11:11:48.038+09:00  INFO 16804 --- [scheduling-1] c.p.ficc.app.FiccRunRequestWorker        : Starting surveillance run request worker.
2026-06-12T11:11:48.066+09:00  INFO 16804 --- [scheduling-1] c.p.ficc.app.FiccRunRequestWorker        : No pending or failed surveillance run request found.
2026-06-12T11:11:53.084+09:00  INFO 16804 --- [scheduling-1] c.p.ficc.app.FiccRunRequestWorker        : Starting surveillance run request worker.
2026-06-12T11:11:53.100+09:00  INFO 16804 --- [scheduling-1] c.p.ficc.app.FiccRunRequestWorker        : No pending or failed surveillance run request found.
2026-06-12T11:11:58.116+09:00  INFO 16804 --- [scheduling-1] c.p.ficc.app.FiccRunRequestWorker        : Starting surveillance run request worker.
2026-06-12T11:11:58.141+09:00  INFO 16804 --- [scheduling-1] c.p.ficc.app.FiccRunRequestWorker        : No pending or failed surveillance run request found.
2026-06-12T11:12:03.147+09:00  INFO 16804 --- [scheduling-1] c.p.ficc.app.FiccRunRequestWorker        : Starting surveillance run request worker.
2026-06-12T11:12:03.165+09:00  INFO 16804 --- [scheduling-1] c.p.ficc.app.FiccRunRequestWorker        : No pending or failed surveillance run request found.
2026-06-12T11:12:08.173+09:00  INFO 16804 --- [scheduling-1] c.p.ficc.app.FiccRunRequestWorker        : Starting surveillance run request worker.
2026-06-12T11:12:08.193+09:00  INFO 16804 --- [scheduling-1] c.p.ficc.app.FiccRunRequestWorker        : No pending or failed surveillance run request found.
2026-06-12T11:12:13.199+09:00  INFO 16804 --- [scheduling-1] c.p.ficc.app.FiccRunRequestWorker        : Starting surveillance run request worker.
2026-06-12T11:12:13.215+09:00  INFO 16804 --- [scheduling-1] c.p.ficc.app.FiccRunRequestWorker        : No pending or failed surveillance run request found.
2026-06-12T11:12:18.223+09:00  INFO 16804 --- [scheduling-1] c.p.ficc.app.FiccRunRequestWorker        : Starting surveillance run request worker.
2026-06-12T11:12:18.241+09:00  INFO 16804 --- [scheduling-1] c.p.ficc.app.FiccRunRequestWorker        : No pending or failed surveillance run request found.
2026-06-12T11:12:23.259+09:00  INFO 16804 --- [scheduling-1] c.p.ficc.app.FiccRunRequestWorker        : Starting surveillance run request worker.
2026-06-12T11:12:23.279+09:00  INFO 16804 --- [scheduling-1] c.p.ficc.app.FiccRunRequestWorker        : No pending or failed surveillance run request found.
2026-06-12T11:12:28.289+09:00  INFO 16804 --- [scheduling-1] c.p.ficc.app.FiccRunRequestWorker        : Starting surveillance run request worker.
2026-06-12T11:12:28.305+09:00  INFO 16804 --- [scheduling-1] c.p.ficc.app.FiccRunRequestWorker        : No pending or failed surveillance run request found.
2026-06-12T11:12:33.326+09:00  INFO 16804 --- [scheduling-1] c.p.ficc.app.FiccRunRequestWorker        : Starting surveillance run request worker.
2026-06-12T11:12:33.342+09:00  INFO 16804 --- [scheduling-1] c.p.ficc.app.FiccRunRequestWorker        : No pending or failed surveillance run request found.
2026-06-12T11:12:38.354+09:00  INFO 16804 --- [scheduling-1] c.p.ficc.app.FiccRunRequestWorker        : Starting surveillance run request worker.
2026-06-12T11:12:38.379+09:00  INFO 16804 --- [scheduling-1] c.p.ficc.app.FiccRunRequestWorker        : No pending or failed surveillance run request found.
2026-06-12T11:12:43.389+09:00  INFO 16804 --- [scheduling-1] c.p.ficc.app.FiccRunRequestWorker        : Starting surveillance run request worker.
2026-06-12T11:12:43.405+09:00  INFO 16804 --- [scheduling-1] c.p.ficc.app.FiccRunRequestWorker        : No pending or failed surveillance run request found.
2026-06-12T11:12:48.409+09:00  INFO 16804 --- [scheduling-1] c.p.ficc.app.FiccRunRequestWorker        : Starting surveillance run request worker.
2026-06-12T11:12:48.428+09:00  INFO 16804 --- [scheduling-1] c.p.ficc.app.FiccRunRequestWorker        : No pending or failed surveillance run request found.
2026-06-12T11:12:53.432+09:00  INFO 16804 --- [scheduling-1] c.p.ficc.app.FiccRunRequestWorker        : Starting surveillance run request worker.
2026-06-12T11:12:53.447+09:00  INFO 16804 --- [scheduling-1] c.p.ficc.app.FiccRunRequestWorker        : No pending or failed surveillance run request found.
2026-06-12T11:12:58.457+09:00  INFO 16804 --- [scheduling-1] c.p.ficc.app.FiccRunRequestWorker        : Starting surveillance run request worker.
2026-06-12T11:12:58.482+09:00  INFO 16804 --- [scheduling-1] c.p.ficc.app.FiccRunRequestWorker        : No pending or failed surveillance run request found.
2026-06-12T11:13:03.488+09:00  INFO 16804 --- [scheduling-1] c.p.ficc.app.FiccRunRequestWorker        : Starting surveillance run request worker.
2026-06-12T11:13:03.522+09:00  INFO 16804 --- [scheduling-1] c.p.ficc.app.FiccRunRequestWorker        : No pending or failed surveillance run request found.
2026-06-12T11:13:08.536+09:00  INFO 16804 --- [scheduling-1] c.p.ficc.app.FiccRunRequestWorker        : Starting surveillance run request worker.
2026-06-12T11:13:08.552+09:00  INFO 16804 --- [scheduling-1] c.p.ficc.app.FiccRunRequestWorker        : No pending or failed surveillance run request found.
2026-06-12T11:13:13.569+09:00  INFO 16804 --- [scheduling-1] c.p.ficc.app.FiccRunRequestWorker        : Starting surveillance run request worker.
2026-06-12T11:13:13.585+09:00  INFO 16804 --- [scheduling-1] c.p.ficc.app.FiccRunRequestWorker        : No pending or failed surveillance run request found.
2026-06-12T11:13:18.604+09:00  INFO 16804 --- [scheduling-1] c.p.ficc.app.FiccRunRequestWorker        : Starting surveillance run request worker.
2026-06-12T11:13:18.628+09:00  INFO 16804 --- [scheduling-1] c.p.ficc.app.FiccRunRequestWorker        : No pending or failed surveillance run request found.
2026-06-12T11:13:23.640+09:00  INFO 16804 --- [scheduling-1] c.p.ficc.app.FiccRunRequestWorker        : Starting surveillance run request worker.
2026-06-12T11:13:23.667+09:00  INFO 16804 --- [scheduling-1] c.p.ficc.app.FiccRunRequestWorker        : No pending or failed surveillance run request found.
2026-06-12T11:13:28.673+09:00  INFO 16804 --- [scheduling-1] c.p.ficc.app.FiccRunRequestWorker        : Starting surveillance run request worker.
2026-06-12T11:13:28.689+09:00  INFO 16804 --- [scheduling-1] c.p.ficc.app.FiccRunRequestWorker        : No pending or failed surveillance run request found.
2026-06-12T11:13:33.707+09:00  INFO 16804 --- [scheduling-1] c.p.ficc.app.FiccRunRequestWorker        : Starting surveillance run request worker.
2026-06-12T11:13:33.723+09:00  INFO 16804 --- [scheduling-1] c.p.ficc.app.FiccRunRequestWorker        : No pending or failed surveillance run request found.
2026-06-12T11:13:38.736+09:00  INFO 16804 --- [scheduling-1] c.p.ficc.app.FiccRunRequestWorker        : Starting surveillance run request worker.
2026-06-12T11:13:38.751+09:00  INFO 16804 --- [scheduling-1] c.p.ficc.app.FiccRunRequestWorker        : No pending or failed surveillance run request found.
2026-06-12T11:13:43.764+09:00  INFO 16804 --- [scheduling-1] c.p.ficc.app.FiccRunRequestWorker        : Starting surveillance run request worker.
2026-06-12T11:13:43.780+09:00  INFO 16804 --- [scheduling-1] c.p.ficc.app.FiccRunRequestWorker        : No pending or failed surveillance run request found.
2026-06-12T11:13:48.787+09:00  INFO 16804 --- [scheduling-1] c.p.ficc.app.FiccRunRequestWorker        : Starting surveillance run request worker.
2026-06-12T11:13:48.803+09:00  INFO 16804 --- [scheduling-1] c.p.ficc.app.FiccRunRequestWorker        : No pending or failed surveillance run request found.
2026-06-12T11:13:53.821+09:00  INFO 16804 --- [scheduling-1] c.p.ficc.app.FiccRunRequestWorker        : Starting surveillance run request worker.
2026-06-12T11:13:53.837+09:00  INFO 16804 --- [scheduling-1] c.p.ficc.app.FiccRunRequestWorker        : No pending or failed surveillance run request found.
2026-06-12T11:13:58.843+09:00  INFO 16804 --- [scheduling-1] c.p.ficc.app.FiccRunRequestWorker        : Starting surveillance run request worker.
2026-06-12T11:13:58.859+09:00  INFO 16804 --- [scheduling-1] c.p.ficc.app.FiccRunRequestWorker        : No pending or failed surveillance run request found.
2026-06-12T11:14:03.869+09:00  INFO 16804 --- [scheduling-1] c.p.ficc.app.FiccRunRequestWorker        : Starting surveillance run request worker.
2026-06-12T11:14:03.886+09:00  INFO 16804 --- [scheduling-1] c.p.ficc.app.FiccRunRequestWorker        : No pending or failed surveillance run request found.
2026-06-12T11:14:08.893+09:00  INFO 16804 --- [scheduling-1] c.p.ficc.app.FiccRunRequestWorker        : Starting surveillance run request worker.
2026-06-12T11:14:08.915+09:00  INFO 16804 --- [scheduling-1] c.p.ficc.app.FiccRunRequestWorker        : No pending or failed surveillance run request found.
2026-06-12T11:14:13.919+09:00  INFO 16804 --- [scheduling-1] c.p.ficc.app.FiccRunRequestWorker        : Starting surveillance run request worker.
2026-06-12T11:14:13.948+09:00  INFO 16804 --- [scheduling-1] c.p.ficc.app.FiccRunRequestWorker        : No pending or failed surveillance run request found.
2026-06-12T11:14:18.953+09:00  INFO 16804 --- [scheduling-1] c.p.ficc.app.FiccRunRequestWorker        : Starting surveillance run request worker.
2026-06-12T11:14:18.996+09:00  INFO 16804 --- [scheduling-1] c.p.ficc.app.FiccRunRequestWorker        : No pending or failed surveillance run request found.
2026-06-12T11:14:24.011+09:00  INFO 16804 --- [scheduling-1] c.p.ficc.app.FiccRunRequestWorker        : Starting surveillance run request worker.
2026-06-12T11:14:24.039+09:00  INFO 16804 --- [scheduling-1] c.p.ficc.app.FiccRunRequestWorker        : No pending or failed surveillance run request found.
2026-06-12T11:14:29.044+09:00  INFO 16804 --- [scheduling-1] c.p.ficc.app.FiccRunRequestWorker        : Starting surveillance run request worker.
2026-06-12T11:14:29.062+09:00  INFO 16804 --- [scheduling-1] c.p.ficc.app.FiccRunRequestWorker        : No pending or failed surveillance run request found.
2026-06-12T11:14:34.077+09:00  INFO 16804 --- [scheduling-1] c.p.ficc.app.FiccRunRequestWorker        : Starting surveillance run request worker.
2026-06-12T11:14:34.105+09:00  INFO 16804 --- [scheduling-1] c.p.ficc.app.FiccRunRequestWorker        : No pending or failed surveillance run request found.
2026-06-12T11:14:39.119+09:00  INFO 16804 --- [scheduling-1] c.p.ficc.app.FiccRunRequestWorker        : Starting surveillance run request worker.
2026-06-12T11:14:39.133+09:00  INFO 16804 --- [scheduling-1] c.p.ficc.app.FiccRunRequestWorker        : No pending or failed surveillance run request found.
2026-06-12T11:14:44.136+09:00  INFO 16804 --- [scheduling-1] c.p.ficc.app.FiccRunRequestWorker        : Starting surveillance run request worker.
2026-06-12T11:14:44.158+09:00  INFO 16804 --- [scheduling-1] c.p.ficc.app.FiccRunRequestWorker        : No pending or failed surveillance run request found.
2026-06-12T11:14:49.175+09:00  INFO 16804 --- [scheduling-1] c.p.ficc.app.FiccRunRequestWorker        : Starting surveillance run request worker.
2026-06-12T11:14:49.197+09:00  INFO 16804 --- [scheduling-1] c.p.ficc.app.FiccRunRequestWorker        : No pending or failed surveillance run request found.
2026-06-12T11:14:54.200+09:00  INFO 16804 --- [scheduling-1] c.p.ficc.app.FiccRunRequestWorker        : Starting surveillance run request worker.
2026-06-12T11:14:54.216+09:00  INFO 16804 --- [scheduling-1] c.p.ficc.app.FiccRunRequestWorker        : No pending or failed surveillance run request found.
2026-06-12T11:14:59.225+09:00  INFO 16804 --- [scheduling-1] c.p.ficc.app.FiccRunRequestWorker        : Starting surveillance run request worker.
2026-06-12T11:14:59.241+09:00  INFO 16804 --- [scheduling-1] c.p.ficc.app.FiccRunRequestWorker        : No pending or failed surveillance run request found.
2026-06-12T11:15:04.258+09:00  INFO 16804 --- [scheduling-1] c.p.ficc.app.FiccRunRequestWorker        : Starting surveillance run request worker.
2026-06-12T11:15:04.276+09:00  INFO 16804 --- [scheduling-1] c.p.ficc.app.FiccRunRequestWorker        : No pending or failed surveillance run request found.
2026-06-12T11:15:09.289+09:00  INFO 16804 --- [scheduling-1] c.p.ficc.app.FiccRunRequestWorker        : Starting surveillance run request worker.
2026-06-12T11:15:09.303+09:00  INFO 16804 --- [scheduling-1] c.p.ficc.app.FiccRunRequestWorker        : No pending or failed surveillance run request found.
2026-06-12T11:15:14.331+09:00  INFO 16804 --- [scheduling-1] c.p.ficc.app.FiccRunRequestWorker        : Starting surveillance run request worker.
2026-06-12T11:15:14.357+09:00  INFO 16804 --- [scheduling-1] c.p.ficc.app.FiccRunRequestWorker        : No pending or failed surveillance run request found.
2026-06-12T11:15:19.361+09:00  INFO 16804 --- [scheduling-1] c.p.ficc.app.FiccRunRequestWorker        : Starting surveillance run request worker.
2026-06-12T11:15:19.388+09:00  INFO 16804 --- [scheduling-1] c.p.ficc.app.FiccRunRequestWorker        : No pending or failed surveillance run request found.
2026-06-12T11:15:24.394+09:00  INFO 16804 --- [scheduling-1] c.p.ficc.app.FiccRunRequestWorker        : Starting surveillance run request worker.
2026-06-12T11:15:24.413+09:00  INFO 16804 --- [scheduling-1] c.p.ficc.app.FiccRunRequestWorker        : No pending or failed surveillance run request found.
2026-06-12T11:15:29.425+09:00  INFO 16804 --- [scheduling-1] c.p.ficc.app.FiccRunRequestWorker        : Starting surveillance run request worker.
2026-06-12T11:15:29.451+09:00  INFO 16804 --- [scheduling-1] c.p.ficc.app.FiccRunRequestWorker        : No pending or failed surveillance run request found.
2026-06-12T11:15:34.458+09:00  INFO 16804 --- [scheduling-1] c.p.ficc.app.FiccRunRequestWorker        : Starting surveillance run request worker.
2026-06-12T11:15:34.474+09:00  INFO 16804 --- [scheduling-1] c.p.ficc.app.FiccRunRequestWorker        : No pending or failed surveillance run request found.
2026-06-12T11:15:39.496+09:00  INFO 16804 --- [scheduling-1] c.p.ficc.app.FiccRunRequestWorker        : Starting surveillance run request worker.
2026-06-12T11:15:39.518+09:00  INFO 16804 --- [scheduling-1] c.p.ficc.app.FiccRunRequestWorker        : No pending or failed surveillance run request found.
2026-06-12T11:15:44.533+09:00  INFO 16804 --- [scheduling-1] c.p.ficc.app.FiccRunRequestWorker        : Starting surveillance run request worker.
2026-06-12T11:15:44.548+09:00  INFO 16804 --- [scheduling-1] c.p.ficc.app.FiccRunRequestWorker        : No pending or failed surveillance run request found.
2026-06-12T11:15:49.567+09:00  INFO 16804 --- [scheduling-1] c.p.ficc.app.FiccRunRequestWorker        : Starting surveillance run request worker.
2026-06-12T11:15:49.587+09:00  INFO 16804 --- [scheduling-1] c.p.ficc.app.FiccRunRequestWorker        : No pending or failed surveillance run request found.
2026-06-12T11:15:54.594+09:00  INFO 16804 --- [scheduling-1] c.p.ficc.app.FiccRunRequestWorker        : Starting surveillance run request worker.
2026-06-12T11:15:54.622+09:00  INFO 16804 --- [scheduling-1] c.p.ficc.app.FiccRunRequestWorker        : No pending or failed surveillance run request found.
2026-06-12T11:15:59.631+09:00  INFO 16804 --- [scheduling-1] c.p.ficc.app.FiccRunRequestWorker        : Starting surveillance run request worker.
2026-06-12T11:15:59.663+09:00  INFO 16804 --- [scheduling-1] c.p.ficc.app.FiccRunRequestWorker        : No pending or failed surveillance run request found.
2026-06-12T11:16:04.674+09:00  INFO 16804 --- [scheduling-1] c.p.ficc.app.FiccRunRequestWorker        : Starting surveillance run request worker.
2026-06-12T11:16:04.696+09:00  INFO 16804 --- [scheduling-1] c.p.ficc.app.FiccRunRequestWorker        : No pending or failed surveillance run request found.
2026-06-12T11:16:09.708+09:00  INFO 16804 --- [scheduling-1] c.p.ficc.app.FiccRunRequestWorker        : Starting surveillance run request worker.
2026-06-12T11:16:09.727+09:00  INFO 16804 --- [scheduling-1] c.p.ficc.app.FiccRunRequestWorker        : No pending or failed surveillance run request found.
2026-06-12T11:16:14.739+09:00  INFO 16804 --- [scheduling-1] c.p.ficc.app.FiccRunRequestWorker        : Starting surveillance run request worker.
2026-06-12T11:16:14.765+09:00  INFO 16804 --- [scheduling-1] c.p.ficc.app.FiccRunRequestWorker        : No pending or failed surveillance run request found.
2026-06-12T11:16:19.773+09:00  INFO 16804 --- [scheduling-1] c.p.ficc.app.FiccRunRequestWorker        : Starting surveillance run request worker.
2026-06-12T11:16:19.789+09:00  INFO 16804 --- [scheduling-1] c.p.ficc.app.FiccRunRequestWorker        : No pending or failed surveillance run request found.
2026-06-12T11:16:24.802+09:00  INFO 16804 --- [scheduling-1] c.p.ficc.app.FiccRunRequestWorker        : Starting surveillance run request worker.
2026-06-12T11:16:24.829+09:00  INFO 16804 --- [scheduling-1] c.p.ficc.app.FiccRunRequestWorker        : No pending or failed surveillance run request found.
2026-06-12T11:16:29.833+09:00  INFO 16804 --- [scheduling-1] c.p.ficc.app.FiccRunRequestWorker        : Starting surveillance run request worker.
2026-06-12T11:16:29.855+09:00  INFO 16804 --- [scheduling-1] c.p.ficc.app.FiccRunRequestWorker        : No pending or failed surveillance run request found.
2026-06-12T11:16:34.865+09:00  INFO 16804 --- [scheduling-1] c.p.ficc.app.FiccRunRequestWorker        : Starting surveillance run request worker.
2026-06-12T11:16:34.889+09:00  INFO 16804 --- [scheduling-1] c.p.ficc.app.FiccRunRequestWorker        : No pending or failed surveillance run request found.
2026-06-12T11:16:39.896+09:00  INFO 16804 --- [scheduling-1] c.p.ficc.app.FiccRunRequestWorker        : Starting surveillance run request worker.
2026-06-12T11:16:39.923+09:00  INFO 16804 --- [scheduling-1] c.p.ficc.app.FiccRunRequestWorker        : No pending or failed surveillance run request found.
2026-06-12T11:16:44.928+09:00  INFO 16804 --- [scheduling-1] c.p.ficc.app.FiccRunRequestWorker        : Starting surveillance run request worker.
2026-06-12T11:16:44.954+09:00  INFO 16804 --- [scheduling-1] c.p.ficc.app.FiccRunRequestWorker        : No pending or failed surveillance run request found.
2026-06-12T11:16:49.970+09:00  INFO 16804 --- [scheduling-1] c.p.ficc.app.FiccRunRequestWorker        : Starting surveillance run request worker.
2026-06-12T11:16:49.986+09:00  INFO 16804 --- [scheduling-1] c.p.ficc.app.FiccRunRequestWorker        : No pending or failed surveillance run request found.
2026-06-12T11:16:55.001+09:00  INFO 16804 --- [scheduling-1] c.p.ficc.app.FiccRunRequestWorker        : Starting surveillance run request worker.
2026-06-12T11:16:55.016+09:00  INFO 16804 --- [scheduling-1] c.p.ficc.app.FiccRunRequestWorker        : No pending or failed surveillance run request found.
2026-06-12T11:17:00.025+09:00  INFO 16804 --- [scheduling-1] c.p.ficc.app.FiccRunRequestWorker        : Starting surveillance run request worker.
2026-06-12T11:17:00.053+09:00  INFO 16804 --- [scheduling-1] c.p.ficc.app.FiccRunRequestWorker        : No pending or failed surveillance run request found.
2026-06-12T11:17:05.060+09:00  INFO 16804 --- [scheduling-1] c.p.ficc.app.FiccRunRequestWorker        : Starting surveillance run request worker.
2026-06-12T11:17:05.093+09:00  INFO 16804 --- [scheduling-1] c.p.ficc.app.FiccRunRequestWorker        : No pending or failed surveillance run request found.
2026-06-12T11:17:10.098+09:00  INFO 16804 --- [scheduling-1] c.p.ficc.app.FiccRunRequestWorker        : Starting surveillance run request worker.
2026-06-12T11:17:10.114+09:00  INFO 16804 --- [scheduling-1] c.p.ficc.app.FiccRunRequestWorker        : No pending or failed surveillance run request found.
2026-06-12T11:17:15.132+09:00  INFO 16804 --- [scheduling-1] c.p.ficc.app.FiccRunRequestWorker        : Starting surveillance run request worker.
2026-06-12T11:17:15.147+09:00  INFO 16804 --- [scheduling-1] c.p.ficc.app.FiccRunRequestWorker        : No pending or failed surveillance run request found.
2026-06-12T11:17:20.166+09:00  INFO 16804 --- [scheduling-1] c.p.ficc.app.FiccRunRequestWorker        : Starting surveillance run request worker.
2026-06-12T11:17:20.184+09:00  INFO 16804 --- [scheduling-1] c.p.ficc.app.FiccRunRequestWorker        : No pending or failed surveillance run request found.
2026-06-12T11:17:25.198+09:00  INFO 16804 --- [scheduling-1] c.p.ficc.app.FiccRunRequestWorker        : Starting surveillance run request worker.
2026-06-12T11:17:25.213+09:00  INFO 16804 --- [scheduling-1] c.p.ficc.app.FiccRunRequestWorker        : No pending or failed surveillance run request found.
2026-06-12T11:17:30.220+09:00  INFO 16804 --- [scheduling-1] c.p.ficc.app.FiccRunRequestWorker        : Starting surveillance run request worker.
2026-06-12T11:17:30.235+09:00  INFO 16804 --- [scheduling-1] c.p.ficc.app.FiccRunRequestWorker        : No pending or failed surveillance run request found.
2026-06-12T11:17:35.249+09:00  INFO 16804 --- [scheduling-1] c.p.ficc.app.FiccRunRequestWorker        : Starting surveillance run request worker.
2026-06-12T11:17:35.266+09:00  INFO 16804 --- [scheduling-1] c.p.ficc.app.FiccRunRequestWorker        : No pending or failed surveillance run request found.
2026-06-12T11:17:40.286+09:00  INFO 16804 --- [scheduling-1] c.p.ficc.app.FiccRunRequestWorker        : Starting surveillance run request worker.
2026-06-12T11:17:40.301+09:00  INFO 16804 --- [scheduling-1] c.p.ficc.app.FiccRunRequestWorker        : No pending or failed surveillance run request found.
2026-06-12T11:17:45.312+09:00  INFO 16804 --- [scheduling-1] c.p.ficc.app.FiccRunRequestWorker        : Starting surveillance run request worker.
2026-06-12T11:17:45.335+09:00  INFO 16804 --- [scheduling-1] c.p.ficc.app.FiccRunRequestWorker        : No pending or failed surveillance run request found.
2026-06-12T11:17:50.337+09:00  INFO 16804 --- [scheduling-1] c.p.ficc.app.FiccRunRequestWorker        : Starting surveillance run request worker.
2026-06-12T11:17:50.353+09:00  INFO 16804 --- [scheduling-1] c.p.ficc.app.FiccRunRequestWorker        : No pending or failed surveillance run request found.
2026-06-12T11:17:55.367+09:00  INFO 16804 --- [scheduling-1] c.p.ficc.app.FiccRunRequestWorker        : Starting surveillance run request worker.
2026-06-12T11:17:55.383+09:00  INFO 16804 --- [scheduling-1] c.p.ficc.app.FiccRunRequestWorker        : No pending or failed surveillance run request found.
2026-06-12T11:18:00.389+09:00  INFO 16804 --- [scheduling-1] c.p.ficc.app.FiccRunRequestWorker        : Starting surveillance run request worker.
2026-06-12T11:18:00.405+09:00  INFO 16804 --- [scheduling-1] c.p.ficc.app.FiccRunRequestWorker        : No pending or failed surveillance run request found.
2026-06-12T11:18:05.432+09:00  INFO 16804 --- [scheduling-1] c.p.ficc.app.FiccRunRequestWorker        : Starting surveillance run request worker.
2026-06-12T11:18:05.463+09:00  INFO 16804 --- [scheduling-1] c.p.ficc.app.FiccRunRequestWorker        : No pending or failed surveillance run request found.
2026-06-12T11:18:10.467+09:00  INFO 16804 --- [scheduling-1] c.p.ficc.app.FiccRunRequestWorker        : Starting surveillance run request worker.
2026-06-12T11:18:10.488+09:00  INFO 16804 --- [scheduling-1] c.p.ficc.app.FiccRunRequestWorker        : No pending or failed surveillance run request found.
2026-06-12T11:18:15.489+09:00  INFO 16804 --- [scheduling-1] c.p.ficc.app.FiccRunRequestWorker        : Starting surveillance run request worker.
2026-06-12T11:18:15.515+09:00  INFO 16804 --- [scheduling-1] c.p.ficc.app.FiccRunRequestWorker        : No pending or failed surveillance run request found.
2026-06-12T11:18:20.518+09:00  INFO 16804 --- [scheduling-1] c.p.ficc.app.FiccRunRequestWorker        : Starting surveillance run request worker.
2026-06-12T11:18:20.534+09:00  INFO 16804 --- [scheduling-1] c.p.ficc.app.FiccRunRequestWorker        : No pending or failed surveillance run request found.
2026-06-12T11:18:25.551+09:00  INFO 16804 --- [scheduling-1] c.p.ficc.app.FiccRunRequestWorker        : Starting surveillance run request worker.
2026-06-12T11:18:25.576+09:00  INFO 16804 --- [scheduling-1] c.p.ficc.app.FiccRunRequestWorker        : No pending or failed surveillance run request found.
2026-06-12T11:18:30.587+09:00  INFO 16804 --- [scheduling-1] c.p.ficc.app.FiccRunRequestWorker        : Starting surveillance run request worker.
2026-06-12T11:18:30.618+09:00  INFO 16804 --- [scheduling-1] c.p.ficc.app.FiccRunRequestWorker        : No pending or failed surveillance run request found.
2026-06-12T11:18:35.621+09:00  INFO 16804 --- [scheduling-1] c.p.ficc.app.FiccRunRequestWorker        : Starting surveillance run request worker.
2026-06-12T11:18:35.651+09:00  INFO 16804 --- [scheduling-1] c.p.ficc.app.FiccRunRequestWorker        : No pending or failed surveillance run request found.
2026-06-12T11:18:40.663+09:00  INFO 16804 --- [scheduling-1] c.p.ficc.app.FiccRunRequestWorker        : Starting surveillance run request worker.
2026-06-12T11:18:40.692+09:00  INFO 16804 --- [scheduling-1] c.p.ficc.app.FiccRunRequestWorker        : No pending or failed surveillance run request found.
2026-06-12T11:18:45.705+09:00  INFO 16804 --- [scheduling-1] c.p.ficc.app.FiccRunRequestWorker        : Starting surveillance run request worker.
2026-06-12T11:18:45.722+09:00  INFO 16804 --- [scheduling-1] c.p.ficc.app.FiccRunRequestWorker        : No pending or failed surveillance run request found.
2026-06-12T11:18:50.737+09:00  INFO 16804 --- [scheduling-1] c.p.ficc.app.FiccRunRequestWorker        : Starting surveillance run request worker.
2026-06-12T11:18:50.753+09:00  INFO 16804 --- [scheduling-1] c.p.ficc.app.FiccRunRequestWorker        : No pending or failed surveillance run request found.
2026-06-12T11:18:55.770+09:00  INFO 16804 --- [scheduling-1] c.p.ficc.app.FiccRunRequestWorker        : Starting surveillance run request worker.
2026-06-12T11:18:55.786+09:00  INFO 16804 --- [scheduling-1] c.p.ficc.app.FiccRunRequestWorker        : No pending or failed surveillance run request found.
2026-06-12T11:19:00.791+09:00  INFO 16804 --- [scheduling-1] c.p.ficc.app.FiccRunRequestWorker        : Starting surveillance run request worker.
2026-06-12T11:19:00.814+09:00  INFO 16804 --- [scheduling-1] c.p.ficc.app.FiccRunRequestWorker        : No pending or failed surveillance run request found.
2026-06-12T11:19:05.825+09:00  INFO 16804 --- [scheduling-1] c.p.ficc.app.FiccRunRequestWorker        : Starting surveillance run request worker.
2026-06-12T11:19:05.840+09:00  INFO 16804 --- [scheduling-1] c.p.ficc.app.FiccRunRequestWorker        : No pending or failed surveillance run request found.
2026-06-12T11:19:10.858+09:00  INFO 16804 --- [scheduling-1] c.p.ficc.app.FiccRunRequestWorker        : Starting surveillance run request worker.
2026-06-12T11:19:10.890+09:00  INFO 16804 --- [scheduling-1] c.p.ficc.app.FiccRunRequestWorker        : No pending or failed surveillance run request found.
2026-06-12T11:19:15.892+09:00  INFO 16804 --- [scheduling-1] c.p.ficc.app.FiccRunRequestWorker        : Starting surveillance run request worker.
2026-06-12T11:19:15.924+09:00  INFO 16804 --- [scheduling-1] c.p.ficc.app.FiccRunRequestWorker        : No pending or failed surveillance run request found.
2026-06-12T11:19:20.927+09:00  INFO 16804 --- [scheduling-1] c.p.ficc.app.FiccRunRequestWorker        : Starting surveillance run request worker.
2026-06-12T11:19:20.945+09:00  INFO 16804 --- [scheduling-1] c.p.ficc.app.FiccRunRequestWorker        : No pending or failed surveillance run request found.
2026-06-12T11:19:25.959+09:00  INFO 16804 --- [scheduling-1] c.p.ficc.app.FiccRunRequestWorker        : Starting surveillance run request worker.
2026-06-12T11:19:25.974+09:00  INFO 16804 --- [scheduling-1] c.p.ficc.app.FiccRunRequestWorker        : No pending or failed surveillance run request found.
2026-06-12T11:19:30.993+09:00  INFO 16804 --- [scheduling-1] c.p.ficc.app.FiccRunRequestWorker        : Starting surveillance run request worker.
2026-06-12T11:19:31.014+09:00  INFO 16804 --- [scheduling-1] c.p.ficc.app.FiccRunRequestWorker        : No pending or failed surveillance run request found.
2026-06-12T11:19:36.025+09:00  INFO 16804 --- [scheduling-1] c.p.ficc.app.FiccRunRequestWorker        : Starting surveillance run request worker.
2026-06-12T11:19:36.041+09:00  INFO 16804 --- [scheduling-1] c.p.ficc.app.FiccRunRequestWorker        : No pending or failed surveillance run request found.
2026-06-12T11:19:41.059+09:00  INFO 16804 --- [scheduling-1] c.p.ficc.app.FiccRunRequestWorker        : Starting surveillance run request worker.
2026-06-12T11:19:41.139+09:00  INFO 16804 --- [scheduling-1] c.p.ficc.app.FiccRunRequestWorker        : No pending or failed surveillance run request found.
2026-06-12T11:19:46.155+09:00  INFO 16804 --- [scheduling-1] c.p.ficc.app.FiccRunRequestWorker        : Starting surveillance run request worker.
2026-06-12T11:19:46.187+09:00  INFO 16804 --- [scheduling-1] c.p.ficc.app.FiccRunRequestWorker        : No pending or failed surveillance run request found.
2026-06-12T11:19:51.190+09:00  INFO 16804 --- [scheduling-1] c.p.ficc.app.FiccRunRequestWorker        : Starting surveillance run request worker.
2026-06-12T11:19:51.206+09:00  INFO 16804 --- [scheduling-1] c.p.ficc.app.FiccRunRequestWorker        : No pending or failed surveillance run request found.
2026-06-12T11:19:56.224+09:00  INFO 16804 --- [scheduling-1] c.p.ficc.app.FiccRunRequestWorker        : Starting surveillance run request worker.
2026-06-12T11:19:56.245+09:00  INFO 16804 --- [scheduling-1] c.p.ficc.app.FiccRunRequestWorker        : No pending or failed surveillance run request found.
2026-06-12T11:20:01.259+09:00  INFO 16804 --- [scheduling-1] c.p.ficc.app.FiccRunRequestWorker        : Starting surveillance run request worker.
2026-06-12T11:20:01.278+09:00  INFO 16804 --- [scheduling-1] c.p.ficc.app.FiccRunRequestWorker        : No pending or failed surveillance run request found.
2026-06-12T11:20:06.281+09:00  INFO 16804 --- [scheduling-1] c.p.ficc.app.FiccRunRequestWorker        : Starting surveillance run request worker.
2026-06-12T11:20:06.304+09:00  INFO 16804 --- [scheduling-1] c.p.ficc.app.FiccRunRequestWorker        : No pending or failed surveillance run request found.
2026-06-12T11:20:11.319+09:00  INFO 16804 --- [scheduling-1] c.p.ficc.app.FiccRunRequestWorker        : Starting surveillance run request worker.
2026-06-12T11:20:11.336+09:00  INFO 16804 --- [scheduling-1] c.p.ficc.app.FiccRunRequestWorker        : No pending or failed surveillance run request found.
2026-06-12T11:20:16.346+09:00  INFO 16804 --- [scheduling-1] c.p.ficc.app.FiccRunRequestWorker        : Starting surveillance run request worker.
2026-06-12T11:20:16.364+09:00  INFO 16804 --- [scheduling-1] c.p.ficc.app.FiccRunRequestWorker        : No pending or failed surveillance run request found.
2026-06-12T11:20:21.375+09:00  INFO 16804 --- [scheduling-1] c.p.ficc.app.FiccRunRequestWorker        : Starting surveillance run request worker.
2026-06-12T11:20:21.404+09:00  INFO 16804 --- [scheduling-1] c.p.ficc.app.FiccRunRequestWorker        : No pending or failed surveillance run request found.
2026-06-12T11:20:26.416+09:00  INFO 16804 --- [scheduling-1] c.p.ficc.app.FiccRunRequestWorker        : Starting surveillance run request worker.
2026-06-12T11:20:26.432+09:00  INFO 16804 --- [scheduling-1] c.p.ficc.app.FiccRunRequestWorker        : No pending or failed surveillance run request found.
2026-06-12T11:20:31.453+09:00  INFO 16804 --- [scheduling-1] c.p.ficc.app.FiccRunRequestWorker        : Starting surveillance run request worker.
2026-06-12T11:20:31.469+09:00  INFO 16804 --- [scheduling-1] c.p.ficc.app.FiccRunRequestWorker        : No pending or failed surveillance run request found.
2026-06-12T11:20:36.496+09:00  INFO 16804 --- [scheduling-1] c.p.ficc.app.FiccRunRequestWorker        : Starting surveillance run request worker.
2026-06-12T11:20:36.512+09:00  INFO 16804 --- [scheduling-1] c.p.ficc.app.FiccRunRequestWorker        : No pending or failed surveillance run request found.
2026-06-12T11:20:41.523+09:00  INFO 16804 --- [scheduling-1] c.p.ficc.app.FiccRunRequestWorker        : Starting surveillance run request worker.
2026-06-12T11:20:41.538+09:00  INFO 16804 --- [scheduling-1] c.p.ficc.app.FiccRunRequestWorker        : No pending or failed surveillance run request found.
2026-06-12T11:20:46.557+09:00  INFO 16804 --- [scheduling-1] c.p.ficc.app.FiccRunRequestWorker        : Starting surveillance run request worker.
2026-06-12T11:20:46.572+09:00  INFO 16804 --- [scheduling-1] c.p.ficc.app.FiccRunRequestWorker        : No pending or failed surveillance run request found.
2026-06-12T11:20:51.600+09:00  INFO 16804 --- [scheduling-1] c.p.ficc.app.FiccRunRequestWorker        : Starting surveillance run request worker.
2026-06-12T11:20:51.618+09:00  INFO 16804 --- [scheduling-1] c.p.ficc.app.FiccRunRequestWorker        : No pending or failed surveillance run request found.
2026-06-12T11:20:56.640+09:00  INFO 16804 --- [scheduling-1] c.p.ficc.app.FiccRunRequestWorker        : Starting surveillance run request worker.
2026-06-12T11:20:56.656+09:00  INFO 16804 --- [scheduling-1] c.p.ficc.app.FiccRunRequestWorker        : No pending or failed surveillance run request found.
2026-06-12T11:21:01.664+09:00  INFO 16804 --- [scheduling-1] c.p.ficc.app.FiccRunRequestWorker        : Starting surveillance run request worker.
2026-06-12T11:21:01.694+09:00  INFO 16804 --- [scheduling-1] c.p.ficc.app.FiccRunRequestWorker        : No pending or failed surveillance run request found.
2026-06-12T11:21:06.699+09:00  INFO 16804 --- [scheduling-1] c.p.ficc.app.FiccRunRequestWorker        : Starting surveillance run request worker.
2026-06-12T11:21:06.714+09:00  INFO 16804 --- [scheduling-1] c.p.ficc.app.FiccRunRequestWorker        : No pending or failed surveillance run request found.
2026-06-12T11:21:11.722+09:00  INFO 16804 --- [scheduling-1] c.p.ficc.app.FiccRunRequestWorker        : Starting surveillance run request worker.
2026-06-12T11:21:11.747+09:00  INFO 16804 --- [scheduling-1] c.p.ficc.app.FiccRunRequestWorker        : No pending or failed surveillance run request found.
2026-06-12T11:21:16.764+09:00  INFO 16804 --- [scheduling-1] c.p.ficc.app.FiccRunRequestWorker        : Starting surveillance run request worker.
2026-06-12T11:21:16.779+09:00  INFO 16804 --- [scheduling-1] c.p.ficc.app.FiccRunRequestWorker        : No pending or failed surveillance run request found.
2026-06-12T11:21:21.790+09:00  INFO 16804 --- [scheduling-1] c.p.ficc.app.FiccRunRequestWorker        : Starting surveillance run request worker.
2026-06-12T11:21:21.806+09:00  INFO 16804 --- [scheduling-1] c.p.ficc.app.FiccRunRequestWorker        : No pending or failed surveillance run request found.
2026-06-12T11:21:26.829+09:00  INFO 16804 --- [scheduling-1] c.p.ficc.app.FiccRunRequestWorker        : Starting surveillance run request worker.
2026-06-12T11:21:26.845+09:00  INFO 16804 --- [scheduling-1] c.p.ficc.app.FiccRunRequestWorker        : No pending or failed surveillance run request found.
2026-06-12T11:21:31.859+09:00  INFO 16804 --- [scheduling-1] c.p.ficc.app.FiccRunRequestWorker        : Starting surveillance run request worker.
2026-06-12T11:21:31.881+09:00  INFO 16804 --- [scheduling-1] c.p.ficc.app.FiccRunRequestWorker        : No pending or failed surveillance run request found.
2026-06-12T11:21:36.889+09:00  INFO 16804 --- [scheduling-1] c.p.ficc.app.FiccRunRequestWorker        : Starting surveillance run request worker.
2026-06-12T11:21:36.906+09:00  INFO 16804 --- [scheduling-1] c.p.ficc.app.FiccRunRequestWorker        : No pending or failed surveillance run request found.
2026-06-12T11:21:41.917+09:00  INFO 16804 --- [scheduling-1] c.p.ficc.app.FiccRunRequestWorker        : Starting surveillance run request worker.
2026-06-12T11:21:41.936+09:00  INFO 16804 --- [scheduling-1] c.p.ficc.app.FiccRunRequestWorker        : No pending or failed surveillance run request found.
2026-06-12T11:21:46.943+09:00  INFO 16804 --- [scheduling-1] c.p.ficc.app.FiccRunRequestWorker        : Starting surveillance run request worker.
2026-06-12T11:21:46.968+09:00  INFO 16804 --- [scheduling-1] c.p.ficc.app.FiccRunRequestWorker        : No pending or failed surveillance run request found.
2026-06-12T11:21:51.970+09:00  INFO 16804 --- [scheduling-1] c.p.ficc.app.FiccRunRequestWorker        : Starting surveillance run request worker.
2026-06-12T11:21:51.998+09:00  INFO 16804 --- [scheduling-1] c.p.ficc.app.FiccRunRequestWorker        : No pending or failed surveillance run request found.
2026-06-12T11:21:57.013+09:00  INFO 16804 --- [scheduling-1] c.p.ficc.app.FiccRunRequestWorker        : Starting surveillance run request worker.
2026-06-12T11:21:57.029+09:00  INFO 16804 --- [scheduling-1] c.p.ficc.app.FiccRunRequestWorker        : No pending or failed surveillance run request found.
2026-06-12T11:22:02.054+09:00  INFO 16804 --- [scheduling-1] c.p.ficc.app.FiccRunRequestWorker        : Starting surveillance run request worker.
2026-06-12T11:22:02.086+09:00  INFO 16804 --- [scheduling-1] c.p.ficc.app.FiccRunRequestWorker        : No pending or failed surveillance run request found.
2026-06-12T11:22:07.100+09:00  INFO 16804 --- [scheduling-1] c.p.ficc.app.FiccRunRequestWorker        : Starting surveillance run request worker.
2026-06-12T11:22:07.125+09:00  INFO 16804 --- [scheduling-1] c.p.ficc.app.FiccRunRequestWorker        : No pending or failed surveillance run request found.
2026-06-12T11:22:12.140+09:00  INFO 16804 --- [scheduling-1] c.p.ficc.app.FiccRunRequestWorker        : Starting surveillance run request worker.
2026-06-12T11:22:12.172+09:00  INFO 16804 --- [scheduling-1] c.p.ficc.app.FiccRunRequestWorker        : No pending or failed surveillance run request found.
2026-06-12T11:22:17.185+09:00  INFO 16804 --- [scheduling-1] c.p.ficc.app.FiccRunRequestWorker        : Starting surveillance run request worker.
2026-06-12T11:22:17.200+09:00  INFO 16804 --- [scheduling-1] c.p.ficc.app.FiccRunRequestWorker        : No pending or failed surveillance run request found.
2026-06-12T11:22:22.217+09:00  INFO 16804 --- [scheduling-1] c.p.ficc.app.FiccRunRequestWorker        : Starting surveillance run request worker.
2026-06-12T11:22:22.232+09:00  INFO 16804 --- [scheduling-1] c.p.ficc.app.FiccRunRequestWorker        : No pending or failed surveillance run request found.
2026-06-12T11:22:27.233+09:00  INFO 16804 --- [scheduling-1] c.p.ficc.app.FiccRunRequestWorker        : Starting surveillance run request worker.
2026-06-12T11:22:27.251+09:00  INFO 16804 --- [scheduling-1] c.p.ficc.app.FiccRunRequestWorker        : No pending or failed surveillance run request found.
2026-06-12T11:22:32.266+09:00  INFO 16804 --- [scheduling-1] c.p.ficc.app.FiccRunRequestWorker        : Starting surveillance run request worker.
2026-06-12T11:22:32.285+09:00  INFO 16804 --- [scheduling-1] c.p.ficc.app.FiccRunRequestWorker        : No pending or failed surveillance run request found.
2026-06-12T11:22:37.302+09:00  INFO 16804 --- [scheduling-1] c.p.ficc.app.FiccRunRequestWorker        : Starting surveillance run request worker.
2026-06-12T11:22:37.318+09:00  INFO 16804 --- [scheduling-1] c.p.ficc.app.FiccRunRequestWorker        : No pending or failed surveillance run request found.
2026-06-12T11:22:42.339+09:00  INFO 16804 --- [scheduling-1] c.p.ficc.app.FiccRunRequestWorker        : Starting surveillance run request worker.
2026-06-12T11:22:42.361+09:00  INFO 16804 --- [scheduling-1] c.p.ficc.app.FiccRunRequestWorker        : No pending or failed surveillance run request found.
2026-06-12T11:22:47.363+09:00  INFO 16804 --- [scheduling-1] c.p.ficc.app.FiccRunRequestWorker        : Starting surveillance run request worker.
2026-06-12T11:22:47.380+09:00  INFO 16804 --- [scheduling-1] c.p.ficc.app.FiccRunRequestWorker        : No pending or failed surveillance run request found.
2026-06-12T11:22:52.398+09:00  INFO 16804 --- [scheduling-1] c.p.ficc.app.FiccRunRequestWorker        : Starting surveillance run request worker.
2026-06-12T11:22:52.432+09:00  INFO 16804 --- [scheduling-1] c.p.ficc.app.FiccRunRequestWorker        : No pending or failed surveillance run request found.
2026-06-12T11:22:57.434+09:00  INFO 16804 --- [scheduling-1] c.p.ficc.app.FiccRunRequestWorker        : Starting surveillance run request worker.
2026-06-12T11:22:57.461+09:00  INFO 16804 --- [scheduling-1] c.p.ficc.app.FiccRunRequestWorker        : No pending or failed surveillance run request found.
2026-06-12T11:23:02.474+09:00  INFO 16804 --- [scheduling-1] c.p.ficc.app.FiccRunRequestWorker        : Starting surveillance run request worker.
2026-06-12T11:23:02.490+09:00  INFO 16804 --- [scheduling-1] c.p.ficc.app.FiccRunRequestWorker        : No pending or failed surveillance run request found.
2026-06-12T11:23:07.514+09:00  INFO 16804 --- [scheduling-1] c.p.ficc.app.FiccRunRequestWorker        : Starting surveillance run request worker.
2026-06-12T11:23:07.536+09:00  INFO 16804 --- [scheduling-1] c.p.ficc.app.FiccRunRequestWorker        : No pending or failed surveillance run request found.
2026-06-12T11:23:12.546+09:00  INFO 16804 --- [scheduling-1] c.p.ficc.app.FiccRunRequestWorker        : Starting surveillance run request worker.
2026-06-12T11:23:12.562+09:00  INFO 16804 --- [scheduling-1] c.p.ficc.app.FiccRunRequestWorker        : No pending or failed surveillance run request found.
2026-06-12T11:23:17.570+09:00  INFO 16804 --- [scheduling-1] c.p.ficc.app.FiccRunRequestWorker        : Starting surveillance run request worker.
2026-06-12T11:23:17.590+09:00  INFO 16804 --- [scheduling-1] c.p.ficc.app.FiccRunRequestWorker        : No pending or failed surveillance run request found.
2026-06-12T11:23:22.601+09:00  INFO 16804 --- [scheduling-1] c.p.ficc.app.FiccRunRequestWorker        : Starting surveillance run request worker.
2026-06-12T11:23:22.632+09:00  INFO 16804 --- [scheduling-1] c.p.ficc.app.FiccRunRequestWorker        : No pending or failed surveillance run request found.
2026-06-12T11:23:27.642+09:00  INFO 16804 --- [scheduling-1] c.p.ficc.app.FiccRunRequestWorker        : Starting surveillance run request worker.
2026-06-12T11:23:27.658+09:00  INFO 16804 --- [scheduling-1] c.p.ficc.app.FiccRunRequestWorker        : No pending or failed surveillance run request found.
2026-06-12T11:23:32.673+09:00  INFO 16804 --- [scheduling-1] c.p.ficc.app.FiccRunRequestWorker        : Starting surveillance run request worker.
2026-06-12T11:23:32.689+09:00  INFO 16804 --- [scheduling-1] c.p.ficc.app.FiccRunRequestWorker        : No pending or failed surveillance run request found.
2026-06-12T11:23:37.701+09:00  INFO 16804 --- [scheduling-1] c.p.ficc.app.FiccRunRequestWorker        : Starting surveillance run request worker.
2026-06-12T11:23:37.717+09:00  INFO 16804 --- [scheduling-1] c.p.ficc.app.FiccRunRequestWorker        : No pending or failed surveillance run request found.
2026-06-12T11:23:42.733+09:00  INFO 16804 --- [scheduling-1] c.p.ficc.app.FiccRunRequestWorker        : Starting surveillance run request worker.
2026-06-12T11:23:42.759+09:00  INFO 16804 --- [scheduling-1] c.p.ficc.app.FiccRunRequestWorker        : No pending or failed surveillance run request found.
2026-06-12T11:23:47.763+09:00  INFO 16804 --- [scheduling-1] c.p.ficc.app.FiccRunRequestWorker        : Starting surveillance run request worker.
2026-06-12T11:23:47.785+09:00  INFO 16804 --- [scheduling-1] c.p.ficc.app.FiccRunRequestWorker        : No pending or failed surveillance run request found.
2026-06-12T11:23:52.792+09:00  INFO 16804 --- [scheduling-1] c.p.ficc.app.FiccRunRequestWorker        : Starting surveillance run request worker.
2026-06-12T11:23:52.815+09:00  INFO 16804 --- [scheduling-1] c.p.ficc.app.FiccRunRequestWorker        : No pending or failed surveillance run request found.
2026-06-12T11:23:57.821+09:00  INFO 16804 --- [scheduling-1] c.p.ficc.app.FiccRunRequestWorker        : Starting surveillance run request worker.
2026-06-12T11:23:57.853+09:00  INFO 16804 --- [scheduling-1] c.p.ficc.app.FiccRunRequestWorker        : No pending or failed surveillance run request found.
2026-06-12T11:24:02.854+09:00  INFO 16804 --- [scheduling-1] c.p.ficc.app.FiccRunRequestWorker        : Starting surveillance run request worker.
2026-06-12T11:24:02.870+09:00  INFO 16804 --- [scheduling-1] c.p.ficc.app.FiccRunRequestWorker        : No pending or failed surveillance run request found.
2026-06-12T11:24:07.873+09:00  INFO 16804 --- [scheduling-1] c.p.ficc.app.FiccRunRequestWorker        : Starting surveillance run request worker.
2026-06-12T11:24:07.904+09:00  INFO 16804 --- [scheduling-1] c.p.ficc.app.FiccRunRequestWorker        : No pending or failed surveillance run request found.
2026-06-12T11:24:12.914+09:00  INFO 16804 --- [scheduling-1] c.p.ficc.app.FiccRunRequestWorker        : Starting surveillance run request worker.
2026-06-12T11:24:12.931+09:00  INFO 16804 --- [scheduling-1] c.p.ficc.app.FiccRunRequestWorker        : No pending or failed surveillance run request found.
2026-06-12T11:24:17.943+09:00  INFO 16804 --- [scheduling-1] c.p.ficc.app.FiccRunRequestWorker        : Starting surveillance run request worker.
2026-06-12T11:24:17.958+09:00  INFO 16804 --- [scheduling-1] c.p.ficc.app.FiccRunRequestWorker        : No pending or failed surveillance run request found.
2026-06-12T11:24:22.968+09:00  INFO 16804 --- [scheduling-1] c.p.ficc.app.FiccRunRequestWorker        : Starting surveillance run request worker.
2026-06-12T11:24:22.986+09:00  INFO 16804 --- [scheduling-1] c.p.ficc.app.FiccRunRequestWorker        : No pending or failed surveillance run request found.
2026-06-12T11:24:27.991+09:00  INFO 16804 --- [scheduling-1] c.p.ficc.app.FiccRunRequestWorker        : Starting surveillance run request worker.
2026-06-12T11:24:28.009+09:00  INFO 16804 --- [scheduling-1] c.p.ficc.app.FiccRunRequestWorker        : No pending or failed surveillance run request found.
2026-06-12T11:24:33.019+09:00  INFO 16804 --- [scheduling-1] c.p.ficc.app.FiccRunRequestWorker        : Starting surveillance run request worker.
2026-06-12T11:24:33.021+09:00  INFO 16804 --- [scheduling-1] c.p.ficc.app.FiccRunRequestWorker        : No pending or failed surveillance run request found.
2026-06-12T11:24:38.032+09:00  INFO 16804 --- [scheduling-1] c.p.ficc.app.FiccRunRequestWorker        : Starting surveillance run request worker.
2026-06-12T11:24:38.064+09:00  INFO 16804 --- [scheduling-1] c.p.ficc.app.FiccRunRequestWorker        : No pending or failed surveillance run request found.
2026-06-12T11:24:43.079+09:00  INFO 16804 --- [scheduling-1] c.p.ficc.app.FiccRunRequestWorker        : Starting surveillance run request worker.
2026-06-12T11:24:43.106+09:00  INFO 16804 --- [scheduling-1] c.p.ficc.app.FiccRunRequestWorker        : No pending or failed surveillance run request found.
2026-06-12T11:24:48.126+09:00  INFO 16804 --- [scheduling-1] c.p.ficc.app.FiccRunRequestWorker        : Starting surveillance run request worker.
2026-06-12T11:24:48.141+09:00  INFO 16804 --- [scheduling-1] c.p.ficc.app.FiccRunRequestWorker        : No pending or failed surveillance run request found.
2026-06-12T11:24:53.156+09:00  INFO 16804 --- [scheduling-1] c.p.ficc.app.FiccRunRequestWorker        : Starting surveillance run request worker.
2026-06-12T11:24:53.171+09:00  INFO 16804 --- [scheduling-1] c.p.ficc.app.FiccRunRequestWorker        : No pending or failed surveillance run request found.
2026-06-12T11:24:58.189+09:00  INFO 16804 --- [scheduling-1] c.p.ficc.app.FiccRunRequestWorker        : Starting surveillance run request worker.
2026-06-12T11:24:58.203+09:00  INFO 16804 --- [scheduling-1] c.p.ficc.app.FiccRunRequestWorker        : No pending or failed surveillance run request found.
2026-06-12T11:25:03.214+09:00  INFO 16804 --- [scheduling-1] c.p.ficc.app.FiccRunRequestWorker        : Starting surveillance run request worker.
2026-06-12T11:25:03.229+09:00  INFO 16804 --- [scheduling-1] c.p.ficc.app.FiccRunRequestWorker        : No pending or failed surveillance run request found.
2026-06-12T11:25:08.235+09:00  INFO 16804 --- [scheduling-1] c.p.ficc.app.FiccRunRequestWorker        : Starting surveillance run request worker.
2026-06-12T11:25:08.257+09:00  INFO 16804 --- [scheduling-1] c.p.ficc.app.FiccRunRequestWorker        : No pending or failed surveillance run request found.
2026-06-12T11:25:13.266+09:00  INFO 16804 --- [scheduling-1] c.p.ficc.app.FiccRunRequestWorker        : Starting surveillance run request worker.
2026-06-12T11:25:13.284+09:00  INFO 16804 --- [scheduling-1] c.p.ficc.app.FiccRunRequestWorker        : No pending or failed surveillance run request found.
2026-06-12T11:25:18.290+09:00  INFO 16804 --- [scheduling-1] c.p.ficc.app.FiccRunRequestWorker        : Starting surveillance run request worker.
2026-06-12T11:25:18.306+09:00  INFO 16804 --- [scheduling-1] c.p.ficc.app.FiccRunRequestWorker        : No pending or failed surveillance run request found.
2026-06-12T11:25:23.315+09:00  INFO 16804 --- [scheduling-1] c.p.ficc.app.FiccRunRequestWorker        : Starting surveillance run request worker.
2026-06-12T11:25:23.338+09:00  INFO 16804 --- [scheduling-1] c.p.ficc.app.FiccRunRequestWorker        : No pending or failed surveillance run request found.
2026-06-12T11:25:28.357+09:00  INFO 16804 --- [scheduling-1] c.p.ficc.app.FiccRunRequestWorker        : Starting surveillance run request worker.
2026-06-12T11:25:28.383+09:00  INFO 16804 --- [scheduling-1] c.p.ficc.app.FiccRunRequestWorker        : No pending or failed surveillance run request found.
2026-06-12T11:25:33.391+09:00  INFO 16804 --- [scheduling-1] c.p.ficc.app.FiccRunRequestWorker        : Starting surveillance run request worker.
2026-06-12T11:25:33.407+09:00  INFO 16804 --- [scheduling-1] c.p.ficc.app.FiccRunRequestWorker        : No pending or failed surveillance run request found.
2026-06-12T11:25:38.422+09:00  INFO 16804 --- [scheduling-1] c.p.ficc.app.FiccRunRequestWorker        : Starting surveillance run request worker.
2026-06-12T11:25:38.440+09:00  INFO 16804 --- [scheduling-1] c.p.ficc.app.FiccRunRequestWorker        : No pending or failed surveillance run request found.
2026-06-12T11:25:43.454+09:00  INFO 16804 --- [scheduling-1] c.p.ficc.app.FiccRunRequestWorker        : Starting surveillance run request worker.
2026-06-12T11:25:43.470+09:00  INFO 16804 --- [scheduling-1] c.p.ficc.app.FiccRunRequestWorker        : No pending or failed surveillance run request found.
2026-06-12T11:25:48.485+09:00  INFO 16804 --- [scheduling-1] c.p.ficc.app.FiccRunRequestWorker        : Starting surveillance run request worker.
2026-06-12T11:25:48.504+09:00  INFO 16804 --- [scheduling-1] c.p.ficc.app.FiccRunRequestWorker        : No pending or failed surveillance run request found.
2026-06-12T11:25:53.515+09:00  INFO 16804 --- [scheduling-1] c.p.ficc.app.FiccRunRequestWorker        : Starting surveillance run request worker.
2026-06-12T11:25:53.531+09:00  INFO 16804 --- [scheduling-1] c.p.ficc.app.FiccRunRequestWorker        : No pending or failed surveillance run request found.
2026-06-12T11:25:58.548+09:00  INFO 16804 --- [scheduling-1] c.p.ficc.app.FiccRunRequestWorker        : Starting surveillance run request worker.
2026-06-12T11:25:58.565+09:00  INFO 16804 --- [scheduling-1] c.p.ficc.app.FiccRunRequestWorker        : No pending or failed surveillance run request found.
2026-06-12T11:26:03.579+09:00  INFO 16804 --- [scheduling-1] c.p.ficc.app.FiccRunRequestWorker        : Starting surveillance run request worker.
2026-06-12T11:26:03.603+09:00  INFO 16804 --- [scheduling-1] c.p.ficc.app.FiccRunRequestWorker        : No pending or failed surveillance run request found.
2026-06-12T11:26:08.610+09:00  INFO 16804 --- [scheduling-1] c.p.ficc.app.FiccRunRequestWorker        : Starting surveillance run request worker.
2026-06-12T11:26:08.666+09:00  INFO 16804 --- [scheduling-1] c.p.ficc.app.FiccRunRequestWorker        : No pending or failed surveillance run request found.
2026-06-12T11:26:13.672+09:00  INFO 16804 --- [scheduling-1] c.p.ficc.app.FiccRunRequestWorker        : Starting surveillance run request worker.
2026-06-12T11:26:13.695+09:00  INFO 16804 --- [scheduling-1] c.p.ficc.app.FiccRunRequestWorker        : No pending or failed surveillance run request found.
2026-06-12T11:26:18.715+09:00  INFO 16804 --- [scheduling-1] c.p.ficc.app.FiccRunRequestWorker        : Starting surveillance run request worker.
2026-06-12T11:26:18.732+09:00  INFO 16804 --- [scheduling-1] c.p.ficc.app.FiccRunRequestWorker        : No pending or failed surveillance run request found.
2026-06-12T11:26:23.743+09:00  INFO 16804 --- [scheduling-1] c.p.ficc.app.FiccRunRequestWorker        : Starting surveillance run request worker.
2026-06-12T11:26:23.764+09:00  INFO 16804 --- [scheduling-1] c.p.ficc.app.FiccRunRequestWorker        : No pending or failed surveillance run request found.
2026-06-12T11:26:28.774+09:00  INFO 16804 --- [scheduling-1] c.p.ficc.app.FiccRunRequestWorker        : Starting surveillance run request worker.
2026-06-12T11:26:28.803+09:00  INFO 16804 --- [scheduling-1] c.p.ficc.app.FiccRunRequestWorker        : No pending or failed surveillance run request found.
2026-06-12T11:26:33.812+09:00  INFO 16804 --- [scheduling-1] c.p.ficc.app.FiccRunRequestWorker        : Starting surveillance run request worker.
2026-06-12T11:26:33.835+09:00  INFO 16804 --- [scheduling-1] c.p.ficc.app.FiccRunRequestWorker        : No pending or failed surveillance run request found.
2026-06-12T11:26:38.845+09:00  INFO 16804 --- [scheduling-1] c.p.ficc.app.FiccRunRequestWorker        : Starting surveillance run request worker.
2026-06-12T11:26:38.871+09:00  INFO 16804 --- [scheduling-1] c.p.ficc.app.FiccRunRequestWorker        : No pending or failed surveillance run request found.
2026-06-12T11:26:43.878+09:00  INFO 16804 --- [scheduling-1] c.p.ficc.app.FiccRunRequestWorker        : Starting surveillance run request worker.
2026-06-12T11:26:43.895+09:00  INFO 16804 --- [scheduling-1] c.p.ficc.app.FiccRunRequestWorker        : No pending or failed surveillance run request found.
2026-06-12T11:26:48.911+09:00  INFO 16804 --- [scheduling-1] c.p.ficc.app.FiccRunRequestWorker        : Starting surveillance run request worker.
2026-06-12T11:26:48.927+09:00  INFO 16804 --- [scheduling-1] c.p.ficc.app.FiccRunRequestWorker        : No pending or failed surveillance run request found.
2026-06-12T11:26:53.943+09:00  INFO 16804 --- [scheduling-1] c.p.ficc.app.FiccRunRequestWorker        : Starting surveillance run request worker.
2026-06-12T11:26:53.958+09:00  INFO 16804 --- [scheduling-1] c.p.ficc.app.FiccRunRequestWorker        : No pending or failed surveillance run request found.
2026-06-12T11:26:58.969+09:00  INFO 16804 --- [scheduling-1] c.p.ficc.app.FiccRunRequestWorker        : Starting surveillance run request worker.
2026-06-12T11:26:58.985+09:00  INFO 16804 --- [scheduling-1] c.p.ficc.app.FiccRunRequestWorker        : No pending or failed surveillance run request found.
2026-06-12T11:27:04.006+09:00  INFO 16804 --- [scheduling-1] c.p.ficc.app.FiccRunRequestWorker        : Starting surveillance run request worker.
2026-06-12T11:27:04.029+09:00  INFO 16804 --- [scheduling-1] c.p.ficc.app.FiccRunRequestWorker        : No pending or failed surveillance run request found.
2026-06-12T11:27:09.032+09:00  INFO 16804 --- [scheduling-1] c.p.ficc.app.FiccRunRequestWorker        : Starting surveillance run request worker.
2026-06-12T11:27:09.055+09:00  INFO 16804 --- [scheduling-1] c.p.ficc.app.FiccRunRequestWorker        : No pending or failed surveillance run request found.
2026-06-12T11:27:14.063+09:00  INFO 16804 --- [scheduling-1] c.p.ficc.app.FiccRunRequestWorker        : Starting surveillance run request worker.
2026-06-12T11:27:14.079+09:00  INFO 16804 --- [scheduling-1] c.p.ficc.app.FiccRunRequestWorker        : No pending or failed surveillance run request found.
2026-06-12T11:27:19.104+09:00  INFO 16804 --- [scheduling-1] c.p.ficc.app.FiccRunRequestWorker        : Starting surveillance run request worker.
2026-06-12T11:27:19.123+09:00  INFO 16804 --- [scheduling-1] c.p.ficc.app.FiccRunRequestWorker        : No pending or failed surveillance run request found.
2026-06-12T11:27:24.143+09:00  INFO 16804 --- [scheduling-1] c.p.ficc.app.FiccRunRequestWorker        : Starting surveillance run request worker.
2026-06-12T11:27:24.156+09:00  INFO 16804 --- [scheduling-1] c.p.ficc.app.FiccRunRequestWorker        : No pending or failed surveillance run request found.
2026-06-12T11:27:29.173+09:00  INFO 16804 --- [scheduling-1] c.p.ficc.app.FiccRunRequestWorker        : Starting surveillance run request worker.
2026-06-12T11:27:29.197+09:00  INFO 16804 --- [scheduling-1] c.p.ficc.app.FiccRunRequestWorker        : No pending or failed surveillance run request found.
2026-06-12T11:27:34.204+09:00  INFO 16804 --- [scheduling-1] c.p.ficc.app.FiccRunRequestWorker        : Starting surveillance run request worker.
2026-06-12T11:27:34.220+09:00  INFO 16804 --- [scheduling-1] c.p.ficc.app.FiccRunRequestWorker        : No pending or failed surveillance run request found.
2026-06-12T11:27:39.236+09:00  INFO 16804 --- [scheduling-1] c.p.ficc.app.FiccRunRequestWorker        : Starting surveillance run request worker.
2026-06-12T11:27:39.249+09:00  INFO 16804 --- [scheduling-1] c.p.ficc.app.FiccRunRequestWorker        : No pending or failed surveillance run request found.
2026-06-12T11:27:44.256+09:00  INFO 16804 --- [scheduling-1] c.p.ficc.app.FiccRunRequestWorker        : Starting surveillance run request worker.
2026-06-12T11:27:44.273+09:00  INFO 16804 --- [scheduling-1] c.p.ficc.app.FiccRunRequestWorker        : No pending or failed surveillance run request found.
2026-06-12T11:27:49.282+09:00  INFO 16804 --- [scheduling-1] c.p.ficc.app.FiccRunRequestWorker        : Starting surveillance run request worker.
2026-06-12T11:27:49.297+09:00  INFO 16804 --- [scheduling-1] c.p.ficc.app.FiccRunRequestWorker        : No pending or failed surveillance run request found.
2026-06-12T11:27:54.316+09:00  INFO 16804 --- [scheduling-1] c.p.ficc.app.FiccRunRequestWorker        : Starting surveillance run request worker.
2026-06-12T11:27:54.332+09:00  INFO 16804 --- [scheduling-1] c.p.ficc.app.FiccRunRequestWorker        : No pending or failed surveillance run request found.
2026-06-12T11:27:59.346+09:00  INFO 16804 --- [scheduling-1] c.p.ficc.app.FiccRunRequestWorker        : Starting surveillance run request worker.
2026-06-12T11:27:59.366+09:00  INFO 16804 --- [scheduling-1] c.p.ficc.app.FiccRunRequestWorker        : No pending or failed surveillance run request found.
2026-06-12T11:28:04.377+09:00  INFO 16804 --- [scheduling-1] c.p.ficc.app.FiccRunRequestWorker        : Starting surveillance run request worker.
2026-06-12T11:28:04.408+09:00  INFO 16804 --- [scheduling-1] c.p.ficc.app.FiccRunRequestWorker        : No pending or failed surveillance run request found.
2026-06-12T11:28:09.422+09:00  INFO 16804 --- [scheduling-1] c.p.ficc.app.FiccRunRequestWorker        : Starting surveillance run request worker.
2026-06-12T11:28:09.446+09:00  INFO 16804 --- [scheduling-1] c.p.ficc.app.FiccRunRequestWorker        : No pending or failed surveillance run request found.
2026-06-12T11:28:14.453+09:00  INFO 16804 --- [scheduling-1] c.p.ficc.app.FiccRunRequestWorker        : Starting surveillance run request worker.
2026-06-12T11:28:14.473+09:00  INFO 16804 --- [scheduling-1] c.p.ficc.app.FiccRunRequestWorker        : No pending or failed surveillance run request found.
2026-06-12T11:28:19.473+09:00  INFO 16804 --- [scheduling-1] c.p.ficc.app.FiccRunRequestWorker        : Starting surveillance run request worker.
2026-06-12T11:28:19.493+09:00  INFO 16804 --- [scheduling-1] c.p.ficc.app.FiccRunRequestWorker        : No pending or failed surveillance run request found.
2026-06-12T11:28:24.515+09:00  INFO 16804 --- [scheduling-1] c.p.ficc.app.FiccRunRequestWorker        : Starting surveillance run request worker.
2026-06-12T11:28:24.537+09:00  INFO 16804 --- [scheduling-1] c.p.ficc.app.FiccRunRequestWorker        : No pending or failed surveillance run request found.
2026-06-12T11:28:29.551+09:00  INFO 16804 --- [scheduling-1] c.p.ficc.app.FiccRunRequestWorker        : Starting surveillance run request worker.
2026-06-12T11:28:29.573+09:00  INFO 16804 --- [scheduling-1] c.p.ficc.app.FiccRunRequestWorker        : No pending or failed surveillance run request found.
2026-06-12T11:28:34.580+09:00  INFO 16804 --- [scheduling-1] c.p.ficc.app.FiccRunRequestWorker        : Starting surveillance run request worker.
2026-06-12T11:28:34.590+09:00  INFO 16804 --- [scheduling-1] c.p.ficc.app.FiccRunRequestWorker        : No pending or failed surveillance run request found.
2026-06-12T11:28:39.612+09:00  INFO 16804 --- [scheduling-1] c.p.ficc.app.FiccRunRequestWorker        : Starting surveillance run request worker.
2026-06-12T11:28:39.657+09:00  INFO 16804 --- [scheduling-1] c.p.ficc.app.FiccRunRequestWorker        : No pending or failed surveillance run request found.
2026-06-12T11:28:44.658+09:00  INFO 16804 --- [scheduling-1] c.p.ficc.app.FiccRunRequestWorker        : Starting surveillance run request worker.
2026-06-12T11:28:44.673+09:00  INFO 16804 --- [scheduling-1] c.p.ficc.app.FiccRunRequestWorker        : No pending or failed surveillance run request found.
2026-06-12T11:28:49.691+09:00  INFO 16804 --- [scheduling-1] c.p.ficc.app.FiccRunRequestWorker        : Starting surveillance run request worker.
2026-06-12T11:28:49.706+09:00  INFO 16804 --- [scheduling-1] c.p.ficc.app.FiccRunRequestWorker        : No pending or failed surveillance run request found.
2026-06-12T11:28:54.719+09:00  INFO 16804 --- [scheduling-1] c.p.ficc.app.FiccRunRequestWorker        : Starting surveillance run request worker.
2026-06-12T11:28:54.735+09:00  INFO 16804 --- [scheduling-1] c.p.ficc.app.FiccRunRequestWorker        : No pending or failed surveillance run request found.
2026-06-12T11:28:59.754+09:00  INFO 16804 --- [scheduling-1] c.p.ficc.app.FiccRunRequestWorker        : Starting surveillance run request worker.
2026-06-12T11:28:59.784+09:00  INFO 16804 --- [scheduling-1] c.p.ficc.app.FiccRunRequestWorker        : No pending or failed surveillance run request found.
2026-06-12T11:29:04.797+09:00  INFO 16804 --- [scheduling-1] c.p.ficc.app.FiccRunRequestWorker        : Starting surveillance run request worker.
2026-06-12T11:29:04.825+09:00  INFO 16804 --- [scheduling-1] c.p.ficc.app.FiccRunRequestWorker        : No pending or failed surveillance run request found.
2026-06-12T11:29:09.829+09:00  INFO 16804 --- [scheduling-1] c.p.ficc.app.FiccRunRequestWorker        : Starting surveillance run request worker.
2026-06-12T11:29:09.845+09:00  INFO 16804 --- [scheduling-1] c.p.ficc.app.FiccRunRequestWorker        : No pending or failed surveillance run request found.
2026-06-12T11:29:14.860+09:00  INFO 16804 --- [scheduling-1] c.p.ficc.app.FiccRunRequestWorker        : Starting surveillance run request worker.
2026-06-12T11:29:14.885+09:00  INFO 16804 --- [scheduling-1] c.p.ficc.app.FiccRunRequestWorker        : No pending or failed surveillance run request found.
2026-06-12T11:29:19.889+09:00  INFO 16804 --- [scheduling-1] c.p.ficc.app.FiccRunRequestWorker        : Starting surveillance run request worker.
2026-06-12T11:29:19.914+09:00  INFO 16804 --- [scheduling-1] c.p.ficc.app.FiccRunRequestWorker        : No pending or failed surveillance run request found.
2026-06-12T11:29:24.922+09:00  INFO 16804 --- [scheduling-1] c.p.ficc.app.FiccRunRequestWorker        : Starting surveillance run request worker.
2026-06-12T11:29:24.946+09:00  INFO 16804 --- [scheduling-1] c.p.ficc.app.FiccRunRequestWorker        : No pending or failed surveillance run request found.
2026-06-12T11:29:29.954+09:00  INFO 16804 --- [scheduling-1] c.p.ficc.app.FiccRunRequestWorker        : Starting surveillance run request worker.
2026-06-12T11:29:29.986+09:00  INFO 16804 --- [scheduling-1] c.p.ficc.app.FiccRunRequestWorker        : No pending or failed surveillance run request found.
2026-06-12T11:29:35.003+09:00  INFO 16804 --- [scheduling-1] c.p.ficc.app.FiccRunRequestWorker        : Starting surveillance run request worker.
2026-06-12T11:29:35.017+09:00  INFO 16804 --- [scheduling-1] c.p.ficc.app.FiccRunRequestWorker        : No pending or failed surveillance run request found.
2026-06-12T11:29:40.047+09:00  INFO 16804 --- [scheduling-1] c.p.ficc.app.FiccRunRequestWorker        : Starting surveillance run request worker.
2026-06-12T11:29:40.065+09:00  INFO 16804 --- [scheduling-1] c.p.ficc.app.FiccRunRequestWorker        : No pending or failed surveillance run request found.
2026-06-12T11:29:45.080+09:00  INFO 16804 --- [scheduling-1] c.p.ficc.app.FiccRunRequestWorker        : Starting surveillance run request worker.
2026-06-12T11:29:45.106+09:00  INFO 16804 --- [scheduling-1] c.p.ficc.app.FiccRunRequestWorker        : No pending or failed surveillance run request found.
2026-06-12T11:29:50.120+09:00  INFO 16804 --- [scheduling-1] c.p.ficc.app.FiccRunRequestWorker        : Starting surveillance run request worker.
2026-06-12T11:29:50.153+09:00  INFO 16804 --- [scheduling-1] c.p.ficc.app.FiccRunRequestWorker        : No pending or failed surveillance run request found.
2026-06-12T11:29:55.164+09:00  INFO 16804 --- [scheduling-1] c.p.ficc.app.FiccRunRequestWorker        : Starting surveillance run request worker.
2026-06-12T11:29:55.180+09:00  INFO 16804 --- [scheduling-1] c.p.ficc.app.FiccRunRequestWorker        : No pending or failed surveillance run request found.
2026-06-12T11:30:00.196+09:00  INFO 16804 --- [scheduling-1] c.p.ficc.app.FiccRunRequestWorker        : Starting surveillance run request worker.
2026-06-12T11:30:00.214+09:00  INFO 16804 --- [scheduling-1] c.p.ficc.app.FiccRunRequestWorker        : No pending or failed surveillance run request found.
2026-06-12T11:30:05.216+09:00  INFO 16804 --- [scheduling-1] c.p.ficc.app.FiccRunRequestWorker        : Starting surveillance run request worker.
2026-06-12T11:30:05.238+09:00  INFO 16804 --- [scheduling-1] c.p.ficc.app.FiccRunRequestWorker        : No pending or failed surveillance run request found.
2026-06-12T11:30:10.251+09:00  INFO 16804 --- [scheduling-1] c.p.ficc.app.FiccRunRequestWorker        : Starting surveillance run request worker.
2026-06-12T11:30:10.267+09:00  INFO 16804 --- [scheduling-1] c.p.ficc.app.FiccRunRequestWorker        : No pending or failed surveillance run request found.
2026-06-12T11:30:15.287+09:00  INFO 16804 --- [scheduling-1] c.p.ficc.app.FiccRunRequestWorker        : Starting surveillance run request worker.
2026-06-12T11:30:15.306+09:00  INFO 16804 --- [scheduling-1] c.p.ficc.app.FiccRunRequestWorker        : No pending or failed surveillance run request found.
2026-06-12T11:30:20.319+09:00  INFO 16804 --- [scheduling-1] c.p.ficc.app.FiccRunRequestWorker        : Starting surveillance run request worker.
2026-06-12T11:30:20.337+09:00  INFO 16804 --- [scheduling-1] c.p.ficc.app.FiccRunRequestWorker        : No pending or failed surveillance run request found.
2026-06-12T11:30:25.345+09:00  INFO 16804 --- [scheduling-1] c.p.ficc.app.FiccRunRequestWorker        : Starting surveillance run request worker.
2026-06-12T11:30:25.392+09:00  INFO 16804 --- [scheduling-1] c.p.ficc.app.FiccRunRequestWorker        : No pending or failed surveillance run request found.
2026-06-12T11:30:30.401+09:00  INFO 16804 --- [scheduling-1] c.p.ficc.app.FiccRunRequestWorker        : Starting surveillance run request worker.
2026-06-12T11:30:30.432+09:00  INFO 16804 --- [scheduling-1] c.p.ficc.app.FiccRunRequestWorker        : No pending or failed surveillance run request found.
2026-06-12T11:30:35.439+09:00  INFO 16804 --- [scheduling-1] c.p.ficc.app.FiccRunRequestWorker        : Starting surveillance run request worker.
2026-06-12T11:30:35.469+09:00  INFO 16804 --- [scheduling-1] c.p.ficc.app.FiccRunRequestWorker        : No pending or failed surveillance run request found.
2026-06-12T11:30:40.485+09:00  INFO 16804 --- [scheduling-1] c.p.ficc.app.FiccRunRequestWorker        : Starting surveillance run request worker.
2026-06-12T11:30:40.503+09:00  INFO 16804 --- [scheduling-1] c.p.ficc.app.FiccRunRequestWorker        : No pending or failed surveillance run request found.
2026-06-12T11:30:45.519+09:00  INFO 16804 --- [scheduling-1] c.p.ficc.app.FiccRunRequestWorker        : Starting surveillance run request worker.
2026-06-12T11:30:45.542+09:00  INFO 16804 --- [scheduling-1] c.p.ficc.app.FiccRunRequestWorker        : No pending or failed surveillance run request found.
2026-06-12T11:30:50.548+09:00  INFO 16804 --- [scheduling-1] c.p.ficc.app.FiccRunRequestWorker        : Starting surveillance run request worker.
2026-06-12T11:30:50.573+09:00  INFO 16804 --- [scheduling-1] c.p.ficc.app.FiccRunRequestWorker        : No pending or failed surveillance run request found.
2026-06-12T11:30:55.580+09:00  INFO 16804 --- [scheduling-1] c.p.ficc.app.FiccRunRequestWorker        : Starting surveillance run request worker.
2026-06-12T11:30:55.596+09:00  INFO 16804 --- [scheduling-1] c.p.ficc.app.FiccRunRequestWorker        : No pending or failed surveillance run request found.
2026-06-12T11:31:00.613+09:00  INFO 16804 --- [scheduling-1] c.p.ficc.app.FiccRunRequestWorker        : Starting surveillance run request worker.
2026-06-12T11:31:00.629+09:00  INFO 16804 --- [scheduling-1] c.p.ficc.app.FiccRunRequestWorker        : No pending or failed surveillance run request found.
2026-06-12T11:31:05.650+09:00  INFO 16804 --- [scheduling-1] c.p.ficc.app.FiccRunRequestWorker        : Starting surveillance run request worker.
2026-06-12T11:31:05.668+09:00  INFO 16804 --- [scheduling-1] c.p.ficc.app.FiccRunRequestWorker        : No pending or failed surveillance run request found.
2026-06-12T11:31:10.676+09:00  INFO 16804 --- [scheduling-1] c.p.ficc.app.FiccRunRequestWorker        : Starting surveillance run request worker.
2026-06-12T11:31:10.692+09:00  INFO 16804 --- [scheduling-1] c.p.ficc.app.FiccRunRequestWorker        : No pending or failed surveillance run request found.
2026-06-12T11:31:15.704+09:00  INFO 16804 --- [scheduling-1] c.p.ficc.app.FiccRunRequestWorker        : Starting surveillance run request worker.
2026-06-12T11:31:15.720+09:00  INFO 16804 --- [scheduling-1] c.p.ficc.app.FiccRunRequestWorker        : No pending or failed surveillance run request found.
2026-06-12T11:31:20.735+09:00  INFO 16804 --- [scheduling-1] c.p.ficc.app.FiccRunRequestWorker        : Starting surveillance run request worker.
2026-06-12T11:31:20.754+09:00  INFO 16804 --- [scheduling-1] c.p.ficc.app.FiccRunRequestWorker        : No pending or failed surveillance run request found.
2026-06-12T11:31:25.767+09:00  INFO 16804 --- [scheduling-1] c.p.ficc.app.FiccRunRequestWorker        : Starting surveillance run request worker.
2026-06-12T11:31:25.794+09:00  INFO 16804 --- [scheduling-1] c.p.ficc.app.FiccRunRequestWorker        : No pending or failed surveillance run request found.
2026-06-12T11:31:30.798+09:00  INFO 16804 --- [scheduling-1] c.p.ficc.app.FiccRunRequestWorker        : Starting surveillance run request worker.
2026-06-12T11:31:30.820+09:00  INFO 16804 --- [scheduling-1] c.p.ficc.app.FiccRunRequestWorker        : No pending or failed surveillance run request found.
2026-06-12T11:31:35.833+09:00  INFO 16804 --- [scheduling-1] c.p.ficc.app.FiccRunRequestWorker        : Starting surveillance run request worker.
2026-06-12T11:31:35.859+09:00  INFO 16804 --- [scheduling-1] c.p.ficc.app.FiccRunRequestWorker        : No pending or failed surveillance run request found.
2026-06-12T11:31:40.891+09:00  INFO 16804 --- [scheduling-1] c.p.ficc.app.FiccRunRequestWorker        : Starting surveillance run request worker.
2026-06-12T11:31:40.907+09:00  INFO 16804 --- [scheduling-1] c.p.ficc.app.FiccRunRequestWorker        : No pending or failed surveillance run request found.
2026-06-12T11:31:45.924+09:00  INFO 16804 --- [scheduling-1] c.p.ficc.app.FiccRunRequestWorker        : Starting surveillance run request worker.
2026-06-12T11:31:45.944+09:00  INFO 16804 --- [scheduling-1] c.p.ficc.app.FiccRunRequestWorker        : No pending or failed surveillance run request found.
2026-06-12T11:31:50.954+09:00  INFO 16804 --- [scheduling-1] c.p.ficc.app.FiccRunRequestWorker        : Starting surveillance run request worker.
2026-06-12T11:31:50.975+09:00  INFO 16804 --- [scheduling-1] c.p.ficc.app.FiccRunRequestWorker        : No pending or failed surveillance run request found.
2026-06-12T11:31:56.001+09:00  INFO 16804 --- [scheduling-1] c.p.ficc.app.FiccRunRequestWorker        : Starting surveillance run request worker.
2026-06-12T11:31:56.022+09:00  INFO 16804 --- [scheduling-1] c.p.ficc.app.FiccRunRequestWorker        : No pending or failed surveillance run request found.
2026-06-12T11:32:01.031+09:00  INFO 16804 --- [scheduling-1] c.p.ficc.app.FiccRunRequestWorker        : Starting surveillance run request worker.
2026-06-12T11:32:01.052+09:00  INFO 16804 --- [scheduling-1] c.p.ficc.app.FiccRunRequestWorker        : No pending or failed surveillance run request found.
2026-06-12T11:32:06.080+09:00  INFO 16804 --- [scheduling-1] c.p.ficc.app.FiccRunRequestWorker        : Starting surveillance run request worker.
2026-06-12T11:32:06.104+09:00  INFO 16804 --- [scheduling-1] c.p.ficc.app.FiccRunRequestWorker        : No pending or failed surveillance run request found.
2026-06-12T11:32:11.110+09:00  INFO 16804 --- [scheduling-1] c.p.ficc.app.FiccRunRequestWorker        : Starting surveillance run request worker.
2026-06-12T11:32:11.130+09:00  INFO 16804 --- [scheduling-1] c.p.ficc.app.FiccRunRequestWorker        : No pending or failed surveillance run request found.
2026-06-12T11:32:16.144+09:00  INFO 16804 --- [scheduling-1] c.p.ficc.app.FiccRunRequestWorker        : Starting surveillance run request worker.
2026-06-12T11:32:16.160+09:00  INFO 16804 --- [scheduling-1] c.p.ficc.app.FiccRunRequestWorker        : No pending or failed surveillance run request found.
2026-06-12T11:32:21.175+09:00  INFO 16804 --- [scheduling-1] c.p.ficc.app.FiccRunRequestWorker        : Starting surveillance run request worker.
2026-06-12T11:32:21.193+09:00  INFO 16804 --- [scheduling-1] c.p.ficc.app.FiccRunRequestWorker        : No pending or failed surveillance run request found.
2026-06-12T11:32:26.214+09:00  INFO 16804 --- [scheduling-1] c.p.ficc.app.FiccRunRequestWorker        : Starting surveillance run request worker.
2026-06-12T11:32:26.229+09:00  INFO 16804 --- [scheduling-1] c.p.ficc.app.FiccRunRequestWorker        : No pending or failed surveillance run request found.
2026-06-12T11:32:31.250+09:00  INFO 16804 --- [scheduling-1] c.p.ficc.app.FiccRunRequestWorker        : Starting surveillance run request worker.
2026-06-12T11:32:31.269+09:00  INFO 16804 --- [scheduling-1] c.p.ficc.app.FiccRunRequestWorker        : No pending or failed surveillance run request found.
2026-06-12T11:32:36.281+09:00  INFO 16804 --- [scheduling-1] c.p.ficc.app.FiccRunRequestWorker        : Starting surveillance run request worker.
2026-06-12T11:32:36.305+09:00  INFO 16804 --- [scheduling-1] c.p.ficc.app.FiccRunRequestWorker        : No pending or failed surveillance run request found.
2026-06-12T11:32:41.313+09:00  INFO 16804 --- [scheduling-1] c.p.ficc.app.FiccRunRequestWorker        : Starting surveillance run request worker.
2026-06-12T11:32:41.332+09:00  INFO 16804 --- [scheduling-1] c.p.ficc.app.FiccRunRequestWorker        : No pending or failed surveillance run request found.
2026-06-12T11:32:46.344+09:00  INFO 16804 --- [scheduling-1] c.p.ficc.app.FiccRunRequestWorker        : Starting surveillance run request worker.
2026-06-12T11:32:46.360+09:00  INFO 16804 --- [scheduling-1] c.p.ficc.app.FiccRunRequestWorker        : No pending or failed surveillance run request found.
2026-06-12T11:32:51.376+09:00  INFO 16804 --- [scheduling-1] c.p.ficc.app.FiccRunRequestWorker        : Starting surveillance run request worker.
2026-06-12T11:32:51.397+09:00  INFO 16804 --- [scheduling-1] c.p.ficc.app.FiccRunRequestWorker        : No pending or failed surveillance run request found.
2026-06-12T11:32:56.407+09:00  INFO 16804 --- [scheduling-1] c.p.ficc.app.FiccRunRequestWorker        : Starting surveillance run request worker.
2026-06-12T11:32:56.432+09:00  INFO 16804 --- [scheduling-1] c.p.ficc.app.FiccRunRequestWorker        : No pending or failed surveillance run request found.
2026-06-12T11:33:01.441+09:00  INFO 16804 --- [scheduling-1] c.p.ficc.app.FiccRunRequestWorker        : Starting surveillance run request worker.
2026-06-12T11:33:01.468+09:00  INFO 16804 --- [scheduling-1] c.p.ficc.app.FiccRunRequestWorker        : No pending or failed surveillance run request found.
2026-06-12T11:33:06.470+09:00  INFO 16804 --- [scheduling-1] c.p.ficc.app.FiccRunRequestWorker        : Starting surveillance run request worker.
2026-06-12T11:33:06.494+09:00  INFO 16804 --- [scheduling-1] c.p.ficc.app.FiccRunRequestWorker        : No pending or failed surveillance run request found.
2026-06-12T11:33:11.509+09:00  INFO 16804 --- [scheduling-1] c.p.ficc.app.FiccRunRequestWorker        : Starting surveillance run request worker.
2026-06-12T11:33:11.530+09:00  INFO 16804 --- [scheduling-1] c.p.ficc.app.FiccRunRequestWorker        : No pending or failed surveillance run request found.
2026-06-12T11:33:16.544+09:00  INFO 16804 --- [scheduling-1] c.p.ficc.app.FiccRunRequestWorker        : Starting surveillance run request worker.
2026-06-12T11:33:16.568+09:00  INFO 16804 --- [scheduling-1] c.p.ficc.app.FiccRunRequestWorker        : No pending or failed surveillance run request found.
2026-06-12T11:33:21.575+09:00  INFO 16804 --- [scheduling-1] c.p.ficc.app.FiccRunRequestWorker        : Starting surveillance run request worker.
2026-06-12T11:33:21.583+09:00  INFO 16804 --- [scheduling-1] c.p.ficc.app.FiccRunRequestWorker        : No pending or failed surveillance run request found.
2026-06-12T11:33:26.593+09:00  INFO 16804 --- [scheduling-1] c.p.ficc.app.FiccRunRequestWorker        : Starting surveillance run request worker.
2026-06-12T11:33:26.613+09:00  INFO 16804 --- [scheduling-1] c.p.ficc.app.FiccRunRequestWorker        : No pending or failed surveillance run request found.
2026-06-12T11:33:31.614+09:00  INFO 16804 --- [scheduling-1] c.p.ficc.app.FiccRunRequestWorker        : Starting surveillance run request worker.
2026-06-12T11:33:31.630+09:00  INFO 16804 --- [scheduling-1] c.p.ficc.app.FiccRunRequestWorker        : No pending or failed surveillance run request found.
2026-06-12T11:33:36.640+09:00  INFO 16804 --- [scheduling-1] c.p.ficc.app.FiccRunRequestWorker        : Starting surveillance run request worker.
2026-06-12T11:33:36.656+09:00  INFO 16804 --- [scheduling-1] c.p.ficc.app.FiccRunRequestWorker        : No pending or failed surveillance run request found.
2026-06-12T11:33:41.677+09:00  INFO 16804 --- [scheduling-1] c.p.ficc.app.FiccRunRequestWorker        : Starting surveillance run request worker.
2026-06-12T11:33:41.700+09:00  INFO 16804 --- [scheduling-1] c.p.ficc.app.FiccRunRequestWorker        : No pending or failed surveillance run request found.
2026-06-12T11:33:46.712+09:00  INFO 16804 --- [scheduling-1] c.p.ficc.app.FiccRunRequestWorker        : Starting surveillance run request worker.
2026-06-12T11:33:46.728+09:00  INFO 16804 --- [scheduling-1] c.p.ficc.app.FiccRunRequestWorker        : No pending or failed surveillance run request found.
2026-06-12T11:33:51.743+09:00  INFO 16804 --- [scheduling-1] c.p.ficc.app.FiccRunRequestWorker        : Starting surveillance run request worker.
2026-06-12T11:33:51.778+09:00  INFO 16804 --- [scheduling-1] c.p.ficc.app.FiccRunRequestWorker        : No pending or failed surveillance run request found.
2026-06-12T11:33:56.795+09:00  INFO 16804 --- [scheduling-1] c.p.ficc.app.FiccRunRequestWorker        : Starting surveillance run request worker.
2026-06-12T11:33:56.814+09:00  INFO 16804 --- [scheduling-1] c.p.ficc.app.FiccRunRequestWorker        : No pending or failed surveillance run request found.
2026-06-12T11:34:01.827+09:00  INFO 16804 --- [scheduling-1] c.p.ficc.app.FiccRunRequestWorker        : Starting surveillance run request worker.
2026-06-12T11:34:01.844+09:00  INFO 16804 --- [scheduling-1] c.p.ficc.app.FiccRunRequestWorker        : No pending or failed surveillance run request found.
2026-06-12T11:34:06.859+09:00  INFO 16804 --- [scheduling-1] c.p.ficc.app.FiccRunRequestWorker        : Starting surveillance run request worker.
2026-06-12T11:34:06.881+09:00  INFO 16804 --- [scheduling-1] c.p.ficc.app.FiccRunRequestWorker        : No pending or failed surveillance run request found.
2026-06-12T11:34:11.894+09:00  INFO 16804 --- [scheduling-1] c.p.ficc.app.FiccRunRequestWorker        : Starting surveillance run request worker.
2026-06-12T11:34:11.913+09:00  INFO 16804 --- [scheduling-1] c.p.ficc.app.FiccRunRequestWorker        : No pending or failed surveillance run request found.
2026-06-12T11:34:16.927+09:00  INFO 16804 --- [scheduling-1] c.p.ficc.app.FiccRunRequestWorker        : Starting surveillance run request worker.
2026-06-12T11:34:16.942+09:00  INFO 16804 --- [scheduling-1] c.p.ficc.app.FiccRunRequestWorker        : No pending or failed surveillance run request found.
2026-06-12T11:34:21.956+09:00  INFO 16804 --- [scheduling-1] c.p.ficc.app.FiccRunRequestWorker        : Starting surveillance run request worker.
2026-06-12T11:34:21.981+09:00  INFO 16804 --- [scheduling-1] c.p.ficc.app.FiccRunRequestWorker        : No pending or failed surveillance run request found.
2026-06-12T11:34:26.989+09:00  INFO 16804 --- [scheduling-1] c.p.ficc.app.FiccRunRequestWorker        : Starting surveillance run request worker.
2026-06-12T11:34:27.010+09:00  INFO 16804 --- [scheduling-1] c.p.ficc.app.FiccRunRequestWorker        : No pending or failed surveillance run request found.
2026-06-12T11:34:32.024+09:00  INFO 16804 --- [scheduling-1] c.p.ficc.app.FiccRunRequestWorker        : Starting surveillance run request worker.
2026-06-12T11:34:32.045+09:00  INFO 16804 --- [scheduling-1] c.p.ficc.app.FiccRunRequestWorker        : No pending or failed surveillance run request found.
2026-06-12T11:34:37.064+09:00  INFO 16804 --- [scheduling-1] c.p.ficc.app.FiccRunRequestWorker        : Starting surveillance run request worker.
2026-06-12T11:34:37.085+09:00  INFO 16804 --- [scheduling-1] c.p.ficc.app.FiccRunRequestWorker        : No pending or failed surveillance run request found.
2026-06-12T11:34:42.090+09:00  INFO 16804 --- [scheduling-1] c.p.ficc.app.FiccRunRequestWorker        : Starting surveillance run request worker.
2026-06-12T11:34:42.107+09:00  INFO 16804 --- [scheduling-1] c.p.ficc.app.FiccRunRequestWorker        : No pending or failed surveillance run request found.
2026-06-12T11:34:47.125+09:00  INFO 16804 --- [scheduling-1] c.p.ficc.app.FiccRunRequestWorker        : Starting surveillance run request worker.
2026-06-12T11:34:47.149+09:00  INFO 16804 --- [scheduling-1] c.p.ficc.app.FiccRunRequestWorker        : No pending or failed surveillance run request found.
2026-06-12T11:34:52.157+09:00  INFO 16804 --- [scheduling-1] c.p.ficc.app.FiccRunRequestWorker        : Starting surveillance run request worker.
2026-06-12T11:34:52.178+09:00  INFO 16804 --- [scheduling-1] c.p.ficc.app.FiccRunRequestWorker        : No pending or failed surveillance run request found.
2026-06-12T11:34:57.188+09:00  INFO 16804 --- [scheduling-1] c.p.ficc.app.FiccRunRequestWorker        : Starting surveillance run request worker.
2026-06-12T11:34:57.208+09:00  INFO 16804 --- [scheduling-1] c.p.ficc.app.FiccRunRequestWorker        : No pending or failed surveillance run request found.
2026-06-12T11:35:02.211+09:00  INFO 16804 --- [scheduling-1] c.p.ficc.app.FiccRunRequestWorker        : Starting surveillance run request worker.
2026-06-12T11:35:02.231+09:00  INFO 16804 --- [scheduling-1] c.p.ficc.app.FiccRunRequestWorker        : No pending or failed surveillance run request found.
2026-06-12T11:35:07.240+09:00  INFO 16804 --- [scheduling-1] c.p.ficc.app.FiccRunRequestWorker        : Starting surveillance run request worker.
2026-06-12T11:35:07.270+09:00  INFO 16804 --- [scheduling-1] c.p.ficc.app.FiccRunRequestWorker        : No pending or failed surveillance run request found.
2026-06-12T11:35:12.282+09:00  INFO 16804 --- [scheduling-1] c.p.ficc.app.FiccRunRequestWorker        : Starting surveillance run request worker.
2026-06-12T11:35:12.304+09:00  INFO 16804 --- [scheduling-1] c.p.ficc.app.FiccRunRequestWorker        : No pending or failed surveillance run request found.
2026-06-12T11:35:17.314+09:00  INFO 16804 --- [scheduling-1] c.p.ficc.app.FiccRunRequestWorker        : Starting surveillance run request worker.
2026-06-12T11:35:17.330+09:00  INFO 16804 --- [scheduling-1] c.p.ficc.app.FiccRunRequestWorker        : No pending or failed surveillance run request found.
2026-06-12T11:35:22.344+09:00  INFO 16804 --- [scheduling-1] c.p.ficc.app.FiccRunRequestWorker        : Starting surveillance run request worker.
2026-06-12T11:35:22.360+09:00  INFO 16804 --- [scheduling-1] c.p.ficc.app.FiccRunRequestWorker        : No pending or failed surveillance run request found.
2026-06-12T11:35:27.374+09:00  INFO 16804 --- [scheduling-1] c.p.ficc.app.FiccRunRequestWorker        : Starting surveillance run request worker.
2026-06-12T11:35:27.390+09:00  INFO 16804 --- [scheduling-1] c.p.ficc.app.FiccRunRequestWorker        : No pending or failed surveillance run request found.
2026-06-12T11:35:32.406+09:00  INFO 16804 --- [scheduling-1] c.p.ficc.app.FiccRunRequestWorker        : Starting surveillance run request worker.
2026-06-12T11:35:32.422+09:00  INFO 16804 --- [scheduling-1] c.p.ficc.app.FiccRunRequestWorker        : No pending or failed surveillance run request found.
2026-06-12T11:35:37.440+09:00  INFO 16804 --- [scheduling-1] c.p.ficc.app.FiccRunRequestWorker        : Starting surveillance run request worker.
2026-06-12T11:35:37.455+09:00  INFO 16804 --- [scheduling-1] c.p.ficc.app.FiccRunRequestWorker        : No pending or failed surveillance run request found.
2026-06-12T11:35:42.470+09:00  INFO 16804 --- [scheduling-1] c.p.ficc.app.FiccRunRequestWorker        : Starting surveillance run request worker.
2026-06-12T11:35:42.498+09:00  INFO 16804 --- [scheduling-1] c.p.ficc.app.FiccRunRequestWorker        : No pending or failed surveillance run request found.
2026-06-12T11:35:47.502+09:00  INFO 16804 --- [scheduling-1] c.p.ficc.app.FiccRunRequestWorker        : Starting surveillance run request worker.
2026-06-12T11:35:47.529+09:00  INFO 16804 --- [scheduling-1] c.p.ficc.app.FiccRunRequestWorker        : No pending or failed surveillance run request found.
2026-06-12T11:35:52.548+09:00  INFO 16804 --- [scheduling-1] c.p.ficc.app.FiccRunRequestWorker        : Starting surveillance run request worker.
2026-06-12T11:35:52.574+09:00  INFO 16804 --- [scheduling-1] c.p.ficc.app.FiccRunRequestWorker        : No pending or failed surveillance run request found.
2026-06-12T11:35:57.581+09:00  INFO 16804 --- [scheduling-1] c.p.ficc.app.FiccRunRequestWorker        : Starting surveillance run request worker.
2026-06-12T11:35:57.603+09:00  INFO 16804 --- [scheduling-1] c.p.ficc.app.FiccRunRequestWorker        : No pending or failed surveillance run request found.
2026-06-12T11:36:02.614+09:00  INFO 16804 --- [scheduling-1] c.p.ficc.app.FiccRunRequestWorker        : Starting surveillance run request worker.
2026-06-12T11:36:02.638+09:00  INFO 16804 --- [scheduling-1] c.p.ficc.app.FiccRunRequestWorker        : No pending or failed surveillance run request found.
2026-06-12T11:36:07.641+09:00  INFO 16804 --- [scheduling-1] c.p.ficc.app.FiccRunRequestWorker        : Starting surveillance run request worker.
2026-06-12T11:36:07.662+09:00  INFO 16804 --- [scheduling-1] c.p.ficc.app.FiccRunRequestWorker        : No pending or failed surveillance run request found.
2026-06-12T11:36:12.678+09:00  INFO 16804 --- [scheduling-1] c.p.ficc.app.FiccRunRequestWorker        : Starting surveillance run request worker.
2026-06-12T11:36:12.702+09:00  INFO 16804 --- [scheduling-1] c.p.ficc.app.FiccRunRequestWorker        : No pending or failed surveillance run request found.
2026-06-12T11:36:17.704+09:00  INFO 16804 --- [scheduling-1] c.p.ficc.app.FiccRunRequestWorker        : Starting surveillance run request worker.
2026-06-12T11:36:17.723+09:00  INFO 16804 --- [scheduling-1] c.p.ficc.app.FiccRunRequestWorker        : No pending or failed surveillance run request found.
2026-06-12T11:36:22.732+09:00  INFO 16804 --- [scheduling-1] c.p.ficc.app.FiccRunRequestWorker        : Starting surveillance run request worker.
2026-06-12T11:36:22.753+09:00  INFO 16804 --- [scheduling-1] c.p.ficc.app.FiccRunRequestWorker        : No pending or failed surveillance run request found.
2026-06-12T11:36:27.766+09:00  INFO 16804 --- [scheduling-1] c.p.ficc.app.FiccRunRequestWorker        : Starting surveillance run request worker.
2026-06-12T11:36:27.783+09:00  INFO 16804 --- [scheduling-1] c.p.ficc.app.FiccRunRequestWorker        : No pending or failed surveillance run request found.
2026-06-12T11:36:32.799+09:00  INFO 16804 --- [scheduling-1] c.p.ficc.app.FiccRunRequestWorker        : Starting surveillance run request worker.
2026-06-12T11:36:32.815+09:00  INFO 16804 --- [scheduling-1] c.p.ficc.app.FiccRunRequestWorker        : No pending or failed surveillance run request found.
2026-06-12T11:36:37.829+09:00  INFO 16804 --- [scheduling-1] c.p.ficc.app.FiccRunRequestWorker        : Starting surveillance run request worker.
2026-06-12T11:36:37.846+09:00  INFO 16804 --- [scheduling-1] c.p.ficc.app.FiccRunRequestWorker        : No pending or failed surveillance run request found.
2026-06-12T11:36:42.848+09:00  INFO 16804 --- [scheduling-1] c.p.ficc.app.FiccRunRequestWorker        : Starting surveillance run request worker.
2026-06-12T11:36:42.873+09:00  INFO 16804 --- [scheduling-1] c.p.ficc.app.FiccRunRequestWorker        : No pending or failed surveillance run request found.
2026-06-12T11:36:47.883+09:00  INFO 16804 --- [scheduling-1] c.p.ficc.app.FiccRunRequestWorker        : Starting surveillance run request worker.
2026-06-12T11:36:47.902+09:00  INFO 16804 --- [scheduling-1] c.p.ficc.app.FiccRunRequestWorker        : No pending or failed surveillance run request found.
2026-06-12T11:36:52.925+09:00  INFO 16804 --- [scheduling-1] c.p.ficc.app.FiccRunRequestWorker        : Starting surveillance run request worker.
2026-06-12T11:36:52.949+09:00  INFO 16804 --- [scheduling-1] c.p.ficc.app.FiccRunRequestWorker        : No pending or failed surveillance run request found.
2026-06-12T11:36:57.956+09:00  INFO 16804 --- [scheduling-1] c.p.ficc.app.FiccRunRequestWorker        : Starting surveillance run request worker.
2026-06-12T11:36:57.976+09:00  INFO 16804 --- [scheduling-1] c.p.ficc.app.FiccRunRequestWorker        : No pending or failed surveillance run request found.
2026-06-12T11:37:02.985+09:00  INFO 16804 --- [scheduling-1] c.p.ficc.app.FiccRunRequestWorker        : Starting surveillance run request worker.
2026-06-12T11:37:03.009+09:00  INFO 16804 --- [scheduling-1] c.p.ficc.app.FiccRunRequestWorker        : No pending or failed surveillance run request found.
2026-06-12T11:37:08.014+09:00  INFO 16804 --- [scheduling-1] c.p.ficc.app.FiccRunRequestWorker        : Starting surveillance run request worker.
2026-06-12T11:37:08.043+09:00  INFO 16804 --- [scheduling-1] c.p.ficc.app.FiccRunRequestWorker        : No pending or failed surveillance run request found.
2026-06-12T11:37:13.048+09:00  INFO 16804 --- [scheduling-1] c.p.ficc.app.FiccRunRequestWorker        : Starting surveillance run request worker.
2026-06-12T11:37:13.064+09:00  INFO 16804 --- [scheduling-1] c.p.ficc.app.FiccRunRequestWorker        : No pending or failed surveillance run request found.
2026-06-12T11:37:18.095+09:00  INFO 16804 --- [scheduling-1] c.p.ficc.app.FiccRunRequestWorker        : Starting surveillance run request worker.
2026-06-12T11:37:18.110+09:00  INFO 16804 --- [scheduling-1] c.p.ficc.app.FiccRunRequestWorker        : No pending or failed surveillance run request found.
2026-06-12T11:37:23.120+09:00  INFO 16804 --- [scheduling-1] c.p.ficc.app.FiccRunRequestWorker        : Starting surveillance run request worker.
2026-06-12T11:37:23.141+09:00  INFO 16804 --- [scheduling-1] c.p.ficc.app.FiccRunRequestWorker        : No pending or failed surveillance run request found.
2026-06-12T11:37:28.151+09:00  INFO 16804 --- [scheduling-1] c.p.ficc.app.FiccRunRequestWorker        : Starting surveillance run request worker.
2026-06-12T11:37:28.174+09:00  INFO 16804 --- [scheduling-1] c.p.ficc.app.FiccRunRequestWorker        : No pending or failed surveillance run request found.
2026-06-12T11:37:33.180+09:00  INFO 16804 --- [scheduling-1] c.p.ficc.app.FiccRunRequestWorker        : Starting surveillance run request worker.
2026-06-12T11:37:33.200+09:00  INFO 16804 --- [scheduling-1] c.p.ficc.app.FiccRunRequestWorker        : No pending or failed surveillance run request found.
2026-06-12T11:37:38.205+09:00  INFO 16804 --- [scheduling-1] c.p.ficc.app.FiccRunRequestWorker        : Starting surveillance run request worker.
2026-06-12T11:37:38.229+09:00  INFO 16804 --- [scheduling-1] c.p.ficc.app.FiccRunRequestWorker        : No pending or failed surveillance run request found.
2026-06-12T11:37:43.235+09:00  INFO 16804 --- [scheduling-1] c.p.ficc.app.FiccRunRequestWorker        : Starting surveillance run request worker.
2026-06-12T11:37:43.250+09:00  INFO 16804 --- [scheduling-1] c.p.ficc.app.FiccRunRequestWorker        : No pending or failed surveillance run request found.
2026-06-12T11:37:48.266+09:00  INFO 16804 --- [scheduling-1] c.p.ficc.app.FiccRunRequestWorker        : Starting surveillance run request worker.
2026-06-12T11:37:48.286+09:00  INFO 16804 --- [scheduling-1] c.p.ficc.app.FiccRunRequestWorker        : No pending or failed surveillance run request found.
2026-06-12T11:37:53.289+09:00  INFO 16804 --- [scheduling-1] c.p.ficc.app.FiccRunRequestWorker        : Starting surveillance run request worker.
2026-06-12T11:37:53.310+09:00  INFO 16804 --- [scheduling-1] c.p.ficc.app.FiccRunRequestWorker        : No pending or failed surveillance run request found.
2026-06-12T11:37:58.318+09:00  INFO 16804 --- [scheduling-1] c.p.ficc.app.FiccRunRequestWorker        : Starting surveillance run request worker.
2026-06-12T11:37:58.336+09:00  INFO 16804 --- [scheduling-1] c.p.ficc.app.FiccRunRequestWorker        : No pending or failed surveillance run request found.
2026-06-12T11:38:03.337+09:00  INFO 16804 --- [scheduling-1] c.p.ficc.app.FiccRunRequestWorker        : Starting surveillance run request worker.
2026-06-12T11:38:03.358+09:00  INFO 16804 --- [scheduling-1] c.p.ficc.app.FiccRunRequestWorker        : No pending or failed surveillance run request found.
2026-06-12T11:38:08.366+09:00  INFO 16804 --- [scheduling-1] c.p.ficc.app.FiccRunRequestWorker        : Starting surveillance run request worker.
2026-06-12T11:38:08.389+09:00  INFO 16804 --- [scheduling-1] c.p.ficc.app.FiccRunRequestWorker        : No pending or failed surveillance run request found.
2026-06-12T11:38:13.402+09:00  INFO 16804 --- [scheduling-1] c.p.ficc.app.FiccRunRequestWorker        : Starting surveillance run request worker.
2026-06-12T11:38:13.424+09:00  INFO 16804 --- [scheduling-1] c.p.ficc.app.FiccRunRequestWorker        : No pending or failed surveillance run request found.
2026-06-12T11:38:18.425+09:00  INFO 16804 --- [scheduling-1] c.p.ficc.app.FiccRunRequestWorker        : Starting surveillance run request worker.
2026-06-12T11:38:18.457+09:00  INFO 16804 --- [scheduling-1] c.p.ficc.app.FiccRunRequestWorker        : No pending or failed surveillance run request found.
2026-06-12T11:38:23.469+09:00  INFO 16804 --- [scheduling-1] c.p.ficc.app.FiccRunRequestWorker        : Starting surveillance run request worker.
2026-06-12T11:38:23.486+09:00  INFO 16804 --- [scheduling-1] c.p.ficc.app.FiccRunRequestWorker        : No pending or failed surveillance run request found.
2026-06-12T11:38:28.501+09:00  INFO 16804 --- [scheduling-1] c.p.ficc.app.FiccRunRequestWorker        : Starting surveillance run request worker.
2026-06-12T11:38:28.522+09:00  INFO 16804 --- [scheduling-1] c.p.ficc.app.FiccRunRequestWorker        : No pending or failed surveillance run request found.
2026-06-12T11:38:33.532+09:00  INFO 16804 --- [scheduling-1] c.p.ficc.app.FiccRunRequestWorker        : Starting surveillance run request worker.
2026-06-12T11:38:33.550+09:00  INFO 16804 --- [scheduling-1] c.p.ficc.app.FiccRunRequestWorker        : No pending or failed surveillance run request found.
2026-06-12T11:38:38.566+09:00  INFO 16804 --- [scheduling-1] c.p.ficc.app.FiccRunRequestWorker        : Starting surveillance run request worker.
2026-06-12T11:38:38.602+09:00  INFO 16804 --- [scheduling-1] c.p.ficc.app.FiccRunRequestWorker        : No pending or failed surveillance run request found.
2026-06-12T11:38:43.609+09:00  INFO 16804 --- [scheduling-1] c.p.ficc.app.FiccRunRequestWorker        : Starting surveillance run request worker.
2026-06-12T11:38:43.624+09:00  INFO 16804 --- [scheduling-1] c.p.ficc.app.FiccRunRequestWorker        : No pending or failed surveillance run request found.
2026-06-12T11:38:48.642+09:00  INFO 16804 --- [scheduling-1] c.p.ficc.app.FiccRunRequestWorker        : Starting surveillance run request worker.
2026-06-12T11:38:48.662+09:00  INFO 16804 --- [scheduling-1] c.p.ficc.app.FiccRunRequestWorker        : No pending or failed surveillance run request found.
2026-06-12T11:38:53.666+09:00  INFO 16804 --- [scheduling-1] c.p.ficc.app.FiccRunRequestWorker        : Starting surveillance run request worker.
2026-06-12T11:38:53.683+09:00  INFO 16804 --- [scheduling-1] c.p.ficc.app.FiccRunRequestWorker        : No pending or failed surveillance run request found.
2026-06-12T11:38:58.684+09:00  INFO 16804 --- [scheduling-1] c.p.ficc.app.FiccRunRequestWorker        : Starting surveillance run request worker.
2026-06-12T11:38:58.714+09:00  INFO 16804 --- [scheduling-1] c.p.ficc.app.FiccRunRequestWorker        : No pending or failed surveillance run request found.
2026-06-12T11:39:03.716+09:00  INFO 16804 --- [scheduling-1] c.p.ficc.app.FiccRunRequestWorker        : Starting surveillance run request worker.
2026-06-12T11:39:03.736+09:00  INFO 16804 --- [scheduling-1] c.p.ficc.app.FiccRunRequestWorker        : No pending or failed surveillance run request found.
2026-06-12T11:39:08.747+09:00  INFO 16804 --- [scheduling-1] c.p.ficc.app.FiccRunRequestWorker        : Starting surveillance run request worker.
2026-06-12T11:39:08.766+09:00  INFO 16804 --- [scheduling-1] c.p.ficc.app.FiccRunRequestWorker        : No pending or failed surveillance run request found.
2026-06-12T11:39:13.781+09:00  INFO 16804 --- [scheduling-1] c.p.ficc.app.FiccRunRequestWorker        : Starting surveillance run request worker.
2026-06-12T11:39:13.803+09:00  INFO 16804 --- [scheduling-1] c.p.ficc.app.FiccRunRequestWorker        : No pending or failed surveillance run request found.
2026-06-12T11:39:18.816+09:00  INFO 16804 --- [scheduling-1] c.p.ficc.app.FiccRunRequestWorker        : Starting surveillance run request worker.
2026-06-12T11:39:18.845+09:00  INFO 16804 --- [scheduling-1] c.p.ficc.app.FiccRunRequestWorker        : No pending or failed surveillance run request found.
2026-06-12T11:39:23.864+09:00  INFO 16804 --- [scheduling-1] c.p.ficc.app.FiccRunRequestWorker        : Starting surveillance run request worker.
2026-06-12T11:39:23.892+09:00  INFO 16804 --- [scheduling-1] c.p.ficc.app.FiccRunRequestWorker        : No pending or failed surveillance run request found.
2026-06-12T11:39:28.898+09:00  INFO 16804 --- [scheduling-1] c.p.ficc.app.FiccRunRequestWorker        : Starting surveillance run request worker.
2026-06-12T11:39:28.916+09:00  INFO 16804 --- [scheduling-1] c.p.ficc.app.FiccRunRequestWorker        : No pending or failed surveillance run request found.
2026-06-12T11:39:33.930+09:00  INFO 16804 --- [scheduling-1] c.p.ficc.app.FiccRunRequestWorker        : Starting surveillance run request worker.
2026-06-12T11:39:33.953+09:00  INFO 16804 --- [scheduling-1] c.p.ficc.app.FiccRunRequestWorker        : No pending or failed surveillance run request found.
2026-06-12T11:39:38.962+09:00  INFO 16804 --- [scheduling-1] c.p.ficc.app.FiccRunRequestWorker        : Starting surveillance run request worker.
2026-06-12T11:39:38.983+09:00  INFO 16804 --- [scheduling-1] c.p.ficc.app.FiccRunRequestWorker        : No pending or failed surveillance run request found.
2026-06-12T11:39:43.985+09:00  INFO 16804 --- [scheduling-1] c.p.ficc.app.FiccRunRequestWorker        : Starting surveillance run request worker.
2026-06-12T11:39:44.016+09:00  INFO 16804 --- [scheduling-1] c.p.ficc.app.FiccRunRequestWorker        : No pending or failed surveillance run request found.
2026-06-12T11:39:49.033+09:00  INFO 16804 --- [scheduling-1] c.p.ficc.app.FiccRunRequestWorker        : Starting surveillance run request worker.
2026-06-12T11:39:49.051+09:00  INFO 16804 --- [scheduling-1] c.p.ficc.app.FiccRunRequestWorker        : No pending or failed surveillance run request found.
2026-06-12T11:39:54.063+09:00  INFO 16804 --- [scheduling-1] c.p.ficc.app.FiccRunRequestWorker        : Starting surveillance run request worker.
2026-06-12T11:39:54.078+09:00  INFO 16804 --- [scheduling-1] c.p.ficc.app.FiccRunRequestWorker        : No pending or failed surveillance run request found.
2026-06-12T11:39:59.095+09:00  INFO 16804 --- [scheduling-1] c.p.ficc.app.FiccRunRequestWorker        : Starting surveillance run request worker.
2026-06-12T11:39:59.102+09:00  INFO 16804 --- [scheduling-1] c.p.ficc.app.FiccRunRequestWorker        : No pending or failed surveillance run request found.
2026-06-12T11:40:04.124+09:00  INFO 16804 --- [scheduling-1] c.p.ficc.app.FiccRunRequestWorker        : Starting surveillance run request worker.
2026-06-12T11:40:04.148+09:00  INFO 16804 --- [scheduling-1] c.p.ficc.app.FiccRunRequestWorker        : No pending or failed surveillance run request found.
2026-06-12T11:40:09.158+09:00  INFO 16804 --- [scheduling-1] c.p.ficc.app.FiccRunRequestWorker        : Starting surveillance run request worker.
2026-06-12T11:40:09.172+09:00  INFO 16804 --- [scheduling-1] c.p.ficc.app.FiccRunRequestWorker        : No pending or failed surveillance run request found.
2026-06-12T11:40:14.189+09:00  INFO 16804 --- [scheduling-1] c.p.ficc.app.FiccRunRequestWorker        : Starting surveillance run request worker.
2026-06-12T11:40:14.210+09:00  INFO 16804 --- [scheduling-1] c.p.ficc.app.FiccRunRequestWorker        : No pending or failed surveillance run request found.
2026-06-12T11:40:19.220+09:00  INFO 16804 --- [scheduling-1] c.p.ficc.app.FiccRunRequestWorker        : Starting surveillance run request worker.
2026-06-12T11:40:19.236+09:00  INFO 16804 --- [scheduling-1] c.p.ficc.app.FiccRunRequestWorker        : No pending or failed surveillance run request found.
2026-06-12T11:40:24.253+09:00  INFO 16804 --- [scheduling-1] c.p.ficc.app.FiccRunRequestWorker        : Starting surveillance run request worker.
2026-06-12T11:40:24.276+09:00  INFO 16804 --- [scheduling-1] c.p.ficc.app.FiccRunRequestWorker        : No pending or failed surveillance run request found.
2026-06-12T11:40:29.285+09:00  INFO 16804 --- [scheduling-1] c.p.ficc.app.FiccRunRequestWorker        : Starting surveillance run request worker.
2026-06-12T11:40:29.307+09:00  INFO 16804 --- [scheduling-1] c.p.ficc.app.FiccRunRequestWorker        : No pending or failed surveillance run request found.
2026-06-12T11:40:34.313+09:00  INFO 16804 --- [scheduling-1] c.p.ficc.app.FiccRunRequestWorker        : Starting surveillance run request worker.
2026-06-12T11:40:34.332+09:00  INFO 16804 --- [scheduling-1] c.p.ficc.app.FiccRunRequestWorker        : No pending or failed surveillance run request found.
2026-06-12T11:40:39.346+09:00  INFO 16804 --- [scheduling-1] c.p.ficc.app.FiccRunRequestWorker        : Starting surveillance run request worker.
2026-06-12T11:40:39.375+09:00  INFO 16804 --- [scheduling-1] c.p.ficc.app.FiccRunRequestWorker        : No pending or failed surveillance run request found.
2026-06-12T11:40:44.379+09:00  INFO 16804 --- [scheduling-1] c.p.ficc.app.FiccRunRequestWorker        : Starting surveillance run request worker.
2026-06-12T11:40:44.405+09:00  INFO 16804 --- [scheduling-1] c.p.ficc.app.FiccRunRequestWorker        : No pending or failed surveillance run request found.
2026-06-12T11:40:49.409+09:00  INFO 16804 --- [scheduling-1] c.p.ficc.app.FiccRunRequestWorker        : Starting surveillance run request worker.
2026-06-12T11:40:49.421+09:00  INFO 16804 --- [scheduling-1] c.p.ficc.app.FiccRunRequestWorker        : No pending or failed surveillance run request found.
2026-06-12T11:40:54.444+09:00  INFO 16804 --- [scheduling-1] c.p.ficc.app.FiccRunRequestWorker        : Starting surveillance run request worker.
2026-06-12T11:40:54.460+09:00  INFO 16804 --- [scheduling-1] c.p.ficc.app.FiccRunRequestWorker        : No pending or failed surveillance run request found.
2026-06-12T11:40:59.485+09:00  INFO 16804 --- [scheduling-1] c.p.ficc.app.FiccRunRequestWorker        : Starting surveillance run request worker.
2026-06-12T11:40:59.502+09:00  INFO 16804 --- [scheduling-1] c.p.ficc.app.FiccRunRequestWorker        : No pending or failed surveillance run request found.
2026-06-12T11:41:04.516+09:00  INFO 16804 --- [scheduling-1] c.p.ficc.app.FiccRunRequestWorker        : Starting surveillance run request worker.
2026-06-12T11:41:04.532+09:00  INFO 16804 --- [scheduling-1] c.p.ficc.app.FiccRunRequestWorker        : No pending or failed surveillance run request found.
2026-06-12T11:41:09.545+09:00  INFO 16804 --- [scheduling-1] c.p.ficc.app.FiccRunRequestWorker        : Starting surveillance run request worker.
2026-06-12T11:41:09.581+09:00  INFO 16804 --- [scheduling-1] c.p.ficc.app.FiccRunRequestWorker        : No pending or failed surveillance run request found.
2026-06-12T11:41:14.595+09:00  INFO 16804 --- [scheduling-1] c.p.ficc.app.FiccRunRequestWorker        : Starting surveillance run request worker.
2026-06-12T11:41:14.631+09:00  INFO 16804 --- [scheduling-1] c.p.ficc.app.FiccRunRequestWorker        : No pending or failed surveillance run request found.
2026-06-12T11:41:19.642+09:00  INFO 16804 --- [scheduling-1] c.p.ficc.app.FiccRunRequestWorker        : Starting surveillance run request worker.
2026-06-12T11:41:19.658+09:00  INFO 16804 --- [scheduling-1] c.p.ficc.app.FiccRunRequestWorker        : No pending or failed surveillance run request found.
2026-06-12T11:41:24.688+09:00  INFO 16804 --- [scheduling-1] c.p.ficc.app.FiccRunRequestWorker        : Starting surveillance run request worker.
2026-06-12T11:41:24.712+09:00  INFO 16804 --- [scheduling-1] c.p.ficc.app.FiccRunRequestWorker        : No pending or failed surveillance run request found.
2026-06-12T11:41:29.726+09:00  INFO 16804 --- [scheduling-1] c.p.ficc.app.FiccRunRequestWorker        : Starting surveillance run request worker.
2026-06-12T11:41:29.750+09:00  INFO 16804 --- [scheduling-1] c.p.ficc.app.FiccRunRequestWorker        : No pending or failed surveillance run request found.
2026-06-12T11:41:34.758+09:00  INFO 16804 --- [scheduling-1] c.p.ficc.app.FiccRunRequestWorker        : Starting surveillance run request worker.
2026-06-12T11:41:34.777+09:00  INFO 16804 --- [scheduling-1] c.p.ficc.app.FiccRunRequestWorker        : No pending or failed surveillance run request found.
2026-06-12T11:41:39.784+09:00  INFO 16804 --- [scheduling-1] c.p.ficc.app.FiccRunRequestWorker        : Starting surveillance run request worker.
2026-06-12T11:41:39.810+09:00  INFO 16804 --- [scheduling-1] c.p.ficc.app.FiccRunRequestWorker        : No pending or failed surveillance run request found.
2026-06-12T11:41:44.822+09:00  INFO 16804 --- [scheduling-1] c.p.ficc.app.FiccRunRequestWorker        : Starting surveillance run request worker.
2026-06-12T11:41:44.843+09:00  INFO 16804 --- [scheduling-1] c.p.ficc.app.FiccRunRequestWorker        : No pending or failed surveillance run request found.
2026-06-12T11:41:49.860+09:00  INFO 16804 --- [scheduling-1] c.p.ficc.app.FiccRunRequestWorker        : Starting surveillance run request worker.
2026-06-12T11:41:49.879+09:00  INFO 16804 --- [scheduling-1] c.p.ficc.app.FiccRunRequestWorker        : No pending or failed surveillance run request found.
2026-06-12T11:41:54.890+09:00  INFO 16804 --- [scheduling-1] c.p.ficc.app.FiccRunRequestWorker        : Starting surveillance run request worker.
2026-06-12T11:41:54.912+09:00  INFO 16804 --- [scheduling-1] c.p.ficc.app.FiccRunRequestWorker        : No pending or failed surveillance run request found.
2026-06-12T11:41:59.921+09:00  INFO 16804 --- [scheduling-1] c.p.ficc.app.FiccRunRequestWorker        : Starting surveillance run request worker.
2026-06-12T11:41:59.945+09:00  INFO 16804 --- [scheduling-1] c.p.ficc.app.FiccRunRequestWorker        : No pending or failed surveillance run request found.
2026-06-12T11:42:04.959+09:00  INFO 16804 --- [scheduling-1] c.p.ficc.app.FiccRunRequestWorker        : Starting surveillance run request worker.
2026-06-12T11:42:04.978+09:00  INFO 16804 --- [scheduling-1] c.p.ficc.app.FiccRunRequestWorker        : No pending or failed surveillance run request found.
2026-06-12T11:42:09.987+09:00  INFO 16804 --- [scheduling-1] c.p.ficc.app.FiccRunRequestWorker        : Starting surveillance run request worker.
2026-06-12T11:42:10.009+09:00  INFO 16804 --- [scheduling-1] c.p.ficc.app.FiccRunRequestWorker        : No pending or failed surveillance run request found.
2026-06-12T11:42:15.016+09:00  INFO 16804 --- [scheduling-1] c.p.ficc.app.FiccRunRequestWorker        : Starting surveillance run request worker.
2026-06-12T11:42:15.033+09:00  INFO 16804 --- [scheduling-1] c.p.ficc.app.FiccRunRequestWorker        : No pending or failed surveillance run request found.
2026-06-12T11:42:20.041+09:00  INFO 16804 --- [scheduling-1] c.p.ficc.app.FiccRunRequestWorker        : Starting surveillance run request worker.
2026-06-12T11:42:20.067+09:00  INFO 16804 --- [scheduling-1] c.p.ficc.app.FiccRunRequestWorker        : No pending or failed surveillance run request found.
2026-06-12T11:42:25.071+09:00  INFO 16804 --- [scheduling-1] c.p.ficc.app.FiccRunRequestWorker        : Starting surveillance run request worker.
2026-06-12T11:42:25.071+09:00  INFO 16804 --- [scheduling-1] c.p.ficc.app.FiccRunRequestWorker        : No pending or failed surveillance run request found.
2026-06-12T11:42:30.096+09:00  INFO 16804 --- [scheduling-1] c.p.ficc.app.FiccRunRequestWorker        : Starting surveillance run request worker.
2026-06-12T11:42:30.115+09:00  INFO 16804 --- [scheduling-1] c.p.ficc.app.FiccRunRequestWorker        : No pending or failed surveillance run request found.
2026-06-12T11:42:35.129+09:00  INFO 16804 --- [scheduling-1] c.p.ficc.app.FiccRunRequestWorker        : Starting surveillance run request worker.
2026-06-12T11:42:35.152+09:00  INFO 16804 --- [scheduling-1] c.p.ficc.app.FiccRunRequestWorker        : No pending or failed surveillance run request found.
2026-06-12T11:42:40.156+09:00  INFO 16804 --- [scheduling-1] c.p.ficc.app.FiccRunRequestWorker        : Starting surveillance run request worker.
2026-06-12T11:42:40.172+09:00  INFO 16804 --- [scheduling-1] c.p.ficc.app.FiccRunRequestWorker        : No pending or failed surveillance run request found.
2026-06-12T11:42:45.190+09:00  INFO 16804 --- [scheduling-1] c.p.ficc.app.FiccRunRequestWorker        : Starting surveillance run request worker.
2026-06-12T11:42:45.201+09:00  INFO 16804 --- [scheduling-1] c.p.ficc.app.FiccRunRequestWorker        : No pending or failed surveillance run request found.
2026-06-12T11:42:50.203+09:00  INFO 16804 --- [scheduling-1] c.p.ficc.app.FiccRunRequestWorker        : Starting surveillance run request worker.
2026-06-12T11:42:50.223+09:00  INFO 16804 --- [scheduling-1] c.p.ficc.app.FiccRunRequestWorker        : No pending or failed surveillance run request found.
2026-06-12T11:42:55.230+09:00  INFO 16804 --- [scheduling-1] c.p.ficc.app.FiccRunRequestWorker        : Starting surveillance run request worker.
2026-06-12T11:42:55.251+09:00  INFO 16804 --- [scheduling-1] c.p.ficc.app.FiccRunRequestWorker        : No pending or failed surveillance run request found.
2026-06-12T11:43:00.269+09:00  INFO 16804 --- [scheduling-1] c.p.ficc.app.FiccRunRequestWorker        : Starting surveillance run request worker.
2026-06-12T11:43:00.291+09:00  INFO 16804 --- [scheduling-1] c.p.ficc.app.FiccRunRequestWorker        : No pending or failed surveillance run request found.
2026-06-12T11:43:05.296+09:00  INFO 16804 --- [scheduling-1] c.p.ficc.app.FiccRunRequestWorker        : Starting surveillance run request worker.
2026-06-12T11:43:05.314+09:00  INFO 16804 --- [scheduling-1] c.p.ficc.app.FiccRunRequestWorker        : No pending or failed surveillance run request found.
2026-06-12T11:43:10.329+09:00  INFO 16804 --- [scheduling-1] c.p.ficc.app.FiccRunRequestWorker        : Starting surveillance run request worker.
2026-06-12T11:43:10.350+09:00  INFO 16804 --- [scheduling-1] c.p.ficc.app.FiccRunRequestWorker        : No pending or failed surveillance run request found.
2026-06-12T11:43:15.355+09:00  INFO 16804 --- [scheduling-1] c.p.ficc.app.FiccRunRequestWorker        : Starting surveillance run request worker.
2026-06-12T11:43:15.374+09:00  INFO 16804 --- [scheduling-1] c.p.ficc.app.FiccRunRequestWorker        : No pending or failed surveillance run request found.
2026-06-12T11:43:20.377+09:00  INFO 16804 --- [scheduling-1] c.p.ficc.app.FiccRunRequestWorker        : Starting surveillance run request worker.
2026-06-12T11:43:20.402+09:00  INFO 16804 --- [scheduling-1] c.p.ficc.app.FiccRunRequestWorker        : No pending or failed surveillance run request found.
2026-06-12T11:43:25.408+09:00  INFO 16804 --- [scheduling-1] c.p.ficc.app.FiccRunRequestWorker        : Starting surveillance run request worker.
2026-06-12T11:43:25.426+09:00  INFO 16804 --- [scheduling-1] c.p.ficc.app.FiccRunRequestWorker        : No pending or failed surveillance run request found.
2026-06-12T11:43:30.435+09:00  INFO 16804 --- [scheduling-1] c.p.ficc.app.FiccRunRequestWorker        : Starting surveillance run request worker.
2026-06-12T11:43:30.451+09:00  INFO 16804 --- [scheduling-1] c.p.ficc.app.FiccRunRequestWorker        : No pending or failed surveillance run request found.
2026-06-12T11:43:35.469+09:00  INFO 16804 --- [scheduling-1] c.p.ficc.app.FiccRunRequestWorker        : Starting surveillance run request worker.
2026-06-12T11:43:35.485+09:00  INFO 16804 --- [scheduling-1] c.p.ficc.app.FiccRunRequestWorker        : No pending or failed surveillance run request found.
2026-06-12T11:43:40.505+09:00  INFO 16804 --- [scheduling-1] c.p.ficc.app.FiccRunRequestWorker        : Starting surveillance run request worker.
2026-06-12T11:43:40.535+09:00  INFO 16804 --- [scheduling-1] c.p.ficc.app.FiccRunRequestWorker        : No pending or failed surveillance run request found.
2026-06-12T11:43:45.538+09:00  INFO 16804 --- [scheduling-1] c.p.ficc.app.FiccRunRequestWorker        : Starting surveillance run request worker.
2026-06-12T11:43:45.559+09:00  INFO 16804 --- [scheduling-1] c.p.ficc.app.FiccRunRequestWorker        : No pending or failed surveillance run request found.
2026-06-12T11:43:50.563+09:00  INFO 16804 --- [scheduling-1] c.p.ficc.app.FiccRunRequestWorker        : Starting surveillance run request worker.
2026-06-12T11:43:50.595+09:00  INFO 16804 --- [scheduling-1] c.p.ficc.app.FiccRunRequestWorker        : No pending or failed surveillance run request found.
2026-06-12T11:43:55.597+09:00  INFO 16804 --- [scheduling-1] c.p.ficc.app.FiccRunRequestWorker        : Starting surveillance run request worker.
2026-06-12T11:43:55.624+09:00  INFO 16804 --- [scheduling-1] c.p.ficc.app.FiccRunRequestWorker        : No pending or failed surveillance run request found.
2026-06-12T11:44:00.625+09:00  INFO 16804 --- [scheduling-1] c.p.ficc.app.FiccRunRequestWorker        : Starting surveillance run request worker.
2026-06-12T11:44:00.643+09:00  INFO 16804 --- [scheduling-1] c.p.ficc.app.FiccRunRequestWorker        : No pending or failed surveillance run request found.
2026-06-12T11:44:05.653+09:00  INFO 16804 --- [scheduling-1] c.p.ficc.app.FiccRunRequestWorker        : Starting surveillance run request worker.
2026-06-12T11:44:05.671+09:00  INFO 16804 --- [scheduling-1] c.p.ficc.app.FiccRunRequestWorker        : No pending or failed surveillance run request found.
2026-06-12T11:44:10.676+09:00  INFO 16804 --- [scheduling-1] c.p.ficc.app.FiccRunRequestWorker        : Starting surveillance run request worker.
2026-06-12T11:44:10.701+09:00  INFO 16804 --- [scheduling-1] c.p.ficc.app.FiccRunRequestWorker        : No pending or failed surveillance run request found.
2026-06-12T11:44:15.704+09:00  INFO 16804 --- [scheduling-1] c.p.ficc.app.FiccRunRequestWorker        : Starting surveillance run request worker.
2026-06-12T11:44:15.728+09:00  INFO 16804 --- [scheduling-1] c.p.ficc.app.FiccRunRequestWorker        : No pending or failed surveillance run request found.
2026-06-12T11:44:20.734+09:00  INFO 16804 --- [scheduling-1] c.p.ficc.app.FiccRunRequestWorker        : Starting surveillance run request worker.
2026-06-12T11:44:20.748+09:00  INFO 16804 --- [scheduling-1] c.p.ficc.app.FiccRunRequestWorker        : No pending or failed surveillance run request found.
2026-06-12T11:44:25.752+09:00  INFO 16804 --- [scheduling-1] c.p.ficc.app.FiccRunRequestWorker        : Starting surveillance run request worker.
2026-06-12T11:44:25.779+09:00  INFO 16804 --- [scheduling-1] c.p.ficc.app.FiccRunRequestWorker        : No pending or failed surveillance run request found.
2026-06-12T11:44:30.784+09:00  INFO 16804 --- [scheduling-1] c.p.ficc.app.FiccRunRequestWorker        : Starting surveillance run request worker.
2026-06-12T11:44:30.812+09:00  INFO 16804 --- [scheduling-1] c.p.ficc.app.FiccRunRequestWorker        : No pending or failed surveillance run request found.
2026-06-12T11:44:35.820+09:00  INFO 16804 --- [scheduling-1] c.p.ficc.app.FiccRunRequestWorker        : Starting surveillance run request worker.
2026-06-12T11:44:35.848+09:00  INFO 16804 --- [scheduling-1] c.p.ficc.app.FiccRunRequestWorker        : No pending or failed surveillance run request found.
2026-06-12T11:44:40.860+09:00  INFO 16804 --- [scheduling-1] c.p.ficc.app.FiccRunRequestWorker        : Starting surveillance run request worker.
2026-06-12T11:44:40.873+09:00  INFO 16804 --- [scheduling-1] c.p.ficc.app.FiccRunRequestWorker        : No pending or failed surveillance run request found.
2026-06-12T11:44:45.876+09:00  INFO 16804 --- [scheduling-1] c.p.ficc.app.FiccRunRequestWorker        : Starting surveillance run request worker.
2026-06-12T11:44:45.899+09:00  INFO 16804 --- [scheduling-1] c.p.ficc.app.FiccRunRequestWorker        : No pending or failed surveillance run request found.
2026-06-12T11:44:50.908+09:00  INFO 16804 --- [scheduling-1] c.p.ficc.app.FiccRunRequestWorker        : Starting surveillance run request worker.
2026-06-12T11:44:50.926+09:00  INFO 16804 --- [scheduling-1] c.p.ficc.app.FiccRunRequestWorker        : No pending or failed surveillance run request found.
2026-06-12T11:44:55.942+09:00  INFO 16804 --- [scheduling-1] c.p.ficc.app.FiccRunRequestWorker        : Starting surveillance run request worker.
2026-06-12T11:44:55.957+09:00  INFO 16804 --- [scheduling-1] c.p.ficc.app.FiccRunRequestWorker        : No pending or failed surveillance run request found.
2026-06-12T11:45:00.969+09:00  INFO 16804 --- [scheduling-1] c.p.ficc.app.FiccRunRequestWorker        : Starting surveillance run request worker.
2026-06-12T11:45:00.994+09:00  INFO 16804 --- [scheduling-1] c.p.ficc.app.FiccRunRequestWorker        : No pending or failed surveillance run request found.
2026-06-12T11:45:06.001+09:00  INFO 16804 --- [scheduling-1] c.p.ficc.app.FiccRunRequestWorker        : Starting surveillance run request worker.
2026-06-12T11:45:06.025+09:00  INFO 16804 --- [scheduling-1] c.p.ficc.app.FiccRunRequestWorker        : No pending or failed surveillance run request found.
2026-06-12T11:45:11.034+09:00  INFO 16804 --- [scheduling-1] c.p.ficc.app.FiccRunRequestWorker        : Starting surveillance run request worker.
2026-06-12T11:45:11.055+09:00  INFO 16804 --- [scheduling-1] c.p.ficc.app.FiccRunRequestWorker        : No pending or failed surveillance run request found.
2026-06-12T11:45:16.064+09:00  INFO 16804 --- [scheduling-1] c.p.ficc.app.FiccRunRequestWorker        : Starting surveillance run request worker.
2026-06-12T11:45:16.091+09:00  INFO 16804 --- [scheduling-1] c.p.ficc.app.FiccRunRequestWorker        : No pending or failed surveillance run request found.
2026-06-12T11:45:21.096+09:00  INFO 16804 --- [scheduling-1] c.p.ficc.app.FiccRunRequestWorker        : Starting surveillance run request worker.
2026-06-12T11:45:21.121+09:00  INFO 16804 --- [scheduling-1] c.p.ficc.app.FiccRunRequestWorker        : No pending or failed surveillance run request found.
2026-06-12T11:45:26.128+09:00  INFO 16804 --- [scheduling-1] c.p.ficc.app.FiccRunRequestWorker        : Starting surveillance run request worker.
2026-06-12T11:45:26.149+09:00  INFO 16804 --- [scheduling-1] c.p.ficc.app.FiccRunRequestWorker        : No pending or failed surveillance run request found.
2026-06-12T11:45:31.163+09:00  INFO 16804 --- [scheduling-1] c.p.ficc.app.FiccRunRequestWorker        : Starting surveillance run request worker.
2026-06-12T11:45:31.190+09:00  INFO 16804 --- [scheduling-1] c.p.ficc.app.FiccRunRequestWorker        : No pending or failed surveillance run request found.
2026-06-12T11:45:36.192+09:00  INFO 16804 --- [scheduling-1] c.p.ficc.app.FiccRunRequestWorker        : Starting surveillance run request worker.
2026-06-12T11:45:36.214+09:00  INFO 16804 --- [scheduling-1] c.p.ficc.app.FiccRunRequestWorker        : No pending or failed surveillance run request found.
2026-06-12T11:45:41.229+09:00  INFO 16804 --- [scheduling-1] c.p.ficc.app.FiccRunRequestWorker        : Starting surveillance run request worker.
2026-06-12T11:45:41.252+09:00  INFO 16804 --- [scheduling-1] c.p.ficc.app.FiccRunRequestWorker        : No pending or failed surveillance run request found.
2026-06-12T11:45:46.263+09:00  INFO 16804 --- [scheduling-1] c.p.ficc.app.FiccRunRequestWorker        : Starting surveillance run request worker.
2026-06-12T11:45:46.279+09:00  INFO 16804 --- [scheduling-1] c.p.ficc.app.FiccRunRequestWorker        : No pending or failed surveillance run request found.
2026-06-12T11:45:51.297+09:00  INFO 16804 --- [scheduling-1] c.p.ficc.app.FiccRunRequestWorker        : Starting surveillance run request worker.
2026-06-12T11:45:51.319+09:00  INFO 16804 --- [scheduling-1] c.p.ficc.app.FiccRunRequestWorker        : No pending or failed surveillance run request found.
2026-06-12T11:45:56.332+09:00  INFO 16804 --- [scheduling-1] c.p.ficc.app.FiccRunRequestWorker        : Starting surveillance run request worker.
2026-06-12T11:45:56.366+09:00  INFO 16804 --- [scheduling-1] c.p.ficc.app.FiccRunRequestWorker        : No pending or failed surveillance run request found.
2026-06-12T11:46:01.384+09:00  INFO 16804 --- [scheduling-1] c.p.ficc.app.FiccRunRequestWorker        : Starting surveillance run request worker.
2026-06-12T11:46:01.398+09:00  INFO 16804 --- [scheduling-1] c.p.ficc.app.FiccRunRequestWorker        : No pending or failed surveillance run request found.
2026-06-12T11:46:06.418+09:00  INFO 16804 --- [scheduling-1] c.p.ficc.app.FiccRunRequestWorker        : Starting surveillance run request worker.
2026-06-12T11:46:06.436+09:00  INFO 16804 --- [scheduling-1] c.p.ficc.app.FiccRunRequestWorker        : No pending or failed surveillance run request found.
2026-06-12T11:46:11.445+09:00  INFO 16804 --- [scheduling-1] c.p.ficc.app.FiccRunRequestWorker        : Starting surveillance run request worker.
2026-06-12T11:46:11.465+09:00  INFO 16804 --- [scheduling-1] c.p.ficc.app.FiccRunRequestWorker        : No pending or failed surveillance run request found.
2026-06-12T11:46:16.467+09:00  INFO 16804 --- [scheduling-1] c.p.ficc.app.FiccRunRequestWorker        : Starting surveillance run request worker.
2026-06-12T11:46:16.492+09:00  INFO 16804 --- [scheduling-1] c.p.ficc.app.FiccRunRequestWorker        : No pending or failed surveillance run request found.
2026-06-12T11:46:21.504+09:00  INFO 16804 --- [scheduling-1] c.p.ficc.app.FiccRunRequestWorker        : Starting surveillance run request worker.
2026-06-12T11:46:21.525+09:00  INFO 16804 --- [scheduling-1] c.p.ficc.app.FiccRunRequestWorker        : No pending or failed surveillance run request found.
2026-06-12T11:46:26.537+09:00  INFO 16804 --- [scheduling-1] c.p.ficc.app.FiccRunRequestWorker        : Starting surveillance run request worker.
2026-06-12T11:46:26.559+09:00  INFO 16804 --- [scheduling-1] c.p.ficc.app.FiccRunRequestWorker        : No pending or failed surveillance run request found.
2026-06-12T11:46:31.564+09:00  INFO 16804 --- [scheduling-1] c.p.ficc.app.FiccRunRequestWorker        : Starting surveillance run request worker.
2026-06-12T11:46:31.581+09:00  INFO 16804 --- [scheduling-1] c.p.ficc.app.FiccRunRequestWorker        : No pending or failed surveillance run request found.
2026-06-12T11:46:36.596+09:00  INFO 16804 --- [scheduling-1] c.p.ficc.app.FiccRunRequestWorker        : Starting surveillance run request worker.
2026-06-12T11:46:36.622+09:00  INFO 16804 --- [scheduling-1] c.p.ficc.app.FiccRunRequestWorker        : No pending or failed surveillance run request found.
2026-06-12T11:46:41.641+09:00  INFO 16804 --- [scheduling-1] c.p.ficc.app.FiccRunRequestWorker        : Starting surveillance run request worker.
2026-06-12T11:46:41.672+09:00  INFO 16804 --- [scheduling-1] c.p.ficc.app.FiccRunRequestWorker        : No pending or failed surveillance run request found.
2026-06-12T11:46:46.674+09:00  INFO 16804 --- [scheduling-1] c.p.ficc.app.FiccRunRequestWorker        : Starting surveillance run request worker.
2026-06-12T11:46:46.682+09:00  INFO 16804 --- [scheduling-1] c.p.ficc.app.FiccRunRequestWorker        : No pending or failed surveillance run request found.
2026-06-12T11:46:51.704+09:00  INFO 16804 --- [scheduling-1] c.p.ficc.app.FiccRunRequestWorker        : Starting surveillance run request worker.
2026-06-12T11:46:51.723+09:00  INFO 16804 --- [scheduling-1] c.p.ficc.app.FiccRunRequestWorker        : No pending or failed surveillance run request found.
2026-06-12T11:46:56.736+09:00  INFO 16804 --- [scheduling-1] c.p.ficc.app.FiccRunRequestWorker        : Starting surveillance run request worker.
2026-06-12T11:46:56.758+09:00  INFO 16804 --- [scheduling-1] c.p.ficc.app.FiccRunRequestWorker        : No pending or failed surveillance run request found.
2026-06-12T11:47:01.774+09:00  INFO 16804 --- [scheduling-1] c.p.ficc.app.FiccRunRequestWorker        : Starting surveillance run request worker.
2026-06-12T11:47:01.800+09:00  INFO 16804 --- [scheduling-1] c.p.ficc.app.FiccRunRequestWorker        : No pending or failed surveillance run request found.
2026-06-12T11:47:06.804+09:00  INFO 16804 --- [scheduling-1] c.p.ficc.app.FiccRunRequestWorker        : Starting surveillance run request worker.
2026-06-12T11:47:06.825+09:00  INFO 16804 --- [scheduling-1] c.p.ficc.app.FiccRunRequestWorker        : No pending or failed surveillance run request found.
2026-06-12T11:47:11.827+09:00  INFO 16804 --- [scheduling-1] c.p.ficc.app.FiccRunRequestWorker        : Starting surveillance run request worker.
2026-06-12T11:47:11.834+09:00  INFO 16804 --- [scheduling-1] c.p.ficc.app.FiccRunRequestWorker        : No pending or failed surveillance run request found.
2026-06-12T11:47:16.849+09:00  INFO 16804 --- [scheduling-1] c.p.ficc.app.FiccRunRequestWorker        : Starting surveillance run request worker.
2026-06-12T11:47:16.859+09:00  INFO 16804 --- [scheduling-1] c.p.ficc.app.FiccRunRequestWorker        : No pending or failed surveillance run request found.
2026-06-12T11:47:21.877+09:00  INFO 16804 --- [scheduling-1] c.p.ficc.app.FiccRunRequestWorker        : Starting surveillance run request worker.
2026-06-12T11:47:21.893+09:00  INFO 16804 --- [scheduling-1] c.p.ficc.app.FiccRunRequestWorker        : No pending or failed surveillance run request found.
2026-06-12T11:47:26.907+09:00  INFO 16804 --- [scheduling-1] c.p.ficc.app.FiccRunRequestWorker        : Starting surveillance run request worker.
2026-06-12T11:47:26.927+09:00  INFO 16804 --- [scheduling-1] c.p.ficc.app.FiccRunRequestWorker        : No pending or failed surveillance run request found.
2026-06-12T11:47:31.940+09:00  INFO 16804 --- [scheduling-1] c.p.ficc.app.FiccRunRequestWorker        : Starting surveillance run request worker.
2026-06-12T11:47:31.953+09:00  INFO 16804 --- [scheduling-1] c.p.ficc.app.FiccRunRequestWorker        : No pending or failed surveillance run request found.
2026-06-12T11:47:36.960+09:00  INFO 16804 --- [scheduling-1] c.p.ficc.app.FiccRunRequestWorker        : Starting surveillance run request worker.
2026-06-12T11:47:36.973+09:00  INFO 16804 --- [scheduling-1] c.p.ficc.app.FiccRunRequestWorker        : No pending or failed surveillance run request found.
2026-06-12T11:47:41.984+09:00  INFO 16804 --- [scheduling-1] c.p.ficc.app.FiccRunRequestWorker        : Starting surveillance run request worker.
2026-06-12T11:47:42.002+09:00  INFO 16804 --- [scheduling-1] c.p.ficc.app.FiccRunRequestWorker        : No pending or failed surveillance run request found.
2026-06-12T11:47:47.008+09:00  INFO 16804 --- [scheduling-1] c.p.ficc.app.FiccRunRequestWorker        : Starting surveillance run request worker.
2026-06-12T11:47:47.024+09:00  INFO 16804 --- [scheduling-1] c.p.ficc.app.FiccRunRequestWorker        : No pending or failed surveillance run request found.
2026-06-12T11:47:52.033+09:00  INFO 16804 --- [scheduling-1] c.p.ficc.app.FiccRunRequestWorker        : Starting surveillance run request worker.
2026-06-12T11:47:52.046+09:00  INFO 16804 --- [scheduling-1] c.p.ficc.app.FiccRunRequestWorker        : No pending or failed surveillance run request found.
2026-06-12T11:47:57.064+09:00  INFO 16804 --- [scheduling-1] c.p.ficc.app.FiccRunRequestWorker        : Starting surveillance run request worker.
2026-06-12T11:47:57.083+09:00  INFO 16804 --- [scheduling-1] c.p.ficc.app.FiccRunRequestWorker        : No pending or failed surveillance run request found.
2026-06-12T11:48:02.098+09:00  INFO 16804 --- [scheduling-1] c.p.ficc.app.FiccRunRequestWorker        : Starting surveillance run request worker.
2026-06-12T11:48:02.119+09:00  INFO 16804 --- [scheduling-1] c.p.ficc.app.FiccRunRequestWorker        : No pending or failed surveillance run request found.
2026-06-12T11:48:07.120+09:00  INFO 16804 --- [scheduling-1] c.p.ficc.app.FiccRunRequestWorker        : Starting surveillance run request worker.
2026-06-12T11:48:07.139+09:00  INFO 16804 --- [scheduling-1] c.p.ficc.app.FiccRunRequestWorker        : No pending or failed surveillance run request found.
2026-06-12T11:48:12.156+09:00  INFO 16804 --- [scheduling-1] c.p.ficc.app.FiccRunRequestWorker        : Starting surveillance run request worker.
2026-06-12T11:48:12.177+09:00  INFO 16804 --- [scheduling-1] c.p.ficc.app.FiccRunRequestWorker        : No pending or failed surveillance run request found.
2026-06-12T11:48:17.189+09:00  INFO 16804 --- [scheduling-1] c.p.ficc.app.FiccRunRequestWorker        : Starting surveillance run request worker.
2026-06-12T11:48:17.214+09:00  INFO 16804 --- [scheduling-1] c.p.ficc.app.FiccRunRequestWorker        : No pending or failed surveillance run request found.
2026-06-12T11:48:22.225+09:00  INFO 16804 --- [scheduling-1] c.p.ficc.app.FiccRunRequestWorker        : Starting surveillance run request worker.
2026-06-12T11:48:22.246+09:00  INFO 16804 --- [scheduling-1] c.p.ficc.app.FiccRunRequestWorker        : No pending or failed surveillance run request found.
2026-06-12T11:48:27.260+09:00  INFO 16804 --- [scheduling-1] c.p.ficc.app.FiccRunRequestWorker        : Starting surveillance run request worker.
2026-06-12T11:48:27.283+09:00  INFO 16804 --- [scheduling-1] c.p.ficc.app.FiccRunRequestWorker        : No pending or failed surveillance run request found.
2026-06-12T11:48:32.293+09:00  INFO 16804 --- [scheduling-1] c.p.ficc.app.FiccRunRequestWorker        : Starting surveillance run request worker.
2026-06-12T11:48:32.315+09:00  INFO 16804 --- [scheduling-1] c.p.ficc.app.FiccRunRequestWorker        : No pending or failed surveillance run request found.
2026-06-12T11:48:37.326+09:00  INFO 16804 --- [scheduling-1] c.p.ficc.app.FiccRunRequestWorker        : Starting surveillance run request worker.
2026-06-12T11:48:37.343+09:00  INFO 16804 --- [scheduling-1] c.p.ficc.app.FiccRunRequestWorker        : No pending or failed surveillance run request found.
2026-06-12T11:48:42.345+09:00  INFO 16804 --- [scheduling-1] c.p.ficc.app.FiccRunRequestWorker        : Starting surveillance run request worker.
2026-06-12T11:48:42.361+09:00  INFO 16804 --- [scheduling-1] c.p.ficc.app.FiccRunRequestWorker        : No pending or failed surveillance run request found.
2026-06-12T11:48:47.377+09:00  INFO 16804 --- [scheduling-1] c.p.ficc.app.FiccRunRequestWorker        : Starting surveillance run request worker.
2026-06-12T11:48:47.393+09:00  INFO 16804 --- [scheduling-1] c.p.ficc.app.FiccRunRequestWorker        : No pending or failed surveillance run request found.
2026-06-12T11:48:52.403+09:00  INFO 16804 --- [scheduling-1] c.p.ficc.app.FiccRunRequestWorker        : Starting surveillance run request worker.
2026-06-12T11:48:52.428+09:00  INFO 16804 --- [scheduling-1] c.p.ficc.app.FiccRunRequestWorker        : No pending or failed surveillance run request found.
2026-06-12T11:48:57.439+09:00  INFO 16804 --- [scheduling-1] c.p.ficc.app.FiccRunRequestWorker        : Starting surveillance run request worker.
2026-06-12T11:48:57.459+09:00  INFO 16804 --- [scheduling-1] c.p.ficc.app.FiccRunRequestWorker        : No pending or failed surveillance run request found.
2026-06-12T11:49:02.471+09:00  INFO 16804 --- [scheduling-1] c.p.ficc.app.FiccRunRequestWorker        : Starting surveillance run request worker.
2026-06-12T11:49:02.486+09:00  INFO 16804 --- [scheduling-1] c.p.ficc.app.FiccRunRequestWorker        : No pending or failed surveillance run request found.
2026-06-12T11:49:07.501+09:00  INFO 16804 --- [scheduling-1] c.p.ficc.app.FiccRunRequestWorker        : Starting surveillance run request worker.
2026-06-12T11:49:07.523+09:00  INFO 16804 --- [scheduling-1] c.p.ficc.app.FiccRunRequestWorker        : No pending or failed surveillance run request found.
2026-06-12T11:49:12.533+09:00  INFO 16804 --- [scheduling-1] c.p.ficc.app.FiccRunRequestWorker        : Starting surveillance run request worker.
2026-06-12T11:49:12.547+09:00  INFO 16804 --- [scheduling-1] c.p.ficc.app.FiccRunRequestWorker        : No pending or failed surveillance run request found.
2026-06-12T11:49:17.565+09:00  INFO 16804 --- [scheduling-1] c.p.ficc.app.FiccRunRequestWorker        : Starting surveillance run request worker.
2026-06-12T11:49:17.579+09:00  INFO 16804 --- [scheduling-1] c.p.ficc.app.FiccRunRequestWorker        : No pending or failed surveillance run request found.
2026-06-12T11:49:22.601+09:00  INFO 16804 --- [scheduling-1] c.p.ficc.app.FiccRunRequestWorker        : Starting surveillance run request worker.
2026-06-12T11:49:22.623+09:00  INFO 16804 --- [scheduling-1] c.p.ficc.app.FiccRunRequestWorker        : No pending or failed surveillance run request found.
2026-06-12T11:49:27.627+09:00  INFO 16804 --- [scheduling-1] c.p.ficc.app.FiccRunRequestWorker        : Starting surveillance run request worker.
2026-06-12T11:49:27.642+09:00  INFO 16804 --- [scheduling-1] c.p.ficc.app.FiccRunRequestWorker        : No pending or failed surveillance run request found.
2026-06-12T11:49:32.644+09:00  INFO 16804 --- [scheduling-1] c.p.ficc.app.FiccRunRequestWorker        : Starting surveillance run request worker.
2026-06-12T11:49:32.658+09:00  INFO 16804 --- [scheduling-1] c.p.ficc.app.FiccRunRequestWorker        : No pending or failed surveillance run request found.
2026-06-12T11:49:37.673+09:00  INFO 16804 --- [scheduling-1] c.p.ficc.app.FiccRunRequestWorker        : Starting surveillance run request worker.
2026-06-12T11:49:37.695+09:00  INFO 16804 --- [scheduling-1] c.p.ficc.app.FiccRunRequestWorker        : No pending or failed surveillance run request found.
2026-06-12T11:49:42.705+09:00  INFO 16804 --- [scheduling-1] c.p.ficc.app.FiccRunRequestWorker        : Starting surveillance run request worker.
2026-06-12T11:49:42.721+09:00  INFO 16804 --- [scheduling-1] c.p.ficc.app.FiccRunRequestWorker        : No pending or failed surveillance run request found.
2026-06-12T11:49:47.739+09:00  INFO 16804 --- [scheduling-1] c.p.ficc.app.FiccRunRequestWorker        : Starting surveillance run request worker.
2026-06-12T11:49:47.755+09:00  INFO 16804 --- [scheduling-1] c.p.ficc.app.FiccRunRequestWorker        : No pending or failed surveillance run request found.
2026-06-12T11:49:52.766+09:00  INFO 16804 --- [scheduling-1] c.p.ficc.app.FiccRunRequestWorker        : Starting surveillance run request worker.
2026-06-12T11:49:52.790+09:00  INFO 16804 --- [scheduling-1] c.p.ficc.app.FiccRunRequestWorker        : No pending or failed surveillance run request found.
2026-06-12T11:49:57.801+09:00  INFO 16804 --- [scheduling-1] c.p.ficc.app.FiccRunRequestWorker        : Starting surveillance run request worker.
2026-06-12T11:49:57.817+09:00  INFO 16804 --- [scheduling-1] c.p.ficc.app.FiccRunRequestWorker        : No pending or failed surveillance run request found.
2026-06-12T11:50:02.830+09:00  INFO 16804 --- [scheduling-1] c.p.ficc.app.FiccRunRequestWorker        : Starting surveillance run request worker.
2026-06-12T11:50:02.850+09:00  INFO 16804 --- [scheduling-1] c.p.ficc.app.FiccRunRequestWorker        : No pending or failed surveillance run request found.
2026-06-12T11:50:07.860+09:00  INFO 16804 --- [scheduling-1] c.p.ficc.app.FiccRunRequestWorker        : Starting surveillance run request worker.
2026-06-12T11:50:07.876+09:00  INFO 16804 --- [scheduling-1] c.p.ficc.app.FiccRunRequestWorker        : No pending or failed surveillance run request found.
2026-06-12T11:50:12.892+09:00  INFO 16804 --- [scheduling-1] c.p.ficc.app.FiccRunRequestWorker        : Starting surveillance run request worker.
2026-06-12T11:50:12.907+09:00  INFO 16804 --- [scheduling-1] c.p.ficc.app.FiccRunRequestWorker        : No pending or failed surveillance run request found.
2026-06-12T11:50:17.929+09:00  INFO 16804 --- [scheduling-1] c.p.ficc.app.FiccRunRequestWorker        : Starting surveillance run request worker.
2026-06-12T11:50:17.943+09:00  INFO 16804 --- [scheduling-1] c.p.ficc.app.FiccRunRequestWorker        : No pending or failed surveillance run request found.
2026-06-12T11:50:22.957+09:00  INFO 16804 --- [scheduling-1] c.p.ficc.app.FiccRunRequestWorker        : Starting surveillance run request worker.
2026-06-12T11:50:22.984+09:00  INFO 16804 --- [scheduling-1] c.p.ficc.app.FiccRunRequestWorker        : No pending or failed surveillance run request found.
2026-06-12T11:50:27.985+09:00  INFO 16804 --- [scheduling-1] c.p.ficc.app.FiccRunRequestWorker        : Starting surveillance run request worker.
2026-06-12T11:50:27.987+09:00  INFO 16804 --- [scheduling-1] c.p.ficc.app.FiccRunRequestWorker        : No pending or failed surveillance run request found.
2026-06-12T11:50:33.005+09:00  INFO 16804 --- [scheduling-1] c.p.ficc.app.FiccRunRequestWorker        : Starting surveillance run request worker.
2026-06-12T11:50:33.020+09:00  INFO 16804 --- [scheduling-1] c.p.ficc.app.FiccRunRequestWorker        : No pending or failed surveillance run request found.
2026-06-12T11:50:38.024+09:00  INFO 16804 --- [scheduling-1] c.p.ficc.app.FiccRunRequestWorker        : Starting surveillance run request worker.
2026-06-12T11:50:38.049+09:00  INFO 16804 --- [scheduling-1] c.p.ficc.app.FiccRunRequestWorker        : No pending or failed surveillance run request found.
2026-06-12T11:50:43.063+09:00  INFO 16804 --- [scheduling-1] c.p.ficc.app.FiccRunRequestWorker        : Starting surveillance run request worker.
2026-06-12T11:50:43.082+09:00  INFO 16804 --- [scheduling-1] c.p.ficc.app.FiccRunRequestWorker        : No pending or failed surveillance run request found.
2026-06-12T11:50:48.095+09:00  INFO 16804 --- [scheduling-1] c.p.ficc.app.FiccRunRequestWorker        : Starting surveillance run request worker.
2026-06-12T11:50:48.114+09:00  INFO 16804 --- [scheduling-1] c.p.ficc.app.FiccRunRequestWorker        : No pending or failed surveillance run request found.
2026-06-12T11:50:53.126+09:00  INFO 16804 --- [scheduling-1] c.p.ficc.app.FiccRunRequestWorker        : Starting surveillance run request worker.
2026-06-12T11:50:53.142+09:00  INFO 16804 --- [scheduling-1] c.p.ficc.app.FiccRunRequestWorker        : No pending or failed surveillance run request found.
2026-06-12T11:50:58.147+09:00  INFO 16804 --- [scheduling-1] c.p.ficc.app.FiccRunRequestWorker        : Starting surveillance run request worker.
2026-06-12T11:50:58.167+09:00  INFO 16804 --- [scheduling-1] c.p.ficc.app.FiccRunRequestWorker        : No pending or failed surveillance run request found.
2026-06-12T11:51:03.168+09:00  INFO 16804 --- [scheduling-1] c.p.ficc.app.FiccRunRequestWorker        : Starting surveillance run request worker.
2026-06-12T11:51:03.196+09:00  INFO 16804 --- [scheduling-1] c.p.ficc.app.FiccRunRequestWorker        : No pending or failed surveillance run request found.
2026-06-12T11:51:08.202+09:00  INFO 16804 --- [scheduling-1] c.p.ficc.app.FiccRunRequestWorker        : Starting surveillance run request worker.
2026-06-12T11:51:08.223+09:00  INFO 16804 --- [scheduling-1] c.p.ficc.app.FiccRunRequestWorker        : No pending or failed surveillance run request found.
2026-06-12T11:51:13.237+09:00  INFO 16804 --- [scheduling-1] c.p.ficc.app.FiccRunRequestWorker        : Starting surveillance run request worker.
2026-06-12T11:51:13.270+09:00  INFO 16804 --- [scheduling-1] c.p.ficc.app.FiccRunRequestWorker        : No pending or failed surveillance run request found.
2026-06-12T11:51:18.270+09:00  INFO 16804 --- [scheduling-1] c.p.ficc.app.FiccRunRequestWorker        : Starting surveillance run request worker.
2026-06-12T11:51:18.287+09:00  INFO 16804 --- [scheduling-1] c.p.ficc.app.FiccRunRequestWorker        : No pending or failed surveillance run request found.
2026-06-12T11:51:23.298+09:00  INFO 16804 --- [scheduling-1] c.p.ficc.app.FiccRunRequestWorker        : Starting surveillance run request worker.
2026-06-12T11:51:23.316+09:00  INFO 16804 --- [scheduling-1] c.p.ficc.app.FiccRunRequestWorker        : No pending or failed surveillance run request found.
2026-06-12T11:51:28.317+09:00  INFO 16804 --- [scheduling-1] c.p.ficc.app.FiccRunRequestWorker        : Starting surveillance run request worker.
2026-06-12T11:51:28.350+09:00  INFO 16804 --- [scheduling-1] c.p.ficc.app.FiccRunRequestWorker        : No pending or failed surveillance run request found.
2026-06-12T11:51:33.354+09:00  INFO 16804 --- [scheduling-1] c.p.ficc.app.FiccRunRequestWorker        : Starting surveillance run request worker.
2026-06-12T11:51:33.371+09:00  INFO 16804 --- [scheduling-1] c.p.ficc.app.FiccRunRequestWorker        : No pending or failed surveillance run request found.
2026-06-12T11:51:38.393+09:00  INFO 16804 --- [scheduling-1] c.p.ficc.app.FiccRunRequestWorker        : Starting surveillance run request worker.
2026-06-12T11:51:38.412+09:00  INFO 16804 --- [scheduling-1] c.p.ficc.app.FiccRunRequestWorker        : No pending or failed surveillance run request found.
2026-06-12T11:51:43.429+09:00  INFO 16804 --- [scheduling-1] c.p.ficc.app.FiccRunRequestWorker        : Starting surveillance run request worker.
2026-06-12T11:51:43.452+09:00  INFO 16804 --- [scheduling-1] c.p.ficc.app.FiccRunRequestWorker        : No pending or failed surveillance run request found.
2026-06-12T11:51:48.455+09:00  INFO 16804 --- [scheduling-1] c.p.ficc.app.FiccRunRequestWorker        : Starting surveillance run request worker.
2026-06-12T11:51:48.475+09:00  INFO 16804 --- [scheduling-1] c.p.ficc.app.FiccRunRequestWorker        : No pending or failed surveillance run request found.
2026-06-12T11:51:53.485+09:00  INFO 16804 --- [scheduling-1] c.p.ficc.app.FiccRunRequestWorker        : Starting surveillance run request worker.
2026-06-12T11:51:53.501+09:00  INFO 16804 --- [scheduling-1] c.p.ficc.app.FiccRunRequestWorker        : No pending or failed surveillance run request found.
2026-06-12T11:51:58.516+09:00  INFO 16804 --- [scheduling-1] c.p.ficc.app.FiccRunRequestWorker        : Starting surveillance run request worker.
2026-06-12T11:51:58.532+09:00  INFO 16804 --- [scheduling-1] c.p.ficc.app.FiccRunRequestWorker        : No pending or failed surveillance run request found.
2026-06-12T11:52:03.547+09:00  INFO 16804 --- [scheduling-1] c.p.ficc.app.FiccRunRequestWorker        : Starting surveillance run request worker.
2026-06-12T11:52:03.563+09:00  INFO 16804 --- [scheduling-1] c.p.ficc.app.FiccRunRequestWorker        : No pending or failed surveillance run request found.
2026-06-12T11:52:08.584+09:00  INFO 16804 --- [scheduling-1] c.p.ficc.app.FiccRunRequestWorker        : Starting surveillance run request worker.
2026-06-12T11:52:08.605+09:00  INFO 16804 --- [scheduling-1] c.p.ficc.app.FiccRunRequestWorker        : No pending or failed surveillance run request found.
2026-06-12T11:52:13.607+09:00  INFO 16804 --- [scheduling-1] c.p.ficc.app.FiccRunRequestWorker        : Starting surveillance run request worker.
2026-06-12T11:52:13.625+09:00  INFO 16804 --- [scheduling-1] c.p.ficc.app.FiccRunRequestWorker        : No pending or failed surveillance run request found.
2026-06-12T11:52:18.649+09:00  INFO 16804 --- [scheduling-1] c.p.ficc.app.FiccRunRequestWorker        : Starting surveillance run request worker.
2026-06-12T11:52:18.669+09:00  INFO 16804 --- [scheduling-1] c.p.ficc.app.FiccRunRequestWorker        : No pending or failed surveillance run request found.
2026-06-12T11:52:23.671+09:00  INFO 16804 --- [scheduling-1] c.p.ficc.app.FiccRunRequestWorker        : Starting surveillance run request worker.
2026-06-12T11:52:23.693+09:00  INFO 16804 --- [scheduling-1] c.p.ficc.app.FiccRunRequestWorker        : No pending or failed surveillance run request found.
2026-06-12T11:52:28.705+09:00  INFO 16804 --- [scheduling-1] c.p.ficc.app.FiccRunRequestWorker        : Starting surveillance run request worker.
2026-06-12T11:52:28.729+09:00  INFO 16804 --- [scheduling-1] c.p.ficc.app.FiccRunRequestWorker        : No pending or failed surveillance run request found.
2026-06-12T11:52:33.736+09:00  INFO 16804 --- [scheduling-1] c.p.ficc.app.FiccRunRequestWorker        : Starting surveillance run request worker.
2026-06-12T11:52:33.753+09:00  INFO 16804 --- [scheduling-1] c.p.ficc.app.FiccRunRequestWorker        : No pending or failed surveillance run request found.
2026-06-12T11:52:38.765+09:00  INFO 16804 --- [scheduling-1] c.p.ficc.app.FiccRunRequestWorker        : Starting surveillance run request worker.
2026-06-12T11:52:38.781+09:00  INFO 16804 --- [scheduling-1] c.p.ficc.app.FiccRunRequestWorker        : No pending or failed surveillance run request found.
2026-06-12T11:52:43.797+09:00  INFO 16804 --- [scheduling-1] c.p.ficc.app.FiccRunRequestWorker        : Starting surveillance run request worker.
2026-06-12T11:52:43.813+09:00  INFO 16804 --- [scheduling-1] c.p.ficc.app.FiccRunRequestWorker        : No pending or failed surveillance run request found.
2026-06-12T11:52:48.817+09:00  INFO 16804 --- [scheduling-1] c.p.ficc.app.FiccRunRequestWorker        : Starting surveillance run request worker.
2026-06-12T11:52:48.838+09:00  INFO 16804 --- [scheduling-1] c.p.ficc.app.FiccRunRequestWorker        : No pending or failed surveillance run request found.
2026-06-12T11:52:53.849+09:00  INFO 16804 --- [scheduling-1] c.p.ficc.app.FiccRunRequestWorker        : Starting surveillance run request worker.
2026-06-12T11:52:53.874+09:00  INFO 16804 --- [scheduling-1] c.p.ficc.app.FiccRunRequestWorker        : No pending or failed surveillance run request found.
2026-06-12T11:52:58.887+09:00  INFO 16804 --- [scheduling-1] c.p.ficc.app.FiccRunRequestWorker        : Starting surveillance run request worker.
2026-06-12T11:52:58.903+09:00  INFO 16804 --- [scheduling-1] c.p.ficc.app.FiccRunRequestWorker        : No pending or failed surveillance run request found.
2026-06-12T11:53:03.917+09:00  INFO 16804 --- [scheduling-1] c.p.ficc.app.FiccRunRequestWorker        : Starting surveillance run request worker.
2026-06-12T11:53:03.932+09:00  INFO 16804 --- [scheduling-1] c.p.ficc.app.FiccRunRequestWorker        : No pending or failed surveillance run request found.
2026-06-12T11:53:08.952+09:00  INFO 16804 --- [scheduling-1] c.p.ficc.app.FiccRunRequestWorker        : Starting surveillance run request worker.
2026-06-12T11:53:08.978+09:00  INFO 16804 --- [scheduling-1] c.p.ficc.app.FiccRunRequestWorker        : No pending or failed surveillance run request found.
2026-06-12T11:53:13.984+09:00  INFO 16804 --- [scheduling-1] c.p.ficc.app.FiccRunRequestWorker        : Starting surveillance run request worker.
2026-06-12T11:53:14.000+09:00  INFO 16804 --- [scheduling-1] c.p.ficc.app.FiccRunRequestWorker        : No pending or failed surveillance run request found.
2026-06-12T11:53:19.019+09:00  INFO 16804 --- [scheduling-1] c.p.ficc.app.FiccRunRequestWorker        : Starting surveillance run request worker.
2026-06-12T11:53:19.039+09:00  INFO 16804 --- [scheduling-1] c.p.ficc.app.FiccRunRequestWorker        : No pending or failed surveillance run request found.
2026-06-12T11:53:24.049+09:00  INFO 16804 --- [scheduling-1] c.p.ficc.app.FiccRunRequestWorker        : Starting surveillance run request worker.
2026-06-12T11:53:24.068+09:00  INFO 16804 --- [scheduling-1] c.p.ficc.app.FiccRunRequestWorker        : No pending or failed surveillance run request found.
2026-06-12T11:53:29.083+09:00  INFO 16804 --- [scheduling-1] c.p.ficc.app.FiccRunRequestWorker        : Starting surveillance run request worker.
2026-06-12T11:53:29.100+09:00  INFO 16804 --- [scheduling-1] c.p.ficc.app.FiccRunRequestWorker        : No pending or failed surveillance run request found.
2026-06-12T11:53:34.109+09:00  INFO 16804 --- [scheduling-1] c.p.ficc.app.FiccRunRequestWorker        : Starting surveillance run request worker.
2026-06-12T11:53:34.125+09:00  INFO 16804 --- [scheduling-1] c.p.ficc.app.FiccRunRequestWorker        : No pending or failed surveillance run request found.
2026-06-12T11:53:39.142+09:00  INFO 16804 --- [scheduling-1] c.p.ficc.app.FiccRunRequestWorker        : Starting surveillance run request worker.
2026-06-12T11:53:39.157+09:00  INFO 16804 --- [scheduling-1] c.p.ficc.app.FiccRunRequestWorker        : No pending or failed surveillance run request found.
2026-06-12T11:53:44.173+09:00  INFO 16804 --- [scheduling-1] c.p.ficc.app.FiccRunRequestWorker        : Starting surveillance run request worker.
2026-06-12T11:53:44.189+09:00  INFO 16804 --- [scheduling-1] c.p.ficc.app.FiccRunRequestWorker        : No pending or failed surveillance run request found.
2026-06-12T11:53:49.204+09:00  INFO 16804 --- [scheduling-1] c.p.ficc.app.FiccRunRequestWorker        : Starting surveillance run request worker.
2026-06-12T11:53:49.221+09:00  INFO 16804 --- [scheduling-1] c.p.ficc.app.FiccRunRequestWorker        : No pending or failed surveillance run request found.
2026-06-12T11:53:54.235+09:00  INFO 16804 --- [scheduling-1] c.p.ficc.app.FiccRunRequestWorker        : Starting surveillance run request worker.
2026-06-12T11:53:54.250+09:00  INFO 16804 --- [scheduling-1] c.p.ficc.app.FiccRunRequestWorker        : No pending or failed surveillance run request found.
2026-06-12T11:53:59.266+09:00  INFO 16804 --- [scheduling-1] c.p.ficc.app.FiccRunRequestWorker        : Starting surveillance run request worker.
2026-06-12T11:53:59.285+09:00  INFO 16804 --- [scheduling-1] c.p.ficc.app.FiccRunRequestWorker        : No pending or failed surveillance run request found.
2026-06-12T11:54:04.299+09:00  INFO 16804 --- [scheduling-1] c.p.ficc.app.FiccRunRequestWorker        : Starting surveillance run request worker.
2026-06-12T11:54:04.330+09:00  INFO 16804 --- [scheduling-1] c.p.ficc.app.FiccRunRequestWorker        : No pending or failed surveillance run request found.
2026-06-12T11:54:09.346+09:00  INFO 16804 --- [scheduling-1] c.p.ficc.app.FiccRunRequestWorker        : Starting surveillance run request worker.
2026-06-12T11:54:09.360+09:00  INFO 16804 --- [scheduling-1] c.p.ficc.app.FiccRunRequestWorker        : No pending or failed surveillance run request found.
2026-06-12T11:54:14.376+09:00  INFO 16804 --- [scheduling-1] c.p.ficc.app.FiccRunRequestWorker        : Starting surveillance run request worker.
2026-06-12T11:54:14.408+09:00  INFO 16804 --- [scheduling-1] c.p.ficc.app.FiccRunRequestWorker        : No pending or failed surveillance run request found.
2026-06-12T11:54:19.423+09:00  INFO 16804 --- [scheduling-1] c.p.ficc.app.FiccRunRequestWorker        : Starting surveillance run request worker.
2026-06-12T11:54:19.447+09:00  INFO 16804 --- [scheduling-1] c.p.ficc.app.FiccRunRequestWorker        : No pending or failed surveillance run request found.
2026-06-12T11:54:24.453+09:00  INFO 16804 --- [scheduling-1] c.p.ficc.app.FiccRunRequestWorker        : Starting surveillance run request worker.
2026-06-12T11:54:24.469+09:00  INFO 16804 --- [scheduling-1] c.p.ficc.app.FiccRunRequestWorker        : No pending or failed surveillance run request found.
2026-06-12T11:54:29.477+09:00  INFO 16804 --- [scheduling-1] c.p.ficc.app.FiccRunRequestWorker        : Starting surveillance run request worker.
2026-06-12T11:54:29.485+09:00  INFO 16804 --- [scheduling-1] c.p.ficc.app.FiccRunRequestWorker        : No pending or failed surveillance run request found.
2026-06-12T11:54:34.516+09:00  INFO 16804 --- [scheduling-1] c.p.ficc.app.FiccRunRequestWorker        : Starting surveillance run request worker.
2026-06-12T11:54:34.543+09:00  INFO 16804 --- [scheduling-1] c.p.ficc.app.FiccRunRequestWorker        : No pending or failed surveillance run request found.
2026-06-12T11:54:39.547+09:00  INFO 16804 --- [scheduling-1] c.p.ficc.app.FiccRunRequestWorker        : Starting surveillance run request worker.
2026-06-12T11:54:39.574+09:00  INFO 16804 --- [scheduling-1] c.p.ficc.app.FiccRunRequestWorker        : No pending or failed surveillance run request found.
2026-06-12T11:54:44.580+09:00  INFO 16804 --- [scheduling-1] c.p.ficc.app.FiccRunRequestWorker        : Starting surveillance run request worker.
2026-06-12T11:54:44.598+09:00  INFO 16804 --- [scheduling-1] c.p.ficc.app.FiccRunRequestWorker        : No pending or failed surveillance run request found.
2026-06-12T11:54:49.611+09:00  INFO 16804 --- [scheduling-1] c.p.ficc.app.FiccRunRequestWorker        : Starting surveillance run request worker.
2026-06-12T11:54:49.629+09:00  INFO 16804 --- [scheduling-1] c.p.ficc.app.FiccRunRequestWorker        : No pending or failed surveillance run request found.
2026-06-12T11:54:54.641+09:00  INFO 16804 --- [scheduling-1] c.p.ficc.app.FiccRunRequestWorker        : Starting surveillance run request worker.
2026-06-12T11:54:54.657+09:00  INFO 16804 --- [scheduling-1] c.p.ficc.app.FiccRunRequestWorker        : No pending or failed surveillance run request found.
2026-06-12T11:54:59.674+09:00  INFO 16804 --- [scheduling-1] c.p.ficc.app.FiccRunRequestWorker        : Starting surveillance run request worker.
2026-06-12T11:54:59.692+09:00  INFO 16804 --- [scheduling-1] c.p.ficc.app.FiccRunRequestWorker        : No pending or failed surveillance run request found.
2026-06-12T11:55:04.705+09:00  INFO 16804 --- [scheduling-1] c.p.ficc.app.FiccRunRequestWorker        : Starting surveillance run request worker.
2026-06-12T11:55:04.724+09:00  INFO 16804 --- [scheduling-1] c.p.ficc.app.FiccRunRequestWorker        : No pending or failed surveillance run request found.
2026-06-12T11:55:09.734+09:00  INFO 16804 --- [scheduling-1] c.p.ficc.app.FiccRunRequestWorker        : Starting surveillance run request worker.
2026-06-12T11:55:09.750+09:00  INFO 16804 --- [scheduling-1] c.p.ficc.app.FiccRunRequestWorker        : No pending or failed surveillance run request found.
2026-06-12T11:55:14.766+09:00  INFO 16804 --- [scheduling-1] c.p.ficc.app.FiccRunRequestWorker        : Starting surveillance run request worker.
2026-06-12T11:55:14.782+09:00  INFO 16804 --- [scheduling-1] c.p.ficc.app.FiccRunRequestWorker        : No pending or failed surveillance run request found.
2026-06-12T11:55:19.798+09:00  INFO 16804 --- [scheduling-1] c.p.ficc.app.FiccRunRequestWorker        : Starting surveillance run request worker.
2026-06-12T11:55:19.813+09:00  INFO 16804 --- [scheduling-1] c.p.ficc.app.FiccRunRequestWorker        : No pending or failed surveillance run request found.
2026-06-12T11:55:24.814+09:00  INFO 16804 --- [scheduling-1] c.p.ficc.app.FiccRunRequestWorker        : Starting surveillance run request worker.
2026-06-12T11:55:24.830+09:00  INFO 16804 --- [scheduling-1] c.p.ficc.app.FiccRunRequestWorker        : No pending or failed surveillance run request found.
2026-06-12T11:55:29.846+09:00  INFO 16804 --- [scheduling-1] c.p.ficc.app.FiccRunRequestWorker        : Starting surveillance run request worker.
2026-06-12T11:55:29.874+09:00  INFO 16804 --- [scheduling-1] c.p.ficc.app.FiccRunRequestWorker        : No pending or failed surveillance run request found.
2026-06-12T11:55:34.891+09:00  INFO 16804 --- [scheduling-1] c.p.ficc.app.FiccRunRequestWorker        : Starting surveillance run request worker.
2026-06-12T11:55:34.912+09:00  INFO 16804 --- [scheduling-1] c.p.ficc.app.FiccRunRequestWorker        : No pending or failed surveillance run request found.
2026-06-12T11:55:39.929+09:00  INFO 16804 --- [scheduling-1] c.p.ficc.app.FiccRunRequestWorker        : Starting surveillance run request worker.
2026-06-12T11:55:39.946+09:00  INFO 16804 --- [scheduling-1] c.p.ficc.app.FiccRunRequestWorker        : No pending or failed surveillance run request found.
2026-06-12T11:55:44.960+09:00  INFO 16804 --- [scheduling-1] c.p.ficc.app.FiccRunRequestWorker        : Starting surveillance run request worker.
2026-06-12T11:55:44.977+09:00  INFO 16804 --- [scheduling-1] c.p.ficc.app.FiccRunRequestWorker        : No pending or failed surveillance run request found.
2026-06-12T11:55:49.992+09:00  INFO 16804 --- [scheduling-1] c.p.ficc.app.FiccRunRequestWorker        : Starting surveillance run request worker.
2026-06-12T11:55:50.015+09:00  INFO 16804 --- [scheduling-1] c.p.ficc.app.FiccRunRequestWorker        : No pending or failed surveillance run request found.
2026-06-12T11:55:55.028+09:00  INFO 16804 --- [scheduling-1] c.p.ficc.app.FiccRunRequestWorker        : Starting surveillance run request worker.
2026-06-12T11:55:55.047+09:00  INFO 16804 --- [scheduling-1] c.p.ficc.app.FiccRunRequestWorker        : No pending or failed surveillance run request found.
2026-06-12T11:56:00.061+09:00  INFO 16804 --- [scheduling-1] c.p.ficc.app.FiccRunRequestWorker        : Starting surveillance run request worker.
2026-06-12T11:56:00.077+09:00  INFO 16804 --- [scheduling-1] c.p.ficc.app.FiccRunRequestWorker        : No pending or failed surveillance run request found.
2026-06-12T11:56:05.092+09:00  INFO 16804 --- [scheduling-1] c.p.ficc.app.FiccRunRequestWorker        : Starting surveillance run request worker.
2026-06-12T11:56:05.108+09:00  INFO 16804 --- [scheduling-1] c.p.ficc.app.FiccRunRequestWorker        : No pending or failed surveillance run request found.
2026-06-12T11:56:10.129+09:00  INFO 16804 --- [scheduling-1] c.p.ficc.app.FiccRunRequestWorker        : Starting surveillance run request worker.
2026-06-12T11:56:10.143+09:00  INFO 16804 --- [scheduling-1] c.p.ficc.app.FiccRunRequestWorker        : No pending or failed surveillance run request found.
2026-06-12T11:56:15.158+09:00  INFO 16804 --- [scheduling-1] c.p.ficc.app.FiccRunRequestWorker        : Starting surveillance run request worker.
2026-06-12T11:56:15.184+09:00  INFO 16804 --- [scheduling-1] c.p.ficc.app.FiccRunRequestWorker        : No pending or failed surveillance run request found.
2026-06-12T11:56:20.189+09:00  INFO 16804 --- [scheduling-1] c.p.ficc.app.FiccRunRequestWorker        : Starting surveillance run request worker.
2026-06-12T11:56:20.208+09:00  INFO 16804 --- [scheduling-1] c.p.ficc.app.FiccRunRequestWorker        : No pending or failed surveillance run request found.
2026-06-12T11:56:25.219+09:00  INFO 16804 --- [scheduling-1] c.p.ficc.app.FiccRunRequestWorker        : Starting surveillance run request worker.
2026-06-12T11:56:25.243+09:00  INFO 16804 --- [scheduling-1] c.p.ficc.app.FiccRunRequestWorker        : No pending or failed surveillance run request found.
2026-06-12T11:56:30.266+09:00  INFO 16804 --- [scheduling-1] c.p.ficc.app.FiccRunRequestWorker        : Starting surveillance run request worker.
2026-06-12T11:56:30.282+09:00  INFO 16804 --- [scheduling-1] c.p.ficc.app.FiccRunRequestWorker        : No pending or failed surveillance run request found.
2026-06-12T11:56:35.298+09:00  INFO 16804 --- [scheduling-1] c.p.ficc.app.FiccRunRequestWorker        : Starting surveillance run request worker.
2026-06-12T11:56:35.322+09:00  INFO 16804 --- [scheduling-1] c.p.ficc.app.FiccRunRequestWorker        : No pending or failed surveillance run request found.
2026-06-12T11:56:40.329+09:00  INFO 16804 --- [scheduling-1] c.p.ficc.app.FiccRunRequestWorker        : Starting surveillance run request worker.
2026-06-12T11:56:40.346+09:00  INFO 16804 --- [scheduling-1] c.p.ficc.app.FiccRunRequestWorker        : No pending or failed surveillance run request found.
2026-06-12T11:56:45.359+09:00  INFO 16804 --- [scheduling-1] c.p.ficc.app.FiccRunRequestWorker        : Starting surveillance run request worker.
2026-06-12T11:56:45.381+09:00  INFO 16804 --- [scheduling-1] c.p.ficc.app.FiccRunRequestWorker        : No pending or failed surveillance run request found.
2026-06-12T11:56:50.391+09:00  INFO 16804 --- [scheduling-1] c.p.ficc.app.FiccRunRequestWorker        : Starting surveillance run request worker.
2026-06-12T11:56:50.410+09:00  INFO 16804 --- [scheduling-1] c.p.ficc.app.FiccRunRequestWorker        : No pending or failed surveillance run request found.
2026-06-12T11:56:55.424+09:00  INFO 16804 --- [scheduling-1] c.p.ficc.app.FiccRunRequestWorker        : Starting surveillance run request worker.
2026-06-12T11:56:55.443+09:00  INFO 16804 --- [scheduling-1] c.p.ficc.app.FiccRunRequestWorker        : No pending or failed surveillance run request found.
2026-06-12T11:57:00.454+09:00  INFO 16804 --- [scheduling-1] c.p.ficc.app.FiccRunRequestWorker        : Starting surveillance run request worker.
2026-06-12T11:57:00.469+09:00  INFO 16804 --- [scheduling-1] c.p.ficc.app.FiccRunRequestWorker        : No pending or failed surveillance run request found.
2026-06-12T11:57:05.485+09:00  INFO 16804 --- [scheduling-1] c.p.ficc.app.FiccRunRequestWorker        : Starting surveillance run request worker.
2026-06-12T11:57:05.505+09:00  INFO 16804 --- [scheduling-1] c.p.ficc.app.FiccRunRequestWorker        : No pending or failed surveillance run request found.
2026-06-12T11:57:10.507+09:00  INFO 16804 --- [scheduling-1] c.p.ficc.app.FiccRunRequestWorker        : Starting surveillance run request worker.
2026-06-12T11:57:10.533+09:00  INFO 16804 --- [scheduling-1] c.p.ficc.app.FiccRunRequestWorker        : No pending or failed surveillance run request found.
2026-06-12T11:57:15.546+09:00  INFO 16804 --- [scheduling-1] c.p.ficc.app.FiccRunRequestWorker        : Starting surveillance run request worker.
2026-06-12T11:57:15.562+09:00  INFO 16804 --- [scheduling-1] c.p.ficc.app.FiccRunRequestWorker        : No pending or failed surveillance run request found.
2026-06-12T11:57:20.580+09:00  INFO 16804 --- [scheduling-1] c.p.ficc.app.FiccRunRequestWorker        : Starting surveillance run request worker.
2026-06-12T11:57:20.607+09:00  INFO 16804 --- [scheduling-1] c.p.ficc.app.FiccRunRequestWorker        : No pending or failed surveillance run request found.
2026-06-12T11:57:25.612+09:00  INFO 16804 --- [scheduling-1] c.p.ficc.app.FiccRunRequestWorker        : Starting surveillance run request worker.
2026-06-12T11:57:25.634+09:00  INFO 16804 --- [scheduling-1] c.p.ficc.app.FiccRunRequestWorker        : No pending or failed surveillance run request found.
2026-06-12T11:57:30.641+09:00  INFO 16804 --- [scheduling-1] c.p.ficc.app.FiccRunRequestWorker        : Starting surveillance run request worker.
2026-06-12T11:57:30.657+09:00  INFO 16804 --- [scheduling-1] c.p.ficc.app.FiccRunRequestWorker        : No pending or failed surveillance run request found.
2026-06-12T11:57:35.658+09:00  INFO 16804 --- [scheduling-1] c.p.ficc.app.FiccRunRequestWorker        : Starting surveillance run request worker.
2026-06-12T11:57:35.692+09:00  INFO 16804 --- [scheduling-1] c.p.ficc.app.FiccRunRequestWorker        : No pending or failed surveillance run request found.
2026-06-12T11:57:40.706+09:00  INFO 16804 --- [scheduling-1] c.p.ficc.app.FiccRunRequestWorker        : Starting surveillance run request worker.
2026-06-12T11:57:40.720+09:00  INFO 16804 --- [scheduling-1] c.p.ficc.app.FiccRunRequestWorker        : No pending or failed surveillance run request found.
2026-06-12T11:57:45.735+09:00  INFO 16804 --- [scheduling-1] c.p.ficc.app.FiccRunRequestWorker        : Starting surveillance run request worker.
2026-06-12T11:57:45.753+09:00  INFO 16804 --- [scheduling-1] c.p.ficc.app.FiccRunRequestWorker        : No pending or failed surveillance run request found.
2026-06-12T11:57:50.766+09:00  INFO 16804 --- [scheduling-1] c.p.ficc.app.FiccRunRequestWorker        : Starting surveillance run request worker.
2026-06-12T11:57:50.782+09:00  INFO 16804 --- [scheduling-1] c.p.ficc.app.FiccRunRequestWorker        : No pending or failed surveillance run request found.
2026-06-12T11:57:55.790+09:00  INFO 16804 --- [scheduling-1] c.p.ficc.app.FiccRunRequestWorker        : Starting surveillance run request worker.
2026-06-12T11:57:55.807+09:00  INFO 16804 --- [scheduling-1] c.p.ficc.app.FiccRunRequestWorker        : No pending or failed surveillance run request found.
2026-06-12T11:58:00.824+09:00  INFO 16804 --- [scheduling-1] c.p.ficc.app.FiccRunRequestWorker        : Starting surveillance run request worker.
2026-06-12T11:58:00.840+09:00  INFO 16804 --- [scheduling-1] c.p.ficc.app.FiccRunRequestWorker        : No pending or failed surveillance run request found.
2026-06-12T11:58:05.859+09:00  INFO 16804 --- [scheduling-1] c.p.ficc.app.FiccRunRequestWorker        : Starting surveillance run request worker.
2026-06-12T11:58:05.887+09:00  INFO 16804 --- [scheduling-1] c.p.ficc.app.FiccRunRequestWorker        : No pending or failed surveillance run request found.
2026-06-12T11:58:10.888+09:00  INFO 16804 --- [scheduling-1] c.p.ficc.app.FiccRunRequestWorker        : Starting surveillance run request worker.
2026-06-12T11:58:10.907+09:00  INFO 16804 --- [scheduling-1] c.p.ficc.app.FiccRunRequestWorker        : No pending or failed surveillance run request found.
2026-06-12T11:58:15.921+09:00  INFO 16804 --- [scheduling-1] c.p.ficc.app.FiccRunRequestWorker        : Starting surveillance run request worker.
2026-06-12T11:58:15.940+09:00  INFO 16804 --- [scheduling-1] c.p.ficc.app.FiccRunRequestWorker        : No pending or failed surveillance run request found.
2026-06-12T11:58:20.954+09:00  INFO 16804 --- [scheduling-1] c.p.ficc.app.FiccRunRequestWorker        : Starting surveillance run request worker.
2026-06-12T11:58:20.973+09:00  INFO 16804 --- [scheduling-1] c.p.ficc.app.FiccRunRequestWorker        : No pending or failed surveillance run request found.
2026-06-12T11:58:25.973+09:00  INFO 16804 --- [scheduling-1] c.p.ficc.app.FiccRunRequestWorker        : Starting surveillance run request worker.
2026-06-12T11:58:26.002+09:00  INFO 16804 --- [scheduling-1] c.p.ficc.app.FiccRunRequestWorker        : No pending or failed surveillance run request found.
2026-06-12T11:58:31.006+09:00  INFO 16804 --- [scheduling-1] c.p.ficc.app.FiccRunRequestWorker        : Starting surveillance run request worker.
2026-06-12T11:58:31.023+09:00  INFO 16804 --- [scheduling-1] c.p.ficc.app.FiccRunRequestWorker        : No pending or failed surveillance run request found.
2026-06-12T11:58:36.038+09:00  INFO 16804 --- [scheduling-1] c.p.ficc.app.FiccRunRequestWorker        : Starting surveillance run request worker.
2026-06-12T11:58:36.056+09:00  INFO 16804 --- [scheduling-1] c.p.ficc.app.FiccRunRequestWorker        : No pending or failed surveillance run request found.
2026-06-12T11:58:41.072+09:00  INFO 16804 --- [scheduling-1] c.p.ficc.app.FiccRunRequestWorker        : Starting surveillance run request worker.
2026-06-12T11:58:41.089+09:00  INFO 16804 --- [scheduling-1] c.p.ficc.app.FiccRunRequestWorker        : No pending or failed surveillance run request found.
2026-06-12T11:58:46.104+09:00  INFO 16804 --- [scheduling-1] c.p.ficc.app.FiccRunRequestWorker        : Starting surveillance run request worker.
2026-06-12T11:58:46.122+09:00  INFO 16804 --- [scheduling-1] c.p.ficc.app.FiccRunRequestWorker        : No pending or failed surveillance run request found.
2026-06-12T11:58:51.122+09:00  INFO 16804 --- [scheduling-1] c.p.ficc.app.FiccRunRequestWorker        : Starting surveillance run request worker.
2026-06-12T11:58:51.139+09:00  INFO 16804 --- [scheduling-1] c.p.ficc.app.FiccRunRequestWorker        : No pending or failed surveillance run request found.
2026-06-12T11:58:56.155+09:00  INFO 16804 --- [scheduling-1] c.p.ficc.app.FiccRunRequestWorker        : Starting surveillance run request worker.
2026-06-12T11:58:56.183+09:00  INFO 16804 --- [scheduling-1] c.p.ficc.app.FiccRunRequestWorker        : No pending or failed surveillance run request found.
2026-06-12T11:59:01.186+09:00  INFO 16804 --- [scheduling-1] c.p.ficc.app.FiccRunRequestWorker        : Starting surveillance run request worker.
2026-06-12T11:59:01.206+09:00  INFO 16804 --- [scheduling-1] c.p.ficc.app.FiccRunRequestWorker        : No pending or failed surveillance run request found.
2026-06-12T11:59:06.220+09:00  INFO 16804 --- [scheduling-1] c.p.ficc.app.FiccRunRequestWorker        : Starting surveillance run request worker.
2026-06-12T11:59:06.240+09:00  INFO 16804 --- [scheduling-1] c.p.ficc.app.FiccRunRequestWorker        : No pending or failed surveillance run request found.
2026-06-12T11:59:11.253+09:00  INFO 16804 --- [scheduling-1] c.p.ficc.app.FiccRunRequestWorker        : Starting surveillance run request worker.
2026-06-12T11:59:11.271+09:00  INFO 16804 --- [scheduling-1] c.p.ficc.app.FiccRunRequestWorker        : No pending or failed surveillance run request found.
2026-06-12T11:59:16.282+09:00  INFO 16804 --- [scheduling-1] c.p.ficc.app.FiccRunRequestWorker        : Starting surveillance run request worker.
2026-06-12T11:59:16.294+09:00  INFO 16804 --- [scheduling-1] c.p.ficc.app.FiccRunRequestWorker        : No pending or failed surveillance run request found.
2026-06-12T11:59:21.302+09:00  INFO 16804 --- [scheduling-1] c.p.ficc.app.FiccRunRequestWorker        : Starting surveillance run request worker.
2026-06-12T11:59:21.325+09:00  INFO 16804 --- [scheduling-1] c.p.ficc.app.FiccRunRequestWorker        : No pending or failed surveillance run request found.
2026-06-12T11:59:26.333+09:00  INFO 16804 --- [scheduling-1] c.p.ficc.app.FiccRunRequestWorker        : Starting surveillance run request worker.
2026-06-12T11:59:26.350+09:00  INFO 16804 --- [scheduling-1] c.p.ficc.app.FiccRunRequestWorker        : No pending or failed surveillance run request found.
2026-06-12T11:59:31.361+09:00  INFO 16804 --- [scheduling-1] c.p.ficc.app.FiccRunRequestWorker        : Starting surveillance run request worker.
2026-06-12T11:59:31.376+09:00  INFO 16804 --- [scheduling-1] c.p.ficc.app.FiccRunRequestWorker        : No pending or failed surveillance run request found.
2026-06-12T11:59:36.385+09:00  INFO 16804 --- [scheduling-1] c.p.ficc.app.FiccRunRequestWorker        : Starting surveillance run request worker.
2026-06-12T11:59:36.411+09:00  INFO 16804 --- [scheduling-1] c.p.ficc.app.FiccRunRequestWorker        : No pending or failed surveillance run request found.
2026-06-12T11:59:41.415+09:00  INFO 16804 --- [scheduling-1] c.p.ficc.app.FiccRunRequestWorker        : Starting surveillance run request worker.
2026-06-12T11:59:41.419+09:00  INFO 16804 --- [scheduling-1] c.p.ficc.app.FiccRunRequestWorker        : No pending or failed surveillance run request found.
2026-06-12T11:59:46.433+09:00  INFO 16804 --- [scheduling-1] c.p.ficc.app.FiccRunRequestWorker        : Starting surveillance run request worker.
2026-06-12T11:59:46.456+09:00  INFO 16804 --- [scheduling-1] c.p.ficc.app.FiccRunRequestWorker        : No pending or failed surveillance run request found.
2026-06-12T11:59:51.469+09:00  INFO 16804 --- [scheduling-1] c.p.ficc.app.FiccRunRequestWorker        : Starting surveillance run request worker.
2026-06-12T11:59:51.485+09:00  INFO 16804 --- [scheduling-1] c.p.ficc.app.FiccRunRequestWorker        : No pending or failed surveillance run request found.
2026-06-12T11:59:56.501+09:00  INFO 16804 --- [scheduling-1] c.p.ficc.app.FiccRunRequestWorker        : Starting surveillance run request worker.
2026-06-12T11:59:56.521+09:00  INFO 16804 --- [scheduling-1] c.p.ficc.app.FiccRunRequestWorker        : No pending or failed surveillance run request found.
2026-06-12T12:00:01.534+09:00  INFO 16804 --- [scheduling-1] c.p.ficc.app.FiccRunRequestWorker        : Starting surveillance run request worker.
2026-06-12T12:00:01.558+09:00  INFO 16804 --- [scheduling-1] c.p.ficc.app.FiccRunRequestWorker        : No pending or failed surveillance run request found.
2026-06-12T12:00:06.569+09:00  INFO 16804 --- [scheduling-1] c.p.ficc.app.FiccRunRequestWorker        : Starting surveillance run request worker.
2026-06-12T12:00:06.589+09:00  INFO 16804 --- [scheduling-1] c.p.ficc.app.FiccRunRequestWorker        : No pending or failed surveillance run request found.
2026-06-12T12:00:11.600+09:00  INFO 16804 --- [scheduling-1] c.p.ficc.app.FiccRunRequestWorker        : Starting surveillance run request worker.
2026-06-12T12:00:11.620+09:00  INFO 16804 --- [scheduling-1] c.p.ficc.app.FiccRunRequestWorker        : No pending or failed surveillance run request found.
2026-06-12T12:00:16.635+09:00  INFO 16804 --- [scheduling-1] c.p.ficc.app.FiccRunRequestWorker        : Starting surveillance run request worker.
2026-06-12T12:00:16.655+09:00  INFO 16804 --- [scheduling-1] c.p.ficc.app.FiccRunRequestWorker        : No pending or failed surveillance run request found.
2026-06-12T12:00:21.670+09:00  INFO 16804 --- [scheduling-1] c.p.ficc.app.FiccRunRequestWorker        : Starting surveillance run request worker.
2026-06-12T12:00:21.689+09:00  INFO 16804 --- [scheduling-1] c.p.ficc.app.FiccRunRequestWorker        : No pending or failed surveillance run request found.
2026-06-12T12:00:26.702+09:00  INFO 16804 --- [scheduling-1] c.p.ficc.app.FiccRunRequestWorker        : Starting surveillance run request worker.
2026-06-12T12:00:26.721+09:00  INFO 16804 --- [scheduling-1] c.p.ficc.app.FiccRunRequestWorker        : No pending or failed surveillance run request found.
2026-06-12T12:00:31.727+09:00  INFO 16804 --- [scheduling-1] c.p.ficc.app.FiccRunRequestWorker        : Starting surveillance run request worker.
2026-06-12T12:00:31.753+09:00  INFO 16804 --- [scheduling-1] c.p.ficc.app.FiccRunRequestWorker        : No pending or failed surveillance run request found.
2026-06-12T12:00:36.768+09:00  INFO 16804 --- [scheduling-1] c.p.ficc.app.FiccRunRequestWorker        : Starting surveillance run request worker.
2026-06-12T12:00:36.790+09:00  INFO 16804 --- [scheduling-1] c.p.ficc.app.FiccRunRequestWorker        : No pending or failed surveillance run request found.
2026-06-12T12:00:41.799+09:00  INFO 16804 --- [scheduling-1] c.p.ficc.app.FiccRunRequestWorker        : Starting surveillance run request worker.
2026-06-12T12:00:41.818+09:00  INFO 16804 --- [scheduling-1] c.p.ficc.app.FiccRunRequestWorker        : No pending or failed surveillance run request found.
2026-06-12T12:00:46.833+09:00  INFO 16804 --- [scheduling-1] c.p.ficc.app.FiccRunRequestWorker        : Starting surveillance run request worker.
2026-06-12T12:00:46.851+09:00  INFO 16804 --- [scheduling-1] c.p.ficc.app.FiccRunRequestWorker        : No pending or failed surveillance run request found.
2026-06-12T12:00:51.865+09:00  INFO 16804 --- [scheduling-1] c.p.ficc.app.FiccRunRequestWorker        : Starting surveillance run request worker.
2026-06-12T12:00:51.887+09:00  INFO 16804 --- [scheduling-1] c.p.ficc.app.FiccRunRequestWorker        : No pending or failed surveillance run request found.
2026-06-12T12:00:56.898+09:00  INFO 16804 --- [scheduling-1] c.p.ficc.app.FiccRunRequestWorker        : Starting surveillance run request worker.
2026-06-12T12:00:56.916+09:00  INFO 16804 --- [scheduling-1] c.p.ficc.app.FiccRunRequestWorker        : No pending or failed surveillance run request found.
2026-06-12T12:01:01.932+09:00  INFO 16804 --- [scheduling-1] c.p.ficc.app.FiccRunRequestWorker        : Starting surveillance run request worker.
2026-06-12T12:01:01.967+09:00  INFO 16804 --- [scheduling-1] c.p.ficc.app.FiccRunRequestWorker        : No pending or failed surveillance run request found.
2026-06-12T12:01:06.982+09:00  INFO 16804 --- [scheduling-1] c.p.ficc.app.FiccRunRequestWorker        : Starting surveillance run request worker.
2026-06-12T12:01:07.000+09:00  INFO 16804 --- [scheduling-1] c.p.ficc.app.FiccRunRequestWorker        : No pending or failed surveillance run request found.
2026-06-12T12:01:12.016+09:00  INFO 16804 --- [scheduling-1] c.p.ficc.app.FiccRunRequestWorker        : Starting surveillance run request worker.
2026-06-12T12:01:12.042+09:00  INFO 16804 --- [scheduling-1] c.p.ficc.app.FiccRunRequestWorker        : No pending or failed surveillance run request found.
2026-06-12T12:01:17.049+09:00  INFO 16804 --- [scheduling-1] c.p.ficc.app.FiccRunRequestWorker        : Starting surveillance run request worker.
2026-06-12T12:01:17.066+09:00  INFO 16804 --- [scheduling-1] c.p.ficc.app.FiccRunRequestWorker        : No pending or failed surveillance run request found.
2026-06-12T12:01:22.082+09:00  INFO 16804 --- [scheduling-1] c.p.ficc.app.FiccRunRequestWorker        : Starting surveillance run request worker.
2026-06-12T12:01:22.114+09:00  INFO 16804 --- [scheduling-1] c.p.ficc.app.FiccRunRequestWorker        : No pending or failed surveillance run request found.
2026-06-12T12:01:27.124+09:00  INFO 16804 --- [scheduling-1] c.p.ficc.app.FiccRunRequestWorker        : Starting surveillance run request worker.
2026-06-12T12:01:27.140+09:00  INFO 16804 --- [scheduling-1] c.p.ficc.app.FiccRunRequestWorker        : No pending or failed surveillance run request found.
2026-06-12T12:01:32.158+09:00  INFO 16804 --- [scheduling-1] c.p.ficc.app.FiccRunRequestWorker        : Starting surveillance run request worker.
2026-06-12T12:01:32.178+09:00  INFO 16804 --- [scheduling-1] c.p.ficc.app.FiccRunRequestWorker        : No pending or failed surveillance run request found.
2026-06-12T12:01:37.188+09:00  INFO 16804 --- [scheduling-1] c.p.ficc.app.FiccRunRequestWorker        : Starting surveillance run request worker.
2026-06-12T12:01:37.208+09:00  INFO 16804 --- [scheduling-1] c.p.ficc.app.FiccRunRequestWorker        : No pending or failed surveillance run request found.
2026-06-12T12:01:42.222+09:00  INFO 16804 --- [scheduling-1] c.p.ficc.app.FiccRunRequestWorker        : Starting surveillance run request worker.
2026-06-12T12:01:42.240+09:00  INFO 16804 --- [scheduling-1] c.p.ficc.app.FiccRunRequestWorker        : No pending or failed surveillance run request found.
2026-06-12T12:01:47.243+09:00  INFO 16804 --- [scheduling-1] c.p.ficc.app.FiccRunRequestWorker        : Starting surveillance run request worker.
2026-06-12T12:01:47.262+09:00  INFO 16804 --- [scheduling-1] c.p.ficc.app.FiccRunRequestWorker        : No pending or failed surveillance run request found.
2026-06-12T12:01:52.266+09:00  INFO 16804 --- [scheduling-1] c.p.ficc.app.FiccRunRequestWorker        : Starting surveillance run request worker.
2026-06-12T12:01:52.282+09:00  INFO 16804 --- [scheduling-1] c.p.ficc.app.FiccRunRequestWorker        : No pending or failed surveillance run request found.
2026-06-12T12:01:57.299+09:00  INFO 16804 --- [scheduling-1] c.p.ficc.app.FiccRunRequestWorker        : Starting surveillance run request worker.
2026-06-12T12:01:57.317+09:00  INFO 16804 --- [scheduling-1] c.p.ficc.app.FiccRunRequestWorker        : No pending or failed surveillance run request found.
2026-06-12T12:02:02.344+09:00  INFO 16804 --- [scheduling-1] c.p.ficc.app.FiccRunRequestWorker        : Starting surveillance run request worker.
2026-06-12T12:02:02.359+09:00  INFO 16804 --- [scheduling-1] c.p.ficc.app.FiccRunRequestWorker        : No pending or failed surveillance run request found.
2026-06-12T12:02:07.377+09:00  INFO 16804 --- [scheduling-1] c.p.ficc.app.FiccRunRequestWorker        : Starting surveillance run request worker.
2026-06-12T12:02:07.398+09:00  INFO 16804 --- [scheduling-1] c.p.ficc.app.FiccRunRequestWorker        : No pending or failed surveillance run request found.
2026-06-12T12:02:12.422+09:00  INFO 16804 --- [scheduling-1] c.p.ficc.app.FiccRunRequestWorker        : Starting surveillance run request worker.
2026-06-12T12:02:12.438+09:00  INFO 16804 --- [scheduling-1] c.p.ficc.app.FiccRunRequestWorker        : No pending or failed surveillance run request found.
2026-06-12T12:02:17.455+09:00  INFO 16804 --- [scheduling-1] c.p.ficc.app.FiccRunRequestWorker        : Starting surveillance run request worker.
2026-06-12T12:02:17.471+09:00  INFO 16804 --- [scheduling-1] c.p.ficc.app.FiccRunRequestWorker        : No pending or failed surveillance run request found.
2026-06-12T12:02:22.486+09:00  INFO 16804 --- [scheduling-1] c.p.ficc.app.FiccRunRequestWorker        : Starting surveillance run request worker.
2026-06-12T12:02:22.502+09:00  INFO 16804 --- [scheduling-1] c.p.ficc.app.FiccRunRequestWorker        : No pending or failed surveillance run request found.
2026-06-12T12:02:27.517+09:00  INFO 16804 --- [scheduling-1] c.p.ficc.app.FiccRunRequestWorker        : Starting surveillance run request worker.
2026-06-12T12:02:27.543+09:00  INFO 16804 --- [scheduling-1] c.p.ficc.app.FiccRunRequestWorker        : No pending or failed surveillance run request found.
2026-06-12T12:02:32.549+09:00  INFO 16804 --- [scheduling-1] c.p.ficc.app.FiccRunRequestWorker        : Starting surveillance run request worker.
2026-06-12T12:02:32.578+09:00  INFO 16804 --- [scheduling-1] c.p.ficc.app.FiccRunRequestWorker        : No pending or failed surveillance run request found.
2026-06-12T12:02:37.594+09:00  INFO 16804 --- [scheduling-1] c.p.ficc.app.FiccRunRequestWorker        : Starting surveillance run request worker.
2026-06-12T12:02:37.614+09:00  INFO 16804 --- [scheduling-1] c.p.ficc.app.FiccRunRequestWorker        : No pending or failed surveillance run request found.
2026-06-12T12:02:42.626+09:00  INFO 16804 --- [scheduling-1] c.p.ficc.app.FiccRunRequestWorker        : Starting surveillance run request worker.
2026-06-12T12:02:42.643+09:00  INFO 16804 --- [scheduling-1] c.p.ficc.app.FiccRunRequestWorker        : No pending or failed surveillance run request found.
2026-06-12T12:02:47.654+09:00  INFO 16804 --- [scheduling-1] c.p.ficc.app.FiccRunRequestWorker        : Starting surveillance run request worker.
2026-06-12T12:02:47.674+09:00  INFO 16804 --- [scheduling-1] c.p.ficc.app.FiccRunRequestWorker        : No pending or failed surveillance run request found.
2026-06-12T12:02:52.683+09:00  INFO 16804 --- [scheduling-1] c.p.ficc.app.FiccRunRequestWorker        : Starting surveillance run request worker.
2026-06-12T12:02:52.706+09:00  INFO 16804 --- [scheduling-1] c.p.ficc.app.FiccRunRequestWorker        : No pending or failed surveillance run request found.
2026-06-12T12:02:57.719+09:00  INFO 16804 --- [scheduling-1] c.p.ficc.app.FiccRunRequestWorker        : Starting surveillance run request worker.
2026-06-12T12:02:57.737+09:00  INFO 16804 --- [scheduling-1] c.p.ficc.app.FiccRunRequestWorker        : No pending or failed surveillance run request found.
2026-06-12T12:03:02.740+09:00  INFO 16804 --- [scheduling-1] c.p.ficc.app.FiccRunRequestWorker        : Starting surveillance run request worker.
2026-06-12T12:03:02.759+09:00  INFO 16804 --- [scheduling-1] c.p.ficc.app.FiccRunRequestWorker        : No pending or failed surveillance run request found.
2026-06-12T12:03:07.767+09:00  INFO 16804 --- [scheduling-1] c.p.ficc.app.FiccRunRequestWorker        : Starting surveillance run request worker.
2026-06-12T12:03:07.782+09:00  INFO 16804 --- [scheduling-1] c.p.ficc.app.FiccRunRequestWorker        : No pending or failed surveillance run request found.
2026-06-12T12:03:12.796+09:00  INFO 16804 --- [scheduling-1] c.p.ficc.app.FiccRunRequestWorker        : Starting surveillance run request worker.
2026-06-12T12:03:12.825+09:00  INFO 16804 --- [scheduling-1] c.p.ficc.app.FiccRunRequestWorker        : No pending or failed surveillance run request found.
2026-06-12T12:03:17.828+09:00  INFO 16804 --- [scheduling-1] c.p.ficc.app.FiccRunRequestWorker        : Starting surveillance run request worker.
2026-06-12T12:03:17.861+09:00  INFO 16804 --- [scheduling-1] c.p.ficc.app.FiccRunRequestWorker        : No pending or failed surveillance run request found.
2026-06-12T12:03:22.863+09:00  INFO 16804 --- [scheduling-1] c.p.ficc.app.FiccRunRequestWorker        : Starting surveillance run request worker.
2026-06-12T12:03:22.888+09:00  INFO 16804 --- [scheduling-1] c.p.ficc.app.FiccRunRequestWorker        : No pending or failed surveillance run request found.
2026-06-12T12:03:27.893+09:00  INFO 16804 --- [scheduling-1] c.p.ficc.app.FiccRunRequestWorker        : Starting surveillance run request worker.
2026-06-12T12:03:27.912+09:00  INFO 16804 --- [scheduling-1] c.p.ficc.app.FiccRunRequestWorker        : No pending or failed surveillance run request found.
2026-06-12T12:03:32.927+09:00  INFO 16804 --- [scheduling-1] c.p.ficc.app.FiccRunRequestWorker        : Starting surveillance run request worker.
2026-06-12T12:03:32.947+09:00  INFO 16804 --- [scheduling-1] c.p.ficc.app.FiccRunRequestWorker        : No pending or failed surveillance run request found.
2026-06-12T12:03:37.964+09:00  INFO 16804 --- [scheduling-1] c.p.ficc.app.FiccRunRequestWorker        : Starting surveillance run request worker.
2026-06-12T12:03:37.979+09:00  INFO 16804 --- [scheduling-1] c.p.ficc.app.FiccRunRequestWorker        : No pending or failed surveillance run request found.
2026-06-12T12:03:42.992+09:00  INFO 16804 --- [scheduling-1] c.p.ficc.app.FiccRunRequestWorker        : Starting surveillance run request worker.
2026-06-12T12:03:43.011+09:00  INFO 16804 --- [scheduling-1] c.p.ficc.app.FiccRunRequestWorker        : No pending or failed surveillance run request found.
2026-06-12T12:03:48.027+09:00  INFO 16804 --- [scheduling-1] c.p.ficc.app.FiccRunRequestWorker        : Starting surveillance run request worker.
2026-06-12T12:03:48.044+09:00  INFO 16804 --- [scheduling-1] c.p.ficc.app.FiccRunRequestWorker        : No pending or failed surveillance run request found.
2026-06-12T12:03:53.076+09:00  INFO 16804 --- [scheduling-1] c.p.ficc.app.FiccRunRequestWorker        : Starting surveillance run request worker.
2026-06-12T12:03:53.094+09:00  INFO 16804 --- [scheduling-1] c.p.ficc.app.FiccRunRequestWorker        : No pending or failed surveillance run request found.
2026-06-12T12:03:58.107+09:00  INFO 16804 --- [scheduling-1] c.p.ficc.app.FiccRunRequestWorker        : Starting surveillance run request worker.
2026-06-12T12:03:58.133+09:00  INFO 16804 --- [scheduling-1] c.p.ficc.app.FiccRunRequestWorker        : No pending or failed surveillance run request found.
2026-06-12T12:04:03.139+09:00  INFO 16804 --- [scheduling-1] c.p.ficc.app.FiccRunRequestWorker        : Starting surveillance run request worker.
2026-06-12T12:04:03.143+09:00  INFO 16804 --- [scheduling-1] c.p.ficc.app.FiccRunRequestWorker        : No pending or failed surveillance run request found.
2026-06-12T12:04:08.157+09:00  INFO 16804 --- [scheduling-1] c.p.ficc.app.FiccRunRequestWorker        : Starting surveillance run request worker.
2026-06-12T12:04:08.173+09:00  INFO 16804 --- [scheduling-1] c.p.ficc.app.FiccRunRequestWorker        : No pending or failed surveillance run request found.
2026-06-12T12:04:13.189+09:00  INFO 16804 --- [scheduling-1] c.p.ficc.app.FiccRunRequestWorker        : Starting surveillance run request worker.
2026-06-12T12:04:13.204+09:00  INFO 16804 --- [scheduling-1] c.p.ficc.app.FiccRunRequestWorker        : No pending or failed surveillance run request found.
2026-06-12T12:04:18.219+09:00  INFO 16804 --- [scheduling-1] c.p.ficc.app.FiccRunRequestWorker        : Starting surveillance run request worker.
2026-06-12T12:04:18.236+09:00  INFO 16804 --- [scheduling-1] c.p.ficc.app.FiccRunRequestWorker        : No pending or failed surveillance run request found.
2026-06-12T12:04:23.250+09:00  INFO 16804 --- [scheduling-1] c.p.ficc.app.FiccRunRequestWorker        : Starting surveillance run request worker.
2026-06-12T12:04:23.285+09:00  INFO 16804 --- [scheduling-1] c.p.ficc.app.FiccRunRequestWorker        : No pending or failed surveillance run request found.
2026-06-12T12:04:28.298+09:00  INFO 16804 --- [scheduling-1] c.p.ficc.app.FiccRunRequestWorker        : Starting surveillance run request worker.
2026-06-12T12:04:28.314+09:00  INFO 16804 --- [scheduling-1] c.p.ficc.app.FiccRunRequestWorker        : No pending or failed surveillance run request found.
2026-06-12T12:04:33.329+09:00  INFO 16804 --- [scheduling-1] c.p.ficc.app.FiccRunRequestWorker        : Starting surveillance run request worker.
2026-06-12T12:04:33.344+09:00  INFO 16804 --- [scheduling-1] c.p.ficc.app.FiccRunRequestWorker        : No pending or failed surveillance run request found.
2026-06-12T12:04:38.360+09:00  INFO 16804 --- [scheduling-1] c.p.ficc.app.FiccRunRequestWorker        : Starting surveillance run request worker.
2026-06-12T12:04:38.384+09:00  INFO 16804 --- [scheduling-1] c.p.ficc.app.FiccRunRequestWorker        : No pending or failed surveillance run request found.
2026-06-12T12:04:43.392+09:00  INFO 16804 --- [scheduling-1] c.p.ficc.app.FiccRunRequestWorker        : Starting surveillance run request worker.
2026-06-12T12:04:43.407+09:00  INFO 16804 --- [scheduling-1] c.p.ficc.app.FiccRunRequestWorker        : No pending or failed surveillance run request found.
2026-06-12T12:04:48.423+09:00  INFO 16804 --- [scheduling-1] c.p.ficc.app.FiccRunRequestWorker        : Starting surveillance run request worker.
2026-06-12T12:04:48.447+09:00  INFO 16804 --- [scheduling-1] c.p.ficc.app.FiccRunRequestWorker        : No pending or failed surveillance run request found.
2026-06-12T12:04:53.455+09:00  INFO 16804 --- [scheduling-1] c.p.ficc.app.FiccRunRequestWorker        : Starting surveillance run request worker.
2026-06-12T12:04:53.475+09:00  INFO 16804 --- [scheduling-1] c.p.ficc.app.FiccRunRequestWorker        : No pending or failed surveillance run request found.
2026-06-12T12:04:58.488+09:00  INFO 16804 --- [scheduling-1] c.p.ficc.app.FiccRunRequestWorker        : Starting surveillance run request worker.
2026-06-12T12:04:58.516+09:00  INFO 16804 --- [scheduling-1] c.p.ficc.app.FiccRunRequestWorker        : No pending or failed surveillance run request found.
2026-06-12T12:05:03.533+09:00  INFO 16804 --- [scheduling-1] c.p.ficc.app.FiccRunRequestWorker        : Starting surveillance run request worker.
2026-06-12T12:05:03.546+09:00  INFO 16804 --- [scheduling-1] c.p.ficc.app.FiccRunRequestWorker        : No pending or failed surveillance run request found.
2026-06-12T12:05:08.578+09:00  INFO 16804 --- [scheduling-1] c.p.ficc.app.FiccRunRequestWorker        : Starting surveillance run request worker.
2026-06-12T12:05:08.594+09:00  INFO 16804 --- [scheduling-1] c.p.ficc.app.FiccRunRequestWorker        : No pending or failed surveillance run request found.
2026-06-12T12:05:13.613+09:00  INFO 16804 --- [scheduling-1] c.p.ficc.app.FiccRunRequestWorker        : Starting surveillance run request worker.
2026-06-12T12:05:13.636+09:00  INFO 16804 --- [scheduling-1] c.p.ficc.app.FiccRunRequestWorker        : No pending or failed surveillance run request found.
2026-06-12T12:05:18.640+09:00  INFO 16804 --- [scheduling-1] c.p.ficc.app.FiccRunRequestWorker        : Starting surveillance run request worker.
2026-06-12T12:05:18.663+09:00  INFO 16804 --- [scheduling-1] c.p.ficc.app.FiccRunRequestWorker        : No pending or failed surveillance run request found.
2026-06-12T12:05:23.672+09:00  INFO 16804 --- [scheduling-1] c.p.ficc.app.FiccRunRequestWorker        : Starting surveillance run request worker.
2026-06-12T12:05:23.690+09:00  INFO 16804 --- [scheduling-1] c.p.ficc.app.FiccRunRequestWorker        : No pending or failed surveillance run request found.
2026-06-12T12:05:28.703+09:00  INFO 16804 --- [scheduling-1] c.p.ficc.app.FiccRunRequestWorker        : Starting surveillance run request worker.
2026-06-12T12:05:28.719+09:00  INFO 16804 --- [scheduling-1] c.p.ficc.app.FiccRunRequestWorker        : No pending or failed surveillance run request found.
2026-06-12T12:05:33.737+09:00  INFO 16804 --- [scheduling-1] c.p.ficc.app.FiccRunRequestWorker        : Starting surveillance run request worker.
2026-06-12T12:05:33.765+09:00  INFO 16804 --- [scheduling-1] c.p.ficc.app.FiccRunRequestWorker        : No pending or failed surveillance run request found.
2026-06-12T12:05:38.771+09:00  INFO 16804 --- [scheduling-1] c.p.ficc.app.FiccRunRequestWorker        : Starting surveillance run request worker.
2026-06-12T12:05:38.790+09:00  INFO 16804 --- [scheduling-1] c.p.ficc.app.FiccRunRequestWorker        : No pending or failed surveillance run request found.
2026-06-12T12:05:43.798+09:00  INFO 16804 --- [scheduling-1] c.p.ficc.app.FiccRunRequestWorker        : Starting surveillance run request worker.
2026-06-12T12:05:43.811+09:00  INFO 16804 --- [scheduling-1] c.p.ficc.app.FiccRunRequestWorker        : No pending or failed surveillance run request found.
2026-06-12T12:05:48.819+09:00  INFO 16804 --- [scheduling-1] c.p.ficc.app.FiccRunRequestWorker        : Starting surveillance run request worker.
2026-06-12T12:05:48.840+09:00  INFO 16804 --- [scheduling-1] c.p.ficc.app.FiccRunRequestWorker        : No pending or failed surveillance run request found.
2026-06-12T12:05:53.854+09:00  INFO 16804 --- [scheduling-1] c.p.ficc.app.FiccRunRequestWorker        : Starting surveillance run request worker.
2026-06-12T12:05:53.875+09:00  INFO 16804 --- [scheduling-1] c.p.ficc.app.FiccRunRequestWorker        : No pending or failed surveillance run request found.
2026-06-12T12:05:58.875+09:00  INFO 16804 --- [scheduling-1] c.p.ficc.app.FiccRunRequestWorker        : Starting surveillance run request worker.
2026-06-12T12:05:58.904+09:00  INFO 16804 --- [scheduling-1] c.p.ficc.app.FiccRunRequestWorker        : No pending or failed surveillance run request found.
2026-06-12T12:06:03.908+09:00  INFO 16804 --- [scheduling-1] c.p.ficc.app.FiccRunRequestWorker        : Starting surveillance run request worker.
2026-06-12T12:06:03.924+09:00  INFO 16804 --- [scheduling-1] c.p.ficc.app.FiccRunRequestWorker        : No pending or failed surveillance run request found.
2026-06-12T12:06:08.942+09:00  INFO 16804 --- [scheduling-1] c.p.ficc.app.FiccRunRequestWorker        : Starting surveillance run request worker.
2026-06-12T12:06:08.955+09:00  INFO 16804 --- [scheduling-1] c.p.ficc.app.FiccRunRequestWorker        : No pending or failed surveillance run request found.
2026-06-12T12:06:13.971+09:00  INFO 16804 --- [scheduling-1] c.p.ficc.app.FiccRunRequestWorker        : Starting surveillance run request worker.
2026-06-12T12:06:13.990+09:00  INFO 16804 --- [scheduling-1] c.p.ficc.app.FiccRunRequestWorker        : No pending or failed surveillance run request found.
2026-06-12T12:06:19.000+09:00  INFO 16804 --- [scheduling-1] c.p.ficc.app.FiccRunRequestWorker        : Starting surveillance run request worker.
2026-06-12T12:06:19.036+09:00  INFO 16804 --- [scheduling-1] c.p.ficc.app.FiccRunRequestWorker        : No pending or failed surveillance run request found.
2026-06-12T12:06:24.049+09:00  INFO 16804 --- [scheduling-1] c.p.ficc.app.FiccRunRequestWorker        : Starting surveillance run request worker.
2026-06-12T12:06:24.064+09:00  INFO 16804 --- [scheduling-1] c.p.ficc.app.FiccRunRequestWorker        : No pending or failed surveillance run request found.
2026-06-12T12:06:29.069+09:00  INFO 16804 --- [scheduling-1] c.p.ficc.app.FiccRunRequestWorker        : Starting surveillance run request worker.
2026-06-12T12:06:29.089+09:00  INFO 16804 --- [scheduling-1] c.p.ficc.app.FiccRunRequestWorker        : No pending or failed surveillance run request found.
2026-06-12T12:06:34.106+09:00  INFO 16804 --- [scheduling-1] c.p.ficc.app.FiccRunRequestWorker        : Starting surveillance run request worker.
2026-06-12T12:06:34.129+09:00  INFO 16804 --- [scheduling-1] c.p.ficc.app.FiccRunRequestWorker        : No pending or failed surveillance run request found.
2026-06-12T12:06:39.133+09:00  INFO 16804 --- [scheduling-1] c.p.ficc.app.FiccRunRequestWorker        : Starting surveillance run request worker.
2026-06-12T12:06:39.152+09:00  INFO 16804 --- [scheduling-1] c.p.ficc.app.FiccRunRequestWorker        : No pending or failed surveillance run request found.
2026-06-12T12:06:44.169+09:00  INFO 16804 --- [scheduling-1] c.p.ficc.app.FiccRunRequestWorker        : Starting surveillance run request worker.
2026-06-12T12:06:44.186+09:00  INFO 16804 --- [scheduling-1] c.p.ficc.app.FiccRunRequestWorker        : No pending or failed surveillance run request found.
2026-06-12T12:06:49.201+09:00  INFO 16804 --- [scheduling-1] c.p.ficc.app.FiccRunRequestWorker        : Starting surveillance run request worker.
2026-06-12T12:06:49.223+09:00  INFO 16804 --- [scheduling-1] c.p.ficc.app.FiccRunRequestWorker        : No pending or failed surveillance run request found.
2026-06-12T12:06:54.236+09:00  INFO 16804 --- [scheduling-1] c.p.ficc.app.FiccRunRequestWorker        : Starting surveillance run request worker.
2026-06-12T12:06:54.250+09:00  INFO 16804 --- [scheduling-1] c.p.ficc.app.FiccRunRequestWorker        : No pending or failed surveillance run request found.
2026-06-12T12:06:59.267+09:00  INFO 16804 --- [scheduling-1] c.p.ficc.app.FiccRunRequestWorker        : Starting surveillance run request worker.
2026-06-12T12:06:59.295+09:00  INFO 16804 --- [scheduling-1] c.p.ficc.app.FiccRunRequestWorker        : No pending or failed surveillance run request found.
2026-06-12T12:07:04.297+09:00  INFO 16804 --- [scheduling-1] c.p.ficc.app.FiccRunRequestWorker        : Starting surveillance run request worker.
2026-06-12T12:07:04.313+09:00  INFO 16804 --- [scheduling-1] c.p.ficc.app.FiccRunRequestWorker        : No pending or failed surveillance run request found.
2026-06-12T12:07:09.316+09:00  INFO 16804 --- [scheduling-1] c.p.ficc.app.FiccRunRequestWorker        : Starting surveillance run request worker.
2026-06-12T12:07:09.332+09:00  INFO 16804 --- [scheduling-1] c.p.ficc.app.FiccRunRequestWorker        : No pending or failed surveillance run request found.
2026-06-12T12:07:14.346+09:00  INFO 16804 --- [scheduling-1] c.p.ficc.app.FiccRunRequestWorker        : Starting surveillance run request worker.
2026-06-12T12:07:14.362+09:00  INFO 16804 --- [scheduling-1] c.p.ficc.app.FiccRunRequestWorker        : No pending or failed surveillance run request found.
2026-06-12T12:07:19.368+09:00  INFO 16804 --- [scheduling-1] c.p.ficc.app.FiccRunRequestWorker        : Starting surveillance run request worker.
2026-06-12T12:07:19.385+09:00  INFO 16804 --- [scheduling-1] c.p.ficc.app.FiccRunRequestWorker        : No pending or failed surveillance run request found.
2026-06-12T12:07:24.392+09:00  INFO 16804 --- [scheduling-1] c.p.ficc.app.FiccRunRequestWorker        : Starting surveillance run request worker.
2026-06-12T12:07:24.405+09:00  INFO 16804 --- [scheduling-1] c.p.ficc.app.FiccRunRequestWorker        : No pending or failed surveillance run request found.
2026-06-12T12:07:29.422+09:00  INFO 16804 --- [scheduling-1] c.p.ficc.app.FiccRunRequestWorker        : Starting surveillance run request worker.
2026-06-12T12:07:29.442+09:00  INFO 16804 --- [scheduling-1] c.p.ficc.app.FiccRunRequestWorker        : No pending or failed surveillance run request found.
2026-06-12T12:07:34.454+09:00  INFO 16804 --- [scheduling-1] c.p.ficc.app.FiccRunRequestWorker        : Starting surveillance run request worker.
2026-06-12T12:07:34.473+09:00  INFO 16804 --- [scheduling-1] c.p.ficc.app.FiccRunRequestWorker        : No pending or failed surveillance run request found.
2026-06-12T12:07:39.485+09:00  INFO 16804 --- [scheduling-1] c.p.ficc.app.FiccRunRequestWorker        : Starting surveillance run request worker.
2026-06-12T12:07:39.502+09:00  INFO 16804 --- [scheduling-1] c.p.ficc.app.FiccRunRequestWorker        : No pending or failed surveillance run request found.
2026-06-12T12:07:44.516+09:00  INFO 16804 --- [scheduling-1] c.p.ficc.app.FiccRunRequestWorker        : Starting surveillance run request worker.
2026-06-12T12:07:44.534+09:00  INFO 16804 --- [scheduling-1] c.p.ficc.app.FiccRunRequestWorker        : No pending or failed surveillance run request found.
2026-06-12T12:07:49.547+09:00  INFO 16804 --- [scheduling-1] c.p.ficc.app.FiccRunRequestWorker        : Starting surveillance run request worker.
2026-06-12T12:07:49.572+09:00  INFO 16804 --- [scheduling-1] c.p.ficc.app.FiccRunRequestWorker        : No pending or failed surveillance run request found.
2026-06-12T12:07:54.580+09:00  INFO 16804 --- [scheduling-1] c.p.ficc.app.FiccRunRequestWorker        : Starting surveillance run request worker.
2026-06-12T12:07:54.609+09:00  INFO 16804 --- [scheduling-1] c.p.ficc.app.FiccRunRequestWorker        : No pending or failed surveillance run request found.
2026-06-12T12:07:59.626+09:00  INFO 16804 --- [scheduling-1] c.p.ficc.app.FiccRunRequestWorker        : Starting surveillance run request worker.
2026-06-12T12:07:59.642+09:00  INFO 16804 --- [scheduling-1] c.p.ficc.app.FiccRunRequestWorker        : No pending or failed surveillance run request found.
2026-06-12T12:08:04.658+09:00  INFO 16804 --- [scheduling-1] c.p.ficc.app.FiccRunRequestWorker        : Starting surveillance run request worker.
2026-06-12T12:08:04.678+09:00  INFO 16804 --- [scheduling-1] c.p.ficc.app.FiccRunRequestWorker        : No pending or failed surveillance run request found.
2026-06-12T12:08:09.687+09:00  INFO 16804 --- [scheduling-1] c.p.ficc.app.FiccRunRequestWorker        : Starting surveillance run request worker.
2026-06-12T12:08:09.703+09:00  INFO 16804 --- [scheduling-1] c.p.ficc.app.FiccRunRequestWorker        : No pending or failed surveillance run request found.
2026-06-12T12:08:14.721+09:00  INFO 16804 --- [scheduling-1] c.p.ficc.app.FiccRunRequestWorker        : Starting surveillance run request worker.
2026-06-12T12:08:14.737+09:00  INFO 16804 --- [scheduling-1] c.p.ficc.app.FiccRunRequestWorker        : No pending or failed surveillance run request found.
2026-06-12T12:08:19.766+09:00  INFO 16804 --- [scheduling-1] c.p.ficc.app.FiccRunRequestWorker        : Starting surveillance run request worker.
2026-06-12T12:08:19.791+09:00  INFO 16804 --- [scheduling-1] c.p.ficc.app.FiccRunRequestWorker        : No pending or failed surveillance run request found.
2026-06-12T12:08:24.798+09:00  INFO 16804 --- [scheduling-1] c.p.ficc.app.FiccRunRequestWorker        : Starting surveillance run request worker.
2026-06-12T12:08:24.805+09:00  INFO 16804 --- [scheduling-1] c.p.ficc.app.FiccRunRequestWorker        : No pending or failed surveillance run request found.
2026-06-12T12:08:29.816+09:00  INFO 16804 --- [scheduling-1] c.p.ficc.app.FiccRunRequestWorker        : Starting surveillance run request worker.
2026-06-12T12:08:29.820+09:00  INFO 16804 --- [scheduling-1] c.p.ficc.app.FiccRunRequestWorker        : No pending or failed surveillance run request found.
2026-06-12T12:08:34.833+09:00  INFO 16804 --- [scheduling-1] c.p.ficc.app.FiccRunRequestWorker        : Starting surveillance run request worker.
2026-06-12T12:08:34.847+09:00  INFO 16804 --- [scheduling-1] c.p.ficc.app.FiccRunRequestWorker        : No pending or failed surveillance run request found.
2026-06-12T12:08:39.849+09:00  INFO 16804 --- [scheduling-1] c.p.ficc.app.FiccRunRequestWorker        : Starting surveillance run request worker.
2026-06-12T12:08:39.872+09:00  INFO 16804 --- [scheduling-1] c.p.ficc.app.FiccRunRequestWorker        : No pending or failed surveillance run request found.
2026-06-12T12:08:44.883+09:00  INFO 16804 --- [scheduling-1] c.p.ficc.app.FiccRunRequestWorker        : Starting surveillance run request worker.
2026-06-12T12:08:44.899+09:00  INFO 16804 --- [scheduling-1] c.p.ficc.app.FiccRunRequestWorker        : No pending or failed surveillance run request found.
2026-06-12T12:08:49.908+09:00  INFO 16804 --- [scheduling-1] c.p.ficc.app.FiccRunRequestWorker        : Starting surveillance run request worker.
2026-06-12T12:08:49.925+09:00  INFO 16804 --- [scheduling-1] c.p.ficc.app.FiccRunRequestWorker        : No pending or failed surveillance run request found.
2026-06-12T12:08:54.932+09:00  INFO 16804 --- [scheduling-1] c.p.ficc.app.FiccRunRequestWorker        : Starting surveillance run request worker.
2026-06-12T12:08:54.951+09:00  INFO 16804 --- [scheduling-1] c.p.ficc.app.FiccRunRequestWorker        : No pending or failed surveillance run request found.
2026-06-12T12:08:59.965+09:00  INFO 16804 --- [scheduling-1] c.p.ficc.app.FiccRunRequestWorker        : Starting surveillance run request worker.
2026-06-12T12:08:59.990+09:00  INFO 16804 --- [scheduling-1] c.p.ficc.app.FiccRunRequestWorker        : No pending or failed surveillance run request found.
2026-06-12T12:09:04.995+09:00  INFO 16804 --- [scheduling-1] c.p.ficc.app.FiccRunRequestWorker        : Starting surveillance run request worker.
2026-06-12T12:09:05.016+09:00  INFO 16804 --- [scheduling-1] c.p.ficc.app.FiccRunRequestWorker        : No pending or failed surveillance run request found.
2026-06-12T12:09:10.031+09:00  INFO 16804 --- [scheduling-1] c.p.ficc.app.FiccRunRequestWorker        : Starting surveillance run request worker.
2026-06-12T12:09:10.049+09:00  INFO 16804 --- [scheduling-1] c.p.ficc.app.FiccRunRequestWorker        : No pending or failed surveillance run request found.
2026-06-12T12:09:15.063+09:00  INFO 16804 --- [scheduling-1] c.p.ficc.app.FiccRunRequestWorker        : Starting surveillance run request worker.
2026-06-12T12:09:15.080+09:00  INFO 16804 --- [scheduling-1] c.p.ficc.app.FiccRunRequestWorker        : No pending or failed surveillance run request found.
2026-06-12T12:09:20.096+09:00  INFO 16804 --- [scheduling-1] c.p.ficc.app.FiccRunRequestWorker        : Starting surveillance run request worker.
2026-06-12T12:09:20.116+09:00  INFO 16804 --- [scheduling-1] c.p.ficc.app.FiccRunRequestWorker        : No pending or failed surveillance run request found.
2026-06-12T12:09:25.126+09:00  INFO 16804 --- [scheduling-1] c.p.ficc.app.FiccRunRequestWorker        : Starting surveillance run request worker.
2026-06-12T12:09:25.145+09:00  INFO 16804 --- [scheduling-1] c.p.ficc.app.FiccRunRequestWorker        : No pending or failed surveillance run request found.
2026-06-12T12:09:30.158+09:00  INFO 16804 --- [scheduling-1] c.p.ficc.app.FiccRunRequestWorker        : Starting surveillance run request worker.
2026-06-12T12:09:30.186+09:00  INFO 16804 --- [scheduling-1] c.p.ficc.app.FiccRunRequestWorker        : No pending or failed surveillance run request found.
2026-06-12T12:09:35.190+09:00  INFO 16804 --- [scheduling-1] c.p.ficc.app.FiccRunRequestWorker        : Starting surveillance run request worker.
2026-06-12T12:09:35.205+09:00  INFO 16804 --- [scheduling-1] c.p.ficc.app.FiccRunRequestWorker        : No pending or failed surveillance run request found.
2026-06-12T12:09:40.220+09:00  INFO 16804 --- [scheduling-1] c.p.ficc.app.FiccRunRequestWorker        : Starting surveillance run request worker.
2026-06-12T12:09:40.238+09:00  INFO 16804 --- [scheduling-1] c.p.ficc.app.FiccRunRequestWorker        : No pending or failed surveillance run request found.
2026-06-12T12:09:45.252+09:00  INFO 16804 --- [scheduling-1] c.p.ficc.app.FiccRunRequestWorker        : Starting surveillance run request worker.
2026-06-12T12:09:45.274+09:00  INFO 16804 --- [scheduling-1] c.p.ficc.app.FiccRunRequestWorker        : No pending or failed surveillance run request found.
2026-06-12T12:09:50.283+09:00  INFO 16804 --- [scheduling-1] c.p.ficc.app.FiccRunRequestWorker        : Starting surveillance run request worker.
2026-06-12T12:09:50.297+09:00  INFO 16804 --- [scheduling-1] c.p.ficc.app.FiccRunRequestWorker        : No pending or failed surveillance run request found.
2026-06-12T12:09:55.314+09:00  INFO 16804 --- [scheduling-1] c.p.ficc.app.FiccRunRequestWorker        : Starting surveillance run request worker.
2026-06-12T12:09:55.334+09:00  INFO 16804 --- [scheduling-1] c.p.ficc.app.FiccRunRequestWorker        : No pending or failed surveillance run request found.
2026-06-12T12:10:00.345+09:00  INFO 16804 --- [scheduling-1] c.p.ficc.app.FiccRunRequestWorker        : Starting surveillance run request worker.
2026-06-12T12:10:00.365+09:00  INFO 16804 --- [scheduling-1] c.p.ficc.app.FiccRunRequestWorker        : No pending or failed surveillance run request found.
2026-06-12T12:10:05.375+09:00  INFO 16804 --- [scheduling-1] c.p.ficc.app.FiccRunRequestWorker        : Starting surveillance run request worker.
2026-06-12T12:10:05.393+09:00  INFO 16804 --- [scheduling-1] c.p.ficc.app.FiccRunRequestWorker        : No pending or failed surveillance run request found.
2026-06-12T12:10:10.409+09:00  INFO 16804 --- [scheduling-1] c.p.ficc.app.FiccRunRequestWorker        : Starting surveillance run request worker.
2026-06-12T12:10:10.430+09:00  INFO 16804 --- [scheduling-1] c.p.ficc.app.FiccRunRequestWorker        : No pending or failed surveillance run request found.
2026-06-12T12:10:15.439+09:00  INFO 16804 --- [scheduling-1] c.p.ficc.app.FiccRunRequestWorker        : Starting surveillance run request worker.
2026-06-12T12:10:15.462+09:00  INFO 16804 --- [scheduling-1] c.p.ficc.app.FiccRunRequestWorker        : No pending or failed surveillance run request found.
2026-06-12T12:10:20.470+09:00  INFO 16804 --- [scheduling-1] c.p.ficc.app.FiccRunRequestWorker        : Starting surveillance run request worker.
2026-06-12T12:10:20.485+09:00  INFO 16804 --- [scheduling-1] c.p.ficc.app.FiccRunRequestWorker        : No pending or failed surveillance run request found.
2026-06-12T12:10:25.500+09:00  INFO 16804 --- [scheduling-1] c.p.ficc.app.FiccRunRequestWorker        : Starting surveillance run request worker.
2026-06-12T12:10:25.516+09:00  INFO 16804 --- [scheduling-1] c.p.ficc.app.FiccRunRequestWorker        : No pending or failed surveillance run request found.
2026-06-12T12:10:30.534+09:00  INFO 16804 --- [scheduling-1] c.p.ficc.app.FiccRunRequestWorker        : Starting surveillance run request worker.
2026-06-12T12:10:30.550+09:00  INFO 16804 --- [scheduling-1] c.p.ficc.app.FiccRunRequestWorker        : No pending or failed surveillance run request found.
2026-06-12T12:10:35.564+09:00  INFO 16804 --- [scheduling-1] c.p.ficc.app.FiccRunRequestWorker        : Starting surveillance run request worker.
2026-06-12T12:10:35.587+09:00  INFO 16804 --- [scheduling-1] c.p.ficc.app.FiccRunRequestWorker        : No pending or failed surveillance run request found.
2026-06-12T12:10:40.594+09:00  INFO 16804 --- [scheduling-1] c.p.ficc.app.FiccRunRequestWorker        : Starting surveillance run request worker.
2026-06-12T12:10:40.610+09:00  INFO 16804 --- [scheduling-1] c.p.ficc.app.FiccRunRequestWorker        : No pending or failed surveillance run request found.
2026-06-12T12:10:45.628+09:00  INFO 16804 --- [scheduling-1] c.p.ficc.app.FiccRunRequestWorker        : Starting surveillance run request worker.
2026-06-12T12:10:45.641+09:00  INFO 16804 --- [scheduling-1] c.p.ficc.app.FiccRunRequestWorker        : No pending or failed surveillance run request found.
2026-06-12T12:10:50.659+09:00  INFO 16804 --- [scheduling-1] c.p.ficc.app.FiccRunRequestWorker        : Starting surveillance run request worker.
2026-06-12T12:10:50.686+09:00  INFO 16804 --- [scheduling-1] c.p.ficc.app.FiccRunRequestWorker        : No pending or failed surveillance run request found.
2026-06-12T12:10:55.688+09:00  INFO 16804 --- [scheduling-1] c.p.ficc.app.FiccRunRequestWorker        : Starting surveillance run request worker.
2026-06-12T12:10:55.708+09:00  INFO 16804 --- [scheduling-1] c.p.ficc.app.FiccRunRequestWorker        : No pending or failed surveillance run request found.
2026-06-12T12:11:00.719+09:00  INFO 16804 --- [scheduling-1] c.p.ficc.app.FiccRunRequestWorker        : Starting surveillance run request worker.
2026-06-12T12:11:00.742+09:00  INFO 16804 --- [scheduling-1] c.p.ficc.app.FiccRunRequestWorker        : No pending or failed surveillance run request found.
2026-06-12T12:11:05.751+09:00  INFO 16804 --- [scheduling-1] c.p.ficc.app.FiccRunRequestWorker        : Starting surveillance run request worker.
2026-06-12T12:11:05.772+09:00  INFO 16804 --- [scheduling-1] c.p.ficc.app.FiccRunRequestWorker        : No pending or failed surveillance run request found.
2026-06-12T12:11:10.783+09:00  INFO 16804 --- [scheduling-1] c.p.ficc.app.FiccRunRequestWorker        : Starting surveillance run request worker.
2026-06-12T12:11:10.802+09:00  INFO 16804 --- [scheduling-1] c.p.ficc.app.FiccRunRequestWorker        : No pending or failed surveillance run request found.
2026-06-12T12:11:15.813+09:00  INFO 16804 --- [scheduling-1] c.p.ficc.app.FiccRunRequestWorker        : Starting surveillance run request worker.
2026-06-12T12:11:15.834+09:00  INFO 16804 --- [scheduling-1] c.p.ficc.app.FiccRunRequestWorker        : No pending or failed surveillance run request found.
2026-06-12T12:11:20.844+09:00  INFO 16804 --- [scheduling-1] c.p.ficc.app.FiccRunRequestWorker        : Starting surveillance run request worker.
2026-06-12T12:11:20.860+09:00  INFO 16804 --- [scheduling-1] c.p.ficc.app.FiccRunRequestWorker        : No pending or failed surveillance run request found.
2026-06-12T12:11:25.875+09:00  INFO 16804 --- [scheduling-1] c.p.ficc.app.FiccRunRequestWorker        : Starting surveillance run request worker.
2026-06-12T12:11:25.910+09:00  INFO 16804 --- [scheduling-1] c.p.ficc.app.FiccRunRequestWorker        : No pending or failed surveillance run request found.
2026-06-12T12:11:30.924+09:00  INFO 16804 --- [scheduling-1] c.p.ficc.app.FiccRunRequestWorker        : Starting surveillance run request worker.
2026-06-12T12:11:30.944+09:00  INFO 16804 --- [scheduling-1] c.p.ficc.app.FiccRunRequestWorker        : No pending or failed surveillance run request found.
2026-06-12T12:11:35.959+09:00  INFO 16804 --- [scheduling-1] c.p.ficc.app.FiccRunRequestWorker        : Starting surveillance run request worker.
2026-06-12T12:11:35.975+09:00  INFO 16804 --- [scheduling-1] c.p.ficc.app.FiccRunRequestWorker        : No pending or failed surveillance run request found.
2026-06-12T12:11:40.981+09:00  INFO 16804 --- [scheduling-1] c.p.ficc.app.FiccRunRequestWorker        : Starting surveillance run request worker.
2026-06-12T12:11:41.000+09:00  INFO 16804 --- [scheduling-1] c.p.ficc.app.FiccRunRequestWorker        : No pending or failed surveillance run request found.
2026-06-12T12:11:46.012+09:00  INFO 16804 --- [scheduling-1] c.p.ficc.app.FiccRunRequestWorker        : Starting surveillance run request worker.
2026-06-12T12:11:46.028+09:00  INFO 16804 --- [scheduling-1] c.p.ficc.app.FiccRunRequestWorker        : No pending or failed surveillance run request found.
2026-06-12T12:11:51.042+09:00  INFO 16804 --- [scheduling-1] c.p.ficc.app.FiccRunRequestWorker        : Starting surveillance run request worker.
2026-06-12T12:11:51.059+09:00  INFO 16804 --- [scheduling-1] c.p.ficc.app.FiccRunRequestWorker        : No pending or failed surveillance run request found.
2026-06-12T12:11:56.074+09:00  INFO 16804 --- [scheduling-1] c.p.ficc.app.FiccRunRequestWorker        : Starting surveillance run request worker.
2026-06-12T12:11:56.092+09:00  INFO 16804 --- [scheduling-1] c.p.ficc.app.FiccRunRequestWorker        : No pending or failed surveillance run request found.
2026-06-12T12:12:01.105+09:00  INFO 16804 --- [scheduling-1] c.p.ficc.app.FiccRunRequestWorker        : Starting surveillance run request worker.
2026-06-12T12:12:01.121+09:00  INFO 16804 --- [scheduling-1] c.p.ficc.app.FiccRunRequestWorker        : No pending or failed surveillance run request found.
2026-06-12T12:12:06.137+09:00  INFO 16804 --- [scheduling-1] c.p.ficc.app.FiccRunRequestWorker        : Starting surveillance run request worker.
2026-06-12T12:12:06.156+09:00  INFO 16804 --- [scheduling-1] c.p.ficc.app.FiccRunRequestWorker        : No pending or failed surveillance run request found.
2026-06-12T12:12:11.157+09:00  INFO 16804 --- [scheduling-1] c.p.ficc.app.FiccRunRequestWorker        : Starting surveillance run request worker.
2026-06-12T12:12:11.175+09:00  INFO 16804 --- [scheduling-1] c.p.ficc.app.FiccRunRequestWorker        : No pending or failed surveillance run request found.
2026-06-12T12:12:16.190+09:00  INFO 16804 --- [scheduling-1] c.p.ficc.app.FiccRunRequestWorker        : Starting surveillance run request worker.
2026-06-12T12:12:16.213+09:00  INFO 16804 --- [scheduling-1] c.p.ficc.app.FiccRunRequestWorker        : No pending or failed surveillance run request found.
2026-06-12T12:12:21.220+09:00  INFO 16804 --- [scheduling-1] c.p.ficc.app.FiccRunRequestWorker        : Starting surveillance run request worker.
2026-06-12T12:12:21.236+09:00  INFO 16804 --- [scheduling-1] c.p.ficc.app.FiccRunRequestWorker        : No pending or failed surveillance run request found.
2026-06-12T12:12:26.254+09:00  INFO 16804 --- [scheduling-1] c.p.ficc.app.FiccRunRequestWorker        : Starting surveillance run request worker.
2026-06-12T12:12:26.283+09:00  INFO 16804 --- [scheduling-1] c.p.ficc.app.FiccRunRequestWorker        : No pending or failed surveillance run request found.
2026-06-12T12:12:31.295+09:00  INFO 16804 --- [scheduling-1] c.p.ficc.app.FiccRunRequestWorker        : Starting surveillance run request worker.
2026-06-12T12:12:31.320+09:00  INFO 16804 --- [scheduling-1] c.p.ficc.app.FiccRunRequestWorker        : No pending or failed surveillance run request found.
2026-06-12T12:12:36.324+09:00  INFO 16804 --- [scheduling-1] c.p.ficc.app.FiccRunRequestWorker        : Starting surveillance run request worker.
2026-06-12T12:12:36.354+09:00  INFO 16804 --- [scheduling-1] c.p.ficc.app.FiccRunRequestWorker        : No pending or failed surveillance run request found.
2026-06-12T12:12:41.360+09:00  INFO 16804 --- [scheduling-1] c.p.ficc.app.FiccRunRequestWorker        : Starting surveillance run request worker.
2026-06-12T12:12:41.376+09:00  INFO 16804 --- [scheduling-1] c.p.ficc.app.FiccRunRequestWorker        : No pending or failed surveillance run request found.
2026-06-12T12:12:46.391+09:00  INFO 16804 --- [scheduling-1] c.p.ficc.app.FiccRunRequestWorker        : Starting surveillance run request worker.
2026-06-12T12:12:46.407+09:00  INFO 16804 --- [scheduling-1] c.p.ficc.app.FiccRunRequestWorker        : No pending or failed surveillance run request found.
2026-06-12T12:12:51.425+09:00  INFO 16804 --- [scheduling-1] c.p.ficc.app.FiccRunRequestWorker        : Starting surveillance run request worker.
2026-06-12T12:12:51.441+09:00  INFO 16804 --- [scheduling-1] c.p.ficc.app.FiccRunRequestWorker        : No pending or failed surveillance run request found.
2026-06-12T12:12:56.454+09:00  INFO 16804 --- [scheduling-1] c.p.ficc.app.FiccRunRequestWorker        : Starting surveillance run request worker.
2026-06-12T12:12:56.470+09:00  INFO 16804 --- [scheduling-1] c.p.ficc.app.FiccRunRequestWorker        : No pending or failed surveillance run request found.
2026-06-12T12:13:01.486+09:00  INFO 16804 --- [scheduling-1] c.p.ficc.app.FiccRunRequestWorker        : Starting surveillance run request worker.
2026-06-12T12:13:01.502+09:00  INFO 16804 --- [scheduling-1] c.p.ficc.app.FiccRunRequestWorker        : No pending or failed surveillance run request found.
2026-06-12T12:13:03.479+09:00  INFO 16804 --- [RMI TCP Connection(67)-127.0.0.1] inMXBeanRegistrar$SpringApplicationAdmin : Application shutdown requested.
